Occurrences,Rank,Lemma,POS,SAMER  Avg,MSA-DA,Class,Syllable Count,MSA-DA Score,Rank Score,Class Score,Compound Score,BAREC Level E1,numeric barec level
"335,409",1,فِي,prep,1,D=,Closed,1,1,1,1,9,أ,1
"270,096",2,مِنْ,prep,1,D=,Closed,1,1,1,1,9,أ,1
"181,283",3,أَنَّ,conj_sub,2,D~,Closed,1,2,1,1,18,و,6
"178,560",4,عَلَى,prep,1,D=,Closed,2,1,1,1,10,ب,2
"157,818",5,إِلَى,prep,1,D~,Closed,2,2,1,1,11,ج,3
"118,356",6,كَان,verb,1,D=,Closed,2,1,1,1,10,ب,2
"102,603",7,قَال,verb,1,D~,Open,2,2,1,2,12,ج,3
"99,163",8,هَٰذَا,pron_dem,1,D~,Closed,2,2,1,1,11,ج,3
"94,906",9,الَّذِي,pron_rel,3,MSA,Closed,3,4,1,1,34,ل,12
"78,047",10,لَا,interj,1,D~,Closed,1,2,1,1,10,ب,2
"73,893",11,أَنْ,conj_sub,2,MSA,Closed,1,4,1,1,22,ح,8
"72,000",12,مَا,pron_rel,3,MSA,Closed,1,4,1,1,32,ك,11
"66,422",13,ذَٰلِكَ,pron_dem,2,MSA,Closed,3,4,1,1,24,ط,9
"66,261",14,لِ,prep,1,D~,Closed,1,2,1,1,10,ب,2
"62,058",15,عَنْ,prep,1,D=,Closed,1,1,1,1,9,أ,1
"59,640",16,قَدْ,part_verb,3,MSA,Closed,1,4,1,1,32,ك,11
"50,479",17,لَمْ,part_neg,2,MSA,Closed,1,4,1,1,22,ح,8
"41,655",18,مَع,noun,1,D=,Closed,1,1,1,1,9,أ,1
"40,667",19,هُوَ,pron,1,D~,Closed,2,2,1,1,11,ج,3
"36,166",20,بِ,prep,1,D=,Closed,1,1,1,1,9,أ,1
"34,796",21,كُلّ,noun_quant,1,D=,Closed,1,1,1,1,9,أ,1
"33,605",22,إِنَّ,verb_pseudo,3,MSA,Closed,2,4,1,1,33,ل,12
"32,297",23,بَيْن,noun,1,D~,Closed,1,2,1,1,10,ب,2
"31,706",24,بَعْد,noun,1,D=,Closed,1,1,1,1,9,أ,1
"29,980",25,رَأَى,verb,1,MSA,Open,2,4,1,2,14,د,4
"26,582",26,يَوْم,noun,1,D=,Open,1,1,1,2,10,ب,2
"26,093",27,أَوْ,conj,1,D=,Closed,1,1,1,1,9,أ,1
"25,648",28,يَا,part_voc,1,D=,Closed,1,1,1,1,9,أ,1
"24,817",29,ثُمَّ,conj,2,MSA,Closed,2,4,1,1,23,ط,9
"24,663",30,لَٰكِنْ,conj,2,MSA,Closed,3,4,1,1,24,ط,9
"24,622",31,نَفْس,noun,1,D=,Open,1,1,1,2,10,ب,2
"24,472",32,رَئِيس,noun,1,D~,Open,2,2,1,2,12,ج,3
"23,327",33,إِذَاً,adv,1,D~,Closed,2,2,1,1,11,ج,3
"23,285",34,هِيَ,pron,1,D~,Closed,2,2,1,1,11,ج,3
"20,568",35,أَمْر,noun,2,D~,Open,1,2,1,2,20,ز,7
"20,053",36,أَوَّل,adj_num,1,D=,Closed,2,1,1,1,10,ب,2
"19,921",37,غَيْر,noun,2,D=,Closed,1,1,1,1,16,ه,5
"18,621",38,رَجُل,noun,1,D~,Open,1,2,1,2,11,ج,3
"17,389",39,عِنْد,noun,1,D=,Closed,1,1,1,1,9,أ,1
"15,973",40,عَام,noun,2,MSA,Open,1,4,1,2,24,ط,9
"15,410",41,دَوْلَة,noun,1,D~,Open,2,2,1,2,12,ج,3
"14,757",42,شَيْء,noun,1,D~,Open,1,2,1,2,11,ج,3
"14,736",43,يَد,noun,1,D~,Open,1,2,1,2,11,ج,3
"14,632",44,عَمَل,noun,1,MSA,Open,2,4,1,2,14,د,4
"14,559",45,إِلَّا,prep,1,D=,Closed,2,1,1,1,10,ب,2
"14,558",46,إِنْ,conj_sub,2,MSA,Closed,1,4,1,1,22,ح,8
"14,076",47,عَرَف,verb,1,D~,Open,3,2,1,2,13,د,4
"14,071",48,عَاد,verb,1,MSA,Open,2,4,1,2,14,د,4
"13,644",49,عَدَد,noun,1,D~,Open,2,2,1,2,12,ج,3
"13,592",50,بَعْض,noun_quant,1,MSA,Closed,1,4,1,1,12,ج,3
"13,228",51,أَرَاد,verb,1,MSA,Open,3,4,1,2,15,ه,5
"13,080",52,وَزِير,noun,3,D=,Open,2,1,1,2,27,ي,10
"13,062",53,لَا,interj,1,MSA,Closed,1,4,1,1,12,ج,3
"13,013",54,أَحَد,noun,1,D~,Open,2,2,1,2,12,ج,3
"12,810",55,قُوَّة,noun,1,D~,Open,2,2,1,2,12,ج,3
"12,518",56,سَنَة,noun,1,D=,Open,2,1,1,2,11,ج,3
"12,281",57,لَيْسَ,verb,1,MSA,Closed,2,4,1,1,13,د,4
"12,273",58,قَبْل,noun,1,D~,Closed,1,2,1,1,10,ب,2
"11,824",59,ٱِبْن,noun,1,D=,Open,1,1,1,2,10,ب,2
"11,720",60,خِلَال,noun,2,MSA,Closed,2,4,1,1,23,ط,9
"11,719",61,أَنَا,pron,1,D=,Closed,2,1,1,1,10,ب,2
"11,653",62,آن,noun,4,MSA,Open,1,4,1,2,46,ن,14
"11,469",63,تَمّ,verb,3,MSA,Open,2,4,1,2,36,ل,12
"11,194",64,ثَانِي,adj_num,1,D~,Closed,2,2,1,1,11,ج,3
"11,063",65,مَجْلِس,noun,4,D=,Open,2,1,1,2,35,ل,12
"10,909",66,بَلَد,noun,1,D=,Open,2,1,1,2,11,ج,3
"10,745",67,آخَر,adj_comp,1,MSA,Open,2,4,1,2,14,د,4
"10,729",68,جَدِيد,adj,1,D~,Open,2,2,1,2,12,ج,3
"10,679",69,أَمَّا,part_focus,3,MSA,Closed,2,4,1,1,33,ل,12
"10,661",70,حِين,noun,3,MSA,Closed,1,4,1,1,32,ك,11
"10,494",71,مِثْل,noun,1,D~,Closed,1,2,1,1,10,ب,2
"10,397",72,حَتَّى,conj_sub,1,D=,Closed,2,1,1,1,10,ب,2
"10,385",73,مُنْذُ,prep,2,MSA,Closed,2,4,1,1,23,ط,9
"10,373",74,مَا,pron_rel,3,MSA,Closed,1,4,1,1,32,ك,11
"10,327",75,لَٰكِنْ,conj,2,D=,Closed,2,1,1,1,17,و,6
"10,305",76,وَجَد,verb,1,MSA,Open,3,4,1,2,15,ه,5
"10,283",77,حَيْثُ,adv_rel,3,MSA,Closed,2,4,1,1,33,ل,12
"10,282",78,كَبِير,adj,1,D=,Open,2,1,1,2,11,ج,3
"10,234",79,هَلْ,part_interrog,1,MSA,Closed,1,4,1,1,12,ج,3
"10,206",80,أَيّ,noun_quant,1,D=,Closed,1,1,1,1,9,أ,1
"10,152",81,حَتَّى,prep,1,D=,Closed,2,1,1,1,10,ب,2
"10,030",82,عَلِم,verb,1,MSA,Open,3,4,1,2,15,ه,5
"10,007",83,ٱِسْم,noun,1,D=,Open,1,1,1,2,10,ب,2
"9,951",84,مَا,part_neg,1,D=,Closed,2,1,1,1,10,ب,2
"9,929",85,سَمِع,verb,1,D=,Open,3,1,1,2,12,ج,3
"9,718",86,بَاب,noun,1,D=,Open,1,1,1,2,10,ب,2
"9,718",86,عَيْن,noun,1,D=,Open,1,1,1,2,10,ب,2
"9,710",88,جَمِيع,noun_quant,1,MSA,Closed,2,4,1,1,13,د,4
"9,514",89,حَيَاة,noun,1,D=,Open,2,1,1,2,11,ج,3
"9,493",90,أَمَام,noun,1,MSA,Closed,2,4,1,1,13,د,4
"9,431",91,جَاء,verb,1,D~,Open,2,2,1,2,12,ج,3
"9,397",92,كَثِير,adj,1,D~,Open,2,2,1,2,12,ج,3
"9,338",93,قَلْب,noun,1,D~,Open,1,2,1,2,11,ج,3
"9,318",94,حُكُومَة,noun,2,D=,Open,3,1,1,2,20,ز,7
"9,299",95,هُنَاكَ,adv,1,D~,Closed,3,2,1,1,12,ج,3
"9,160",96,سَاعَة,noun,1,D=,Open,2,1,1,2,11,ج,3
"8,970",97,آخَر,adj_comp,3,MSA,Open,2,4,1,2,36,ل,12
"8,733",98,سَبَب,noun,1,D=,Open,2,1,1,2,11,ج,3
"8,709",99,بَلْ,conj,3,MSA,Closed,1,4,1,1,32,ك,11
"8,700",100,وَاحِد,noun_num,1,D=,Closed,2,1,1,1,10,ب,2
"8,646",101,حَوَّل,verb,1,MSA,Closed,1,4,1,1,12,ج,3
"8,602",102,طَرِيق,noun,1,D=,Open,2,1,1,2,11,ج,3
"8,581",103,مِنْطَقَة,noun,2,D=,Open,3,1,1,2,20,ز,7
"8,575",104,دَخَل,verb,1,MSA,Open,3,4,1,2,15,ه,5
"8,489",105,مَدِينَة,noun,1,D=,Open,3,1,1,2,12,ج,3
"8,446",106,أَكْثَر,adj_comp,1,D~,Open,2,2,1,2,12,ج,3
"8,396",107,ذَهَب,verb,1,MSA,Open,3,4,1,2,15,ه,5
"8,387",108,جَانِب,noun,2,D~,Open,2,2,1,2,21,ح,8
"8,310",109,دُون,noun,4,MSA,Closed,1,4,1,1,42,ن,14
"8,309",110,أَرْض,noun,1,D=,Open,1,1,1,2,10,ب,2
"8,285",111,حَقّ,noun,2,D~,Open,1,2,1,2,20,ز,7
"8,205",112,زَال,verb,3,MSA,Closed,2,4,1,1,33,ل,12
"8,072",113,وَجْه,noun,1,D=,Open,1,1,1,2,10,ب,2
"8,057",114,نَاس,noun,1,D=,Open,1,1,1,2,10,ب,2
"8,056",115,أَكَّد,verb,2,D=,Open,2,1,1,2,19,ز,7
"8,046",116,حَال,noun,1,D=,Open,1,1,1,2,10,ب,2
"8,021",117,عَام,noun,3,MSA,Open,1,4,1,2,35,ل,12
"7,808",118,شَأْن,noun,3,D~,Open,1,2,1,2,29,ك,11
"7,786",119,وَقْت,noun,1,D~,Closed,1,2,1,1,10,ب,2
"7,785",120,عَمَلِيَّة,noun,1,D=,Open,4,1,1,2,13,د,4
"7,706",121,مُتَّحِد,adj,3,MSA,Open,3,4,1,2,37,م,13
"7,684",122,نَظَر,verb,1,MSA,Open,3,4,1,2,15,ه,5
"7,672",123,نَحْو,noun,4,MSA,Closed,1,4,1,1,42,ن,14
"7,633",124,ٱِسْتَطَاع,verb,1,MSA,Open,4,4,1,2,16,ه,5
"7,616",125,أَيْضَاً,adv,1,MSA,Closed,2,4,2,1,14,د,4
"7,583",126,أَنْتَ,pron,1,D=,Closed,2,1,2,1,11,ج,3
"7,581",127,أَخَذ,verb,1,D=,Open,2,1,2,2,12,ج,3
"7,539",128,خَرَج,verb,1,D~,Open,3,2,2,2,14,د,4
"7,522",129,عَالَم,noun,1,D=,Open,2,1,2,2,12,ج,3
"7,505",130,أَمْس,noun,1,MSA,Open,1,4,2,2,14,د,4
"7,504",131,رَأْس,noun,1,D~,Open,1,2,2,2,12,ج,3
"7,471",132,دُوَلِيّ,adj,3,D=,Open,2,1,2,2,28,ي,10
"7,379",133,شَرِكَة,noun,1,D=,Open,3,1,2,2,13,د,4
"7,362",134,ذَكَر,verb,2,D=,Open,3,1,2,2,21,ح,8
"7,317",135,وَ,conj,1,D=,Closed,1,1,2,1,10,ب,2
"7,241",136,وَصَل,verb,1,D=,Open,3,1,2,2,13,د,4
"7,227",137,قَام,verb,2,D~,Open,2,2,2,2,22,ح,8
"7,226",138,صَاحِب,noun,1,D=,Open,2,1,2,2,12,ج,3
"7,221",139,مَنْزِل,noun,1,MSA,Open,2,4,2,2,15,ه,5
"7,190",140,أَعْلَن,verb,3,MSA,Open,2,4,2,2,37,م,13
"7,150",141,دَعَا,verb,2,MSA,Open,2,4,2,2,26,ي,10
"7,127",142,لَوْ,conj_sub,1,D=,Closed,1,1,2,1,10,ب,2
"7,125",143,مَرَّة,noun,1,D=,Open,2,1,2,2,12,ج,3
"7,101",144,مَاضِي,adj,3,MSA,Open,2,4,2,2,37,م,13
"7,074",145,مَكَان,noun,1,D=,Open,2,1,2,2,12,ج,3
"7,046",146,ثَلَاث,noun_num,1,D~,Closed,2,2,2,1,12,ج,3
"7,019",147,لَدَى,noun,3,MSA,Closed,2,4,2,1,34,ل,12
"6,999",148,أَلْف,noun_num,1,D=,Closed,1,1,2,1,10,ب,2
"6,989",149,أَضَاف,verb,2,MSA,Open,3,4,2,2,27,ي,10
"6,948",150,صَوْت,noun,3,D=,Open,1,1,2,2,27,ي,10
"6,810",151,ذُو,noun,3,MSA,Open,1,4,2,2,36,ل,12
"6,736",152,بَقِي,verb,1,D~,Open,3,2,2,2,14,د,4
"6,690",153,خَاصّ,adj,2,D=,Open,1,1,2,2,19,ز,7
"6,666",154,شَرْق,noun,2,D~,Open,1,2,2,2,21,ح,8
"6,661",155,أَمْكَن,verb,3,D=,Open,2,1,2,2,28,ي,10
"6,645",156,وِلَايَة,noun,4,D=,Open,3,1,2,2,37,م,13
"6,636",157,أَتَى,verb,2,MSA,Open,2,4,2,2,26,ي,10
"6,633",158,سِيَاسِيّ,noun,4,D=,Open,3,1,2,2,37,م,13
"6,604",159,غُرْفَة,noun,1,MSA,Open,2,4,2,2,15,ه,5
"6,482",160,أَشَار,verb,4,D~,Open,3,2,2,2,41,م,13
"6,458",161,أَصْبَح,verb,2,D=,Closed,2,1,2,1,18,و,6
"6,428",162,سَأَل,verb,1,D=,Open,2,1,2,2,12,ج,3
"6,369",163,جَعَل,verb,1,MSA,Open,3,4,2,2,16,ه,5
"6,331",164,شَهْر,noun,1,D=,Open,1,1,2,2,11,ج,3
"6,324",165,بَلَغ,verb,3,MSA,Open,3,4,2,2,38,م,13
"6,311",166,بَيْت,noun,1,D=,Open,1,1,2,2,11,ج,3
"6,298",167,وَضْع,noun,2,MSA,Open,1,4,2,2,25,ط,9
"6,287",168,حَدِيث,noun,1,D=,Open,2,1,2,2,12,ج,3
"6,265",169,أَخِير,adj,2,D=,Open,2,1,2,2,20,ز,7
"6,222",170,نَظَر,noun,1,MSA,Open,2,4,2,2,15,ه,5
"6,205",171,مَاذَا,pron_rel,1,MSA,Closed,2,4,2,1,14,د,4
"6,162",172,هَدَف,noun,1,D=,Open,2,1,2,2,12,ج,3
"6,142",173,كَمَا,conj,3,MSA,Closed,2,4,2,1,34,ل,12
"6,141",174,أَحَد,noun_num,1,D=,Closed,2,1,2,1,11,ج,3
"6,121",175,أَجَاب,verb,2,D=,Open,3,1,2,2,21,ح,8
"6,096",176,ٱِتِّحَاد,noun_prop,3,D=,Open,3,1,2,2,29,ك,11
"6,008",177,هُنَا,adv,1,D~,Closed,2,2,2,1,12,ج,3
"6,007",178,نَعَم,interj,1,D=,Closed,2,1,2,1,11,ج,3
"5,993",179,أَب,noun,1,D=,Open,1,1,2,2,11,ج,3
"5,958",180,سَابِق,adj,3,D~,Open,2,2,2,2,31,ك,11
"5,938",181,ٱِنْتِخَاب,noun,3,D=,Open,3,1,2,2,29,ك,11
"5,868",182,كِتَاب,noun,1,D=,Open,2,1,2,2,12,ج,3
"5,838",183,أَهْل,noun,1,D=,Open,1,1,2,2,11,ج,3
"5,802",184,حُبّ,noun,1,D=,Open,1,1,2,2,11,ج,3
"5,801",185,قَتَل,verb,1,D=,Open,3,1,2,2,13,د,4
"5,781",186,أَحَبّ,verb,1,D=,Open,2,1,2,2,12,ج,3
"5,781",186,هُم,pron,2,D=,Closed,1,1,2,1,17,و,6
"5,731",188,حَرَكَة,noun,1,D=,Open,3,1,2,2,13,د,4
"5,730",189,أَكْبَر,adj_comp,1,D=,Open,2,1,2,2,12,ج,3
"5,697",190,مَشْرُوع,noun,2,D=,Open,2,1,2,2,20,ز,7
"5,686",191,قَوْل,noun,3,D~,Open,1,2,2,2,30,ك,11
"5,668",192,فَعَل,verb,1,MSA,Open,3,4,2,2,16,ه,5
"5,628",193,حَرْب,noun,1,D=,Open,1,1,2,2,11,ج,3
"5,625",194,حَدّ,noun,3,MSA,Open,1,4,2,2,36,ل,12
"5,583",195,سَيِّدَة,noun,1,MSA,Open,3,4,2,2,16,ه,5
"5,575",196,مَلِك,noun,1,D=,Open,1,1,2,2,11,ج,3
"5,575",196,فَتَى,noun,1,MSA,Open,2,4,2,2,15,ه,5
"5,561",198,إِذْ,conj_sub,3,MSA,Closed,1,4,2,1,33,ل,12
"5,533",199,رَأْي,noun,2,D=,Open,1,1,2,2,19,ز,7
"5,497",200,دَوْر,noun,3,D=,Open,1,1,2,2,27,ي,10
"5,462",201,مِلْيُون,noun_num,3,D=,Closed,2,1,2,1,25,ط,9
"5,431",202,مَال,noun,1,MSA,Open,1,4,2,2,14,د,4
"5,419",203,شَخْص,noun,1,D=,Open,1,1,2,2,11,ج,3
"5,387",204,كَلَام,noun,1,D=,Open,2,1,2,2,12,ج,3
"5,355",205,طَلَب,verb,1,D=,Open,3,1,2,2,13,د,4
"5,345",206,قَصْر,noun,1,D~,Open,1,2,2,2,12,ج,3
"5,345",206,قَائِل,noun,2,D~,Open,2,2,2,2,22,ح,8
"5,332",208,جَيْش,noun,1,D=,Open,1,1,2,2,11,ج,3
"5,302",209,فِيمَا,conj_sub,4,MSA,Closed,2,4,2,1,44,ن,14
"5,254",210,أَمْن,noun,1,D=,Open,1,1,2,2,11,ج,3
"5,208",211,حِزْب,noun,4,D=,Open,1,1,2,2,35,ل,12
"5,181",212,قِطَاع,noun,4,D~,Open,2,2,2,2,40,م,13
"5,101",213,بَدَأ,verb,1,D~,Open,2,2,2,2,13,د,4
"5,076",214,صُورَة,noun,1,D=,Open,2,1,2,2,12,ج,3
"5,037",215,فَرِيق,noun,1,D~,Open,2,2,2,2,13,د,4
"5,007",216,وِزَارَة,noun,3,D=,Open,3,1,2,2,29,ك,11
"4,990",217,لَنْ,part_neg,2,MSA,Closed,1,4,2,1,23,ط,9
"4,963",218,قَدَّم,verb,1,D~,Open,3,2,2,2,14,د,4
"4,926",219,أَوْسَط,adj_comp,2,D=,Open,2,1,2,2,20,ز,7
"4,912",220,أَجْل,noun,5,D~,Open,1,2,2,2,48,س,15
"4,909",221,وَقَع,verb,1,D~,Open,3,2,2,2,14,د,4
"4,897",222,طِفْل,noun,1,D=,Open,1,1,2,2,11,ج,3
"4,885",223,خَارِجِيّ,adj,2,D=,Open,3,1,2,2,21,ح,8
"4,866",224,مَرْكَز,noun,2,D=,Open,2,1,2,2,20,ز,7
"4,861",225,إِنْسَان,noun,1,D=,Open,2,1,2,2,12,ج,3
"4,857",226,مِئَة,noun_num,1,D~,Closed,2,2,2,1,12,ج,3
"4,845",227,أَخ,noun,1,D=,Open,1,1,2,2,11,ج,3
"4,808",228,ظَنّ,verb,3,D~,Open,2,2,2,2,31,ك,11
"4,796",229,نِسْبَة,noun,3,D~,Open,2,2,2,2,31,ك,11
"4,770",230,تَحْقِيق,noun,2,D~,Open,2,2,2,2,22,ح,8
"4,737",231,وَالِد,noun,1,D=,Open,2,1,2,2,12,ج,3
"4,726",232,قَضِيَّة,noun,3,D~,Open,3,2,2,2,32,ك,11
"4,715",233,وَجَب,verb,3,MSA,Open,3,4,2,2,38,م,13
"4,714",234,حَمَل,verb,1,D=,Open,3,1,2,2,13,د,4
"4,701",235,مَسْؤُول,noun,3,D=,Open,2,1,2,2,28,ي,10
"4,696",236,كَأَنَّ,verb_pseudo,1,D=,Closed,3,1,2,1,12,ج,3
"4,693",237,صَدِيق,noun,1,D~,Open,2,2,2,2,13,د,4
"4,676",238,خِدْمَة,noun,2,D=,Open,2,1,2,2,20,ز,7
"4,670",239,بَدَأ,verb,4,MSA,Open,2,4,2,2,48,س,15
"4,658",240,كَاد,verb,4,MSA,Open,2,4,2,2,48,س,15
"4,655",241,ذَات,noun,4,D~,Open,1,2,2,2,39,م,13
"4,591",242,شَكْل,noun,1,D=,Open,1,1,2,2,11,ج,3
"4,584",243,حَال,noun,3,MSA,Open,2,4,2,2,37,م,13
"4,576",244,وَطَنِيّ,adj,2,D=,Open,3,1,2,2,21,ح,8
"4,562",245,نَائِب,noun,3,D~,Open,2,2,2,2,31,ك,11
"4,553",246,جِهَة,noun,2,D=,Open,2,1,2,2,20,ز,7
"4,551",247,سُلْطَة,noun,3,D=,Open,2,1,2,2,28,ي,10
"4,540",248,زِيَارَة,noun,1,D=,Open,3,1,2,2,13,د,4
"4,529",249,عَلَاقَة,noun,1,D~,Open,3,2,2,2,14,د,4
"4,510",250,أُمّ,noun,1,D=,Open,1,1,2,2,11,ج,3
"4,508",251,وِكَالَة,noun,4,D=,Open,3,1,2,2,37,م,13
"4,506",252,نُقْطَة,noun,1,D=,Open,2,1,2,2,12,ج,3
"4,501",253,قَرَار,noun,2,D~,Open,2,2,2,2,22,ح,8
"4,489",254,مَصْدَر,noun,3,D=,Open,2,1,2,2,28,ي,10
"4,486",255,رَغْم,noun,3,D=,Closed,1,1,2,1,24,ط,9
"4,483",256,إِنَّمَا,part_restrict,4,MSA,Closed,3,4,2,1,45,ن,14
"4,477",257,تَحْت,noun,1,D=,Closed,1,1,2,1,10,ب,2
"4,457",258,عَدَم,noun,4,D=,Open,2,1,2,2,36,ل,12
"4,453",259,حُكْم,noun,3,D=,Open,1,1,2,2,27,ي,10
"4,449",260,دُولَار,noun,2,D=,Open,2,1,2,2,20,ز,7
"4,447",261,عُضْو,noun,2,D=,Open,1,1,2,2,19,ز,7
"4,426",262,نِظَام,noun,1,D~,Open,2,2,2,2,13,د,4
"4,425",263,نَتِيجَة,noun,1,D=,Open,3,1,2,2,13,د,4
"4,424",264,شَعْب,noun,1,D=,Open,1,1,2,2,11,ج,3
"4,406",265,أُمَّة,noun,3,D=,Open,2,1,2,2,28,ي,10
"4,398",266,مُقْبِل,adj,3,MSA,Open,2,4,2,2,37,م,13
"4,393",267,ٱِعْتَبَر,verb,2,D=,Open,3,1,2,2,21,ح,8
"4,389",268,كَلِمَة,noun,1,D=,Open,3,1,2,2,13,د,4
"4,367",269,زَاد,verb,1,D=,Open,2,1,2,2,12,ج,3
"4,367",269,سَلَام,noun,2,D=,Open,2,1,2,2,20,ز,7
"4,355",271,وَقَف,verb,1,D~,Open,3,2,2,2,14,د,4
"4,348",272,كَيْفَ,adv_rel,2,D=,Closed,2,1,2,1,18,و,6
"4,329",273,شَدِيد,adj,1,MSA,Open,2,4,2,2,15,ه,5
"4,322",274,حَدَث,verb,1,D~,Open,3,2,2,2,14,د,4
"4,317",275,إِدَارَة,noun,1,D=,Open,3,1,2,2,13,د,4
"4,313",276,نَحْنُ,pron,1,D~,Closed,2,2,2,1,12,ج,3
"4,309",277,مَجْمُوعَة,noun,1,D=,Open,3,1,2,2,13,د,4
"4,282",278,عِلْم,noun,1,D=,Open,1,1,2,2,11,ج,3
"4,230",279,سِرّ,noun,1,D=,Open,1,1,2,2,11,ج,3
"4,223",280,طَوِيل,adj,1,D=,Open,2,1,2,2,12,ج,3
"4,210",281,أَقَام,verb,3,MSA,Open,3,4,2,2,38,م,13
"4,181",282,كَتَب,verb,1,D=,Open,3,1,2,2,13,د,4
"4,163",283,لَيْلَة,noun,1,D=,Open,2,1,2,2,12,ج,3
"4,159",284,حَسَب,noun,2,D=,Open,1,1,2,2,19,ز,7
"4,146",285,وُجُود,noun,2,D=,Open,2,1,2,2,20,ز,7
"4,145",286,حَالَة,noun,2,D=,Open,2,1,2,2,20,ز,7
"4,126",287,أَيْنَ,adv_rel,1,MSA,Closed,2,4,2,1,14,د,4
"4,105",288,وَضَع,verb,1,MSA,Open,3,4,2,2,16,ه,5
"4,086",289,عَسْكَرِيّ,adj,3,D=,Open,3,1,2,2,29,ك,11
"4,073",290,لِقَاء,noun,2,MSA,Open,2,4,2,2,26,ي,10
"4,061",291,شَعَر,verb,1,MSA,Open,3,4,2,2,16,ه,5
"4,055",292,نَادِي,noun,1,D=,Open,2,1,2,2,12,ج,3
"4,051",293,مُؤْتَمَر,noun,4,D=,Open,3,1,2,2,37,م,13
"4,043",294,قَائِد,noun,2,MSA,Open,2,4,2,2,26,ي,10
"4,020",295,وَرَق,noun,1,D~,Open,2,2,2,2,13,د,4
"4,017",296,مَاء,noun,1,D~,Open,1,2,2,2,12,ج,3
"3,998",297,جِدّ,noun,3,D=,Open,1,1,2,2,27,ي,10
"3,991",298,قَانُون,noun,3,D=,Open,2,1,2,2,28,ي,10
"3,975",299,سَبِيل,noun,3,D=,Open,2,1,2,2,28,ي,10
"3,970",300,ثَالِث,adj_num,1,D~,Closed,2,2,2,1,12,ج,3
"3,967",301,حَقِيقَة,noun,1,D~,Open,3,2,2,2,14,د,4
"3,962",302,بُدّ,noun,4,MSA,Open,1,4,2,2,47,ن,14
"3,949",303,مُبَارَاة,noun,1,D=,Open,3,1,2,2,13,د,4
"3,941",304,ٱِنْتَظَر,verb,1,MSA,Open,3,4,2,2,16,ه,5
"3,940",305,مَرْحَلَة,noun,3,D=,Open,3,1,2,2,29,ك,11
"3,939",306,مَا,pron_rel,1,MSA,Closed,1,4,2,1,13,د,4
"3,936",307,تَرَك,verb,1,D=,Open,3,1,2,2,13,د,4
"3,933",308,سُوق,noun,1,D=,Open,1,1,2,2,11,ج,3
"3,932",309,لَجْنَة,noun,2,D=,Open,2,1,2,2,20,ز,7
"3,932",309,طَرَف,noun,4,D=,Open,2,1,2,2,36,ل,12
"3,931",311,سَار,verb,2,MSA,Open,2,4,2,2,26,ي,10
"3,923",312,دَاخِل,noun,1,MSA,Closed,2,4,2,1,14,د,4
"3,916",313,وَرَاء,noun,1,D~,Closed,2,2,2,1,12,ج,3
"3,913",314,أَصَاب,verb,2,MSA,Open,3,4,2,2,27,ي,10
"3,900",315,إِلَّا,prep,1,D=,Closed,2,1,2,1,11,ج,3
"3,887",316,ٱِجْتِمَاع,noun,1,D=,Open,3,1,2,2,13,د,4
"3,862",317,دَار,verb,2,D=,Open,1,1,2,2,19,ز,7
"3,861",318,ٱِتِّفَاق,noun,1,D~,Open,3,2,2,2,14,د,4
"3,859",319,عَالَم,noun,3,D=,Open,3,1,2,2,29,ك,11
"3,850",320,زَوْج,noun,1,D=,Open,1,1,2,2,11,ج,3
"3,848",321,بَرْنَامَج,noun,1,D=,Open,3,1,2,2,13,د,4
"3,846",322,رِسَالَة,noun,1,D=,Open,3,1,2,2,13,د,4
"3,844",323,سِعْر,noun,1,D=,Open,1,1,2,2,11,ج,3
"3,829",324,فَوْق,noun,1,D~,Closed,1,2,2,1,11,ج,3
"3,828",325,ٱِقْتِصَادِيّ,adj,3,D=,Open,4,1,2,2,30,ك,11
"3,824",326,قَدَم,noun,1,MSA,Open,2,4,2,2,15,ه,5
"3,820",327,حَاوَل,verb,1,MSA,Open,2,4,2,2,15,ه,5
"3,804",328,جَرَى,verb,2,MSA,Open,2,4,2,2,26,ي,10
"3,798",329,كَيْفَ,adv_rel,2,D=,Closed,2,1,2,1,18,و,6
"3,797",330,مَوْقِف,noun,2,D=,Open,2,1,2,2,20,ز,7
"3,768",331,حَتَّى,part,1,D=,Closed,2,1,2,1,11,ج,3
"3,752",332,شَارِع,noun,1,D=,Open,2,1,2,2,12,ج,3
"3,748",333,مَالِي,noun_prop,4,D=,Open,2,1,2,2,36,ل,12
"3,748",333,جَلَس,verb,1,MSA,Open,3,4,2,2,16,ه,5
"3,740",335,سَيَّارَة,noun,1,D=,Open,3,1,2,2,13,د,4
"3,739",336,مُسْتَوَى,noun,1,D=,Open,3,1,2,2,13,د,4
"3,737",337,عَمِل,verb,1,D=,Open,3,1,2,2,13,د,4
"3,714",338,صَغِير,adj,1,D~,Open,2,2,2,2,13,د,4
"3,706",339,سِيَاسَة,noun,4,D=,Open,3,1,2,2,37,م,13
"3,700",340,أُسْبُوع,noun,1,D=,Open,2,1,2,2,12,ج,3
"3,683",341,عَامِل,noun,1,MSA,Open,2,4,2,2,15,ه,5
"3,656",342,بَيَان,noun,3,MSA,Open,2,4,2,2,37,م,13
"3,648",343,فُرْصَة,noun,2,D=,Open,2,1,2,2,20,ز,7
"3,586",344,كُرَة,noun,1,D=,Open,2,1,2,2,12,ج,3
"3,574",345,بَحْث,noun,3,D~,Open,1,2,2,2,30,ك,11
"3,572",346,مَجَال,noun,4,D=,Open,2,1,2,2,36,ل,12
"3,557",347,شُرْطَة,noun,1,D=,Open,2,1,2,2,12,ج,3
"3,553",348,مَوْت,noun,1,D=,Open,1,1,2,2,11,ج,3
"3,550",349,قَضَى,verb,3,MSA,Open,2,4,2,2,37,م,13
"3,540",350,مَرْأَة,noun,1,MSA,Open,2,4,2,2,15,ه,5
"3,528",351,غَد,noun,1,MSA,Open,1,4,2,2,14,د,4
"3,519",352,خَبَر,noun,1,D=,Open,2,1,2,2,12,ج,3
"3,500",353,شَهِد,verb,3,D=,Open,3,1,2,2,29,ك,11
"3,499",354,كَيْ,conj_sub,3,MSA,Closed,1,4,2,1,33,ل,12
"3,485",355,حَلّ,noun,1,D=,Open,1,1,2,2,11,ج,3
"3,470",356,لَيْل,noun,1,D=,Open,1,1,2,2,11,ج,3
"3,459",357,أَدَّى,verb,3,MSA,Open,2,4,2,2,37,م,13
"3,449",358,أَمْنِيّ,adj,3,D=,Open,3,1,2,2,29,ك,11
"3,441",359,أَمْ,conj,1,MSA,Closed,1,4,2,1,13,د,4
"3,432",360,ضِدّ,noun,3,D=,Closed,1,1,2,1,24,ط,9
"3,430",361,عَهْد,noun,4,MSA,Open,1,4,2,2,47,ن,14
"3,427",362,شَمَال,noun,2,D=,Open,2,1,2,2,20,ز,7
"3,426",363,فَوْز,noun,1,MSA,Open,1,4,2,2,14,د,4
"3,420",364,جَامِعَة,noun,1,D=,Open,3,1,2,2,13,د,4
"3,405",365,شَاء,verb,3,MSA,Open,2,4,2,2,37,م,13
"3,403",366,دَفَع,verb,1,D=,Open,3,1,2,2,13,د,4
"3,402",367,تَعَاوُن,noun,1,D=,Open,3,1,2,2,13,د,4
"3,393",368,صُبَاح,noun_prop,1,D=,Open,2,1,2,2,12,ج,3
"3,392",369,خَمْس,noun_num,1,D=,Closed,1,1,2,1,10,ب,2
"3,390",370,فَصْل,noun,1,D=,Open,1,1,2,2,11,ج,3
"3,389",371,جُنْدِيّ,noun,1,D=,Open,2,1,2,2,12,ج,3
"3,388",372,مُشْكِلَة,noun,1,D=,Open,3,1,2,2,13,د,4
"3,384",373,عَظِيم,adj,2,D=,Open,2,1,2,2,20,ز,7
"3,380",374,شَبّ,noun,2,MSA,Open,1,4,2,2,25,ط,9
"3,358",375,أَلْقَى,verb,1,MSA,Open,2,4,3,2,16,ه,5
"3,346",376,أَقَلّ,adj_comp,1,D=,Open,2,1,3,2,13,د,4
"3,337",377,أَوْضَح,verb,3,D~,Open,2,2,3,2,32,ك,11
"3,330",378,خَارِج,noun,1,MSA,Closed,2,4,3,1,15,ه,5
"3,328",379,مُنَظَّمَة,noun,4,D=,Open,4,1,3,2,39,م,13
"3,319",380,تَقَدَّم,verb,3,MSA,Open,2,4,3,2,38,م,13
"3,309",381,قَلِيل,adj,1,D~,Open,2,2,3,2,14,د,4
"3,306",382,إِجْرَاء,noun,4,MSA,Open,2,4,3,2,49,س,15
"3,298",383,مُؤَسَّسَة,noun,4,D=,Open,4,1,3,2,39,م,13
"3,294",384,دِفَاع,noun,2,D=,Open,2,1,3,2,21,ح,8
"3,288",385,بِنَاء,noun,2,MSA,Open,2,4,3,2,27,ي,10
"3,283",386,فَتْرَة,noun,1,D=,Open,2,1,3,2,13,د,4
"3,265",387,خَادِم,noun,2,D=,Open,2,1,3,2,21,ح,8
"3,258",388,نِهَايَة,noun,1,D=,Open,3,1,3,2,14,د,4
"3,246",389,أَرْبَع,noun_num,1,D=,Closed,2,1,3,1,12,ج,3
"3,240",390,حُجَّة,noun,1,D=,Open,2,1,3,2,13,د,4
"3,237",391,سِوَى,noun,4,MSA,Open,2,4,3,2,49,س,15
"3,235",392,أَزْمَة,noun,3,D=,Open,2,1,3,2,29,ك,11
"3,231",393,رَسْمِيّ,adj,3,D=,Open,2,1,3,2,29,ك,11
"3,215",394,فِعْل,noun,2,MSA,Open,1,4,3,2,26,ي,10
"3,209",395,وَلَد,noun,1,D=,Open,2,1,3,2,13,د,4
"3,204",396,صَاح,verb,2,MSA,Open,2,4,3,2,27,ي,10
"3,202",397,تَحَدَّث,verb,1,D~,Open,2,2,3,2,14,د,4
"3,201",398,نَوَوِيّ,adj,4,D=,Open,3,1,3,2,38,م,13
"3,194",399,أَرْسَل,verb,1,MSA,Open,2,4,3,2,16,ه,5
"3,190",400,مَوْلَى,noun,2,MSA,Open,2,4,3,2,27,ي,10
"3,173",401,إمرا,noun_prop,1,MSA,Open,3,4,3,2,17,و,6
"3,170",402,تَقْرِير,noun,3,D~,Open,2,2,3,2,32,ك,11
"3,162",403,سِجْن,noun,1,D=,Open,1,1,3,2,12,ج,3
"3,150",404,جَهْد,noun,4,D=,Open,1,1,3,2,36,ل,12
"3,143",405,فَتْح,noun,1,D=,Open,1,1,3,2,12,ج,3
"3,138",406,سُؤَال,noun,1,D=,Open,2,1,3,2,13,د,4
"3,135",407,قَتْل,noun,1,D~,Open,1,2,3,2,13,د,4
"3,133",408,رَفَع,verb,1,D=,Open,3,1,3,2,14,د,4
"3,112",409,أَمَل,noun,1,D=,Open,2,1,3,2,13,د,4
"3,099",410,هَيْئَة,noun,4,D=,Open,2,1,3,2,37,م,13
"3,098",411,سِلَاح,noun,1,D=,Open,2,1,3,2,13,د,4
"3,091",412,فَتَح,verb,1,D=,Open,3,1,3,2,14,د,4
"3,091",412,قَبْل,noun,4,D~,Open,1,2,3,2,40,م,13
"3,069",414,تَارِيخ,noun,1,D=,Open,2,1,3,2,13,د,4
"3,067",415,مُدِير,noun,1,D=,Open,2,1,3,2,13,د,4
"3,066",416,حَاجَة,noun,2,MSA,Open,2,4,3,2,27,ي,10
"3,065",417,جَنُوب,noun,2,D=,Open,2,1,3,2,21,ح,8
"3,059",418,خَطَر,noun,1,D=,Open,2,1,3,2,13,د,4
"3,042",419,وَقْف,noun,3,D~,Open,1,2,3,2,31,ك,11
"3,039",420,ٱِنْتَهَى,verb,2,MSA,Open,3,4,3,2,28,ي,10
"3,035",421,مُجْتَمَع,noun,2,D=,Open,3,1,3,2,22,ح,8
"3,032",422,دَعْم,noun,3,D=,Open,1,1,3,2,28,ي,10
"3,030",423,بُطُولَة,noun,1,D=,Open,3,1,3,2,14,د,4
"3,030",423,فَضْل,noun,3,D=,Open,1,1,3,2,28,ي,10
"3,028",425,ظَهَر,verb,2,MSA,Open,3,4,3,2,28,ي,10
"3,027",426,خَيْر,noun,1,D=,Open,1,1,3,2,12,ج,3
"3,022",427,مَضَى,verb,4,MSA,Open,2,4,3,2,49,س,15
"3,022",427,عَقْد,noun,3,D=,Open,1,1,3,2,28,ي,10
"3,005",429,عَاش,verb,1,D=,Open,2,1,3,2,13,د,4
"2,994",430,قَرِيب,adj,1,D=,Open,2,1,3,2,13,د,4
"2,993",431,لِمَاذَا,adv_rel,1,MSA,Closed,3,4,3,1,16,ه,5
"2,971",432,وَسَط,noun,1,D=,Open,1,1,3,2,12,ج,3
"2,968",433,شَابّ,noun,1,D=,Open,1,1,3,2,12,ج,3
"2,961",434,حَادِث,noun,2,D~,Open,2,2,3,2,23,ط,9
"2,947",435,قِيمَة,noun,2,D~,Open,2,2,3,2,23,ط,9
"2,944",436,شَكّ,noun,3,D=,Open,1,1,3,2,28,ي,10
"2,941",437,ثَوْب,noun,1,D~,Open,1,2,3,2,13,د,4
"2,934",438,بَيْنَمَا,conj_sub,2,MSA,Closed,3,4,3,1,26,ي,10
"2,930",439,دُكْتُور,noun,1,D=,Open,2,1,3,2,13,د,4
"2,923",440,قَرُب,verb,2,MSA,Closed,1,4,3,1,24,ط,9
"2,898",441,حَصَل,verb,1,MSA,Open,3,4,3,2,17,و,6
"2,893",442,عَشَر,noun_num,2,D=,Closed,1,1,3,1,18,و,6
"2,885",443,جِهَاز,noun,1,D=,Open,2,1,3,2,13,د,4
"2,884",444,رِئَاسَة,noun,2,D=,Open,3,1,3,2,22,ح,8
"2,877",445,صَدْر,noun,1,MSA,Open,1,4,3,2,15,ه,5
"2,872",446,أَطْلَق,verb,2,MSA,Open,2,4,3,2,27,ي,10
"2,869",447,نَظْرَة,noun,2,D~,Open,2,2,3,2,23,ط,9
"2,864",448,نَار,noun,1,D=,Open,1,1,3,2,12,ج,3
"2,861",449,مَنْ,pron_rel,2,MSA,Closed,1,4,3,1,24,ط,9
"2,853",450,عَنَى,verb,3,MSA,Open,2,4,3,2,38,م,13
"2,835",451,ٱِعْتَقَد,verb,2,MSA,Open,3,4,3,2,28,ي,10
"2,830",452,أَدْرَك,verb,3,MSA,Open,2,4,3,2,38,م,13
"2,828",453,دُخُول,noun,1,MSA,Open,2,4,3,2,16,ه,5
"2,817",454,مَسَاء,noun,1,D~,Open,2,2,3,2,14,د,4
"2,808",455,ظِلّ,noun,3,D~,Closed,2,2,3,1,29,ك,11
"2,808",455,وَجَّه,verb,4,D=,Open,3,1,3,2,38,م,13
"2,805",457,عَوْدَة,noun,2,MSA,Open,2,4,3,2,27,ي,10
"2,795",458,طَبِيب,noun,1,MSA,Open,2,4,3,2,16,ه,5
"2,791",459,نِسَاء,noun,1,MSA,Open,2,4,3,2,16,ه,5
"2,784",460,لَاعِب,noun,1,D~,Open,2,2,3,2,14,د,4
"2,783",461,إِطْلَاق,noun,4,MSA,Open,2,4,3,2,49,س,15
"2,780",462,مَحْكَمَة,noun,2,D=,Open,3,1,3,2,22,ح,8
"2,755",463,فَقَط,adv,2,MSA,Closed,2,4,3,1,25,ط,9
"2,754",464,عَاصِمَة,noun,3,D=,Open,3,1,3,2,30,ك,11
"2,749",465,إِذْن,noun,1,D~,Open,1,2,3,2,13,د,4
"2,746",466,تَعْلِيم,noun,1,D=,Open,2,1,3,2,13,د,4
"2,744",467,مَات,verb,1,D=,Open,2,1,3,2,13,د,4
"2,744",467,إِضَافَة,noun,3,MSA,Open,3,4,3,2,39,م,13
"2,723",469,أَعْطَى,verb,2,D~,Open,2,2,3,2,23,ط,9
"2,719",470,قَادِم,adj,1,MSA,Open,2,4,3,2,16,ه,5
"2,718",471,بَنْك,noun,1,D=,Open,1,1,3,2,12,ج,3
"2,717",472,دَم,noun,1,D=,Open,1,1,3,2,12,ج,3
"2,691",473,وُصُول,noun,1,D=,Open,2,1,3,2,13,د,4
"2,680",474,صَحِيفَة,noun,3,MSA,Open,3,4,3,2,39,م,13
"2,679",475,أَظْهَر,verb,3,MSA,Open,2,4,3,2,38,م,13
"2,673",476,مَوْضُوع,noun,1,D=,Open,2,1,3,2,13,د,4
"2,671",477,سَيْر,noun,3,D=,Open,1,1,3,2,28,ي,10
"2,667",478,عُمْر,noun,1,D=,Open,1,1,3,2,12,ج,3
"2,656",479,مَا,pron_rel,1,D=,Closed,1,1,3,1,11,ج,3
"2,656",479,خَطْوَة,noun,1,D=,Open,2,1,3,2,13,د,4
"2,655",481,رُبَّمَا,adv,2,MSA,Closed,3,4,3,1,26,ي,10
"2,643",482,رَدّ,noun,1,D=,Open,1,1,3,2,12,ج,3
"2,638",483,نَقَل,verb,2,D~,Open,2,2,3,2,23,ط,9
"2,630",484,خُرُوج,noun,1,D=,Open,2,1,3,2,13,د,4
"2,624",485,فَكَّر,verb,1,D=,Open,3,1,3,2,14,د,4
"2,617",486,ٱِتِّصَال,noun,1,D=,Open,3,1,3,2,14,د,4
"2,613",487,مُخْتَلِف,adj,1,D=,Open,3,1,3,2,14,د,4
"2,613",487,بَحَث,verb,3,MSA,Open,3,4,3,2,39,م,13
"2,612",489,مَوْقِع,noun,2,MSA,Open,2,4,3,2,27,ي,10
"2,610",490,جَمْعِيَّة,noun,3,D=,Open,3,1,3,2,30,ك,11
"2,605",491,طَلَب,noun,1,D=,Open,2,1,3,2,13,د,4
"2,602",492,تَصْرِيح,noun,3,D=,Open,2,1,3,2,29,ك,11
"2,601",493,مَرّ,verb,1,D=,Open,2,1,3,2,13,د,4
"2,601",493,فَهِم,verb,1,D=,Open,3,1,3,2,14,د,4
"2,593",495,عَبَّر,verb,2,MSA,Closed,1,4,3,1,24,ط,9
"2,590",496,وَحْد,noun,4,MSA,Open,1,4,3,2,48,س,15
"2,586",497,خُصُوص,noun,3,D=,Open,2,1,3,2,29,ك,11
"2,585",498,سِتّ,noun_num,2,D=,Closed,1,1,3,1,18,و,6
"2,584",499,مَحَلِّيّ,adj,4,MSA,Open,3,4,3,2,50,س,15
"2,582",500,تَنْفِيذ,noun,3,D=,Open,2,1,3,2,29,ك,11
"2,579",501,صَار,verb,2,D=,Closed,2,1,3,1,19,ز,7
"2,577",502,فِكْر,noun,3,D=,Open,1,1,3,2,28,ي,10
"2,570",503,قَعْدَة,noun,5,MSA,Open,2,4,3,2,60,ع,16
"2,570",503,أَمِين,noun,4,D=,Open,2,1,3,2,37,م,13
"2,567",505,مُقَابِل,noun,3,D~,Open,3,2,3,2,33,ل,12
"2,550",506,زَوْجَة,noun,1,MSA,Open,2,4,3,2,16,ه,5
"2,548",507,سَعَى,verb,3,MSA,Open,2,4,3,2,38,م,13
"2,544",508,مُسَاعَدَة,noun,1,D=,Open,4,1,3,2,15,ه,5
"2,542",509,قِمَّة,noun,3,MSA,Open,2,4,3,2,38,م,13
"2,530",510,خُطَّة,noun,1,D=,Open,2,1,3,2,13,د,4
"2,523",511,ٱِجْتِمَاعِيّ,adj,3,D=,Open,4,1,3,2,31,ك,11
"2,518",512,قَبِل,verb,1,D~,Open,3,2,3,2,15,ه,5
"2,512",513,مَرْكَبَة,noun,3,D=,Open,3,1,3,2,30,ك,11
"2,508",514,دَقِيقَة,noun,1,D~,Open,3,2,3,2,15,ه,5
"2,503",515,مَصْلَحَة,noun,3,D=,Open,3,1,3,2,30,ك,11
"2,496",516,أَيُّهَا,part_voc,2,MSA,Closed,3,4,3,1,26,ي,10
"2,492",517,نَوْع,noun,1,D=,Open,1,1,3,2,12,ج,3
"2,491",518,رجا,noun_prop,3,MSA,Open,2,4,3,2,38,م,13
"2,489",519,إِطَار,noun,3,MSA,Open,2,4,3,2,38,م,13
"2,480",520,أُسْرَة,noun,1,MSA,Open,2,4,3,2,16,ه,5
"2,478",521,دَرَى,verb,3,D=,Open,2,1,3,2,29,ك,11
"2,470",522,حَقَّق,verb,2,D~,Open,3,2,3,2,24,ط,9
"2,467",523,خَشِي,verb,3,MSA,Open,3,4,3,2,39,م,13
"2,463",524,رُوح,noun,1,D=,Open,1,1,3,2,12,ج,3
"2,463",524,حِوَار,noun,2,D=,Open,2,1,3,2,21,ح,8
"2,462",526,مُشَارَكَة,noun,2,D=,Open,4,1,3,2,23,ط,9
"2,458",527,دِين,noun,1,D=,Open,1,1,3,2,12,ج,3
"2,455",528,أَفْضَل,adj_comp,1,MSA,Open,2,4,3,2,16,ه,5
"2,453",529,خَوْف,noun,1,D=,Open,1,1,3,2,12,ج,3
"2,450",530,وَسِيلَة,noun,2,MSA,Open,3,4,3,2,28,ي,10
"2,437",531,ضَحِك,verb,1,D=,Open,3,1,3,2,14,د,4
"2,436",532,عَادَة,noun,3,D=,Open,2,1,3,2,29,ك,11
"2,435",533,مِلْيَار,noun_num,3,D=,Closed,2,1,3,1,26,ي,10
"2,427",534,أَفَاد,verb,4,MSA,Open,3,4,3,2,50,س,15
"2,426",535,إِعَادَة,noun,1,MSA,Open,3,4,3,2,17,و,6
"2,425",536,عُنْف,noun,3,D=,Open,1,1,3,2,28,ي,10
"2,423",537,زَعِيم,noun,1,D=,Open,2,1,3,2,13,د,4
"2,417",538,مُوَاجَهَة,noun,2,D=,Open,4,1,3,2,23,ط,9
"2,412",539,إِعْلَان,noun,1,D=,Open,2,1,3,2,13,د,4
"2,398",540,لَبِث,verb,4,MSA,Open,3,4,3,2,50,س,15
"2,395",541,حَيّ,noun,1,D=,Open,1,1,3,2,12,ج,3
"2,384",542,عَشَر,noun_num,1,D=,Closed,1,1,3,1,11,ج,3
"2,383",543,دَعْوَة,noun,2,MSA,Open,2,4,3,2,27,ي,10
"2,376",544,وَحْدَة,noun,4,D=,Open,2,1,3,2,37,م,13
"2,375",545,نِصْف,noun_quant,1,MSA,Closed,1,4,3,1,14,د,4
"2,374",546,أَثَر,noun,2,D~,Open,1,2,3,2,22,ح,8
"2,373",547,جَمَاعَة,noun,1,D=,Open,3,1,3,2,14,د,4
"2,372",548,قِيَادَة,noun,3,MSA,Open,3,4,3,2,39,م,13
"2,368",549,عَدُوّ,noun,2,D=,Open,1,1,3,2,20,ز,7
"2,367",550,مَدْرَسَة,noun,1,D=,Open,3,1,3,2,14,د,4
"2,364",551,نَقْل,noun,2,D~,Open,1,2,3,2,22,ح,8
"2,361",552,ٱِلْتَقَى,verb,2,D~,Open,3,2,3,2,24,ط,9
"2,355",553,مَكْتَب,noun,1,D=,Open,2,1,3,2,13,د,4
"2,354",554,غَرْبِيّ,adj,3,D=,Open,2,1,3,2,29,ك,11
"2,349",555,تَوَقَّع,verb,1,D~,Open,2,2,3,2,14,د,4
"2,343",556,غَضَب,noun,1,MSA,Open,2,4,3,2,16,ه,5
"2,341",557,فِيلْم,noun,1,D=,Open,1,1,3,2,12,ج,3
"2,341",557,طَالِب,noun,1,D=,Open,2,1,3,2,13,د,4
"2,338",559,سَفَر,noun,1,D=,Open,1,1,3,2,12,ج,3
"2,338",559,زِيَادَة,noun,1,D=,Open,3,1,3,2,14,د,4
"2,335",561,عَقَد,verb,3,MSA,Open,3,4,3,2,39,م,13
"2,328",562,رَفَض,verb,1,D=,Open,3,1,3,2,14,د,4
"2,326",563,ٱِسْتِثْمَار,noun,3,MSA,Open,3,4,3,2,39,م,13
"2,318",564,مُدَّة,noun,1,D=,Open,2,1,3,2,13,د,4
"2,318",564,ثِنَى,noun,2,MSA,Closed,2,4,3,1,25,ط,9
"2,318",564,لَعَلَّ,verb_pseudo,3,MSA,Closed,3,4,3,1,36,ل,12
"2,314",567,دِرَاسَة,noun,1,D=,Open,3,1,3,2,14,د,4
"2,309",568,طَالِب,noun,3,D=,Open,3,1,3,2,30,ك,11
"2,305",569,ضَمّ,verb,4,D=,Open,2,1,3,2,37,م,13
"2,302",570,أَبْيَض,adj,1,D=,Open,2,1,3,2,13,د,4
"2,302",570,قَرْيَة,noun,1,MSA,Open,2,4,3,2,16,ه,5
"2,299",572,عَدِيد,adj,3,MSA,Open,2,4,3,2,38,م,13
"2,295",573,مُهِمَّة,noun,2,D=,Open,3,1,3,2,22,ح,8
"2,295",573,مَسْأَلَة,noun,3,MSA,Open,3,4,3,2,39,م,13
"2,291",575,لَحْظَة,noun,1,D~,Open,2,2,3,2,14,د,4
"2,288",576,تَنْظِيم,noun,1,D~,Open,2,2,3,2,14,د,4
"2,278",577,نَشَاط,noun,1,D=,Open,2,1,3,2,13,د,4
"2,274",578,دَائِم,adj,1,D~,Open,2,2,3,2,14,د,4
"2,268",579,شَارَك,verb,1,D=,Open,2,1,3,2,13,د,4
"2,259",580,لَيْسَ,part_neg,3,MSA,Closed,2,4,3,1,35,ل,12
"2,250",581,عِيد,noun,1,D=,Open,1,1,3,2,12,ج,3
"2,246",582,مُوَاطِن,noun,2,D=,Open,3,1,3,2,22,ح,8
"2,242",583,شِعْر,noun,2,D=,Open,1,1,3,2,20,ز,7
"2,242",583,جَمَال,noun,1,MSA,Open,2,4,3,2,16,ه,5
"2,240",585,خَاف,verb,1,D=,Open,2,1,3,2,13,د,4
"2,240",585,زَوَاج,noun,1,MSA,Open,2,4,3,2,16,ه,5
"2,239",587,ٱِبْتَسَم,verb,1,MSA,Open,3,4,3,2,17,و,6
"2,229",588,جَيِّد,adj,1,MSA,Open,2,4,3,2,16,ه,5
"2,228",589,دَوْرِيّ,noun,4,D=,Open,2,1,3,2,37,م,13
"2,218",590,أَخْبَر,verb,2,MSA,Open,2,4,3,2,27,ي,10
"2,216",591,رَدّ,verb,1,D=,Open,2,1,3,2,13,د,4
"2,216",591,قَضَاء,noun,4,MSA,Open,2,4,3,2,49,س,15
"2,210",593,بِنْت,noun,1,D=,Open,1,1,3,2,12,ج,3
"2,205",594,قَدِيم,adj,1,D~,Open,2,2,3,2,14,د,4
"2,204",595,جُنَيْه,noun,2,D=,Open,2,1,3,2,21,ح,8
"2,204",595,عُنْصُر,noun,4,MSA,Open,2,4,3,2,49,س,15
"2,201",597,مَشَى,verb,1,D~,Open,2,2,3,2,14,د,4
"2,198",598,أَجْرَى,verb,3,MSA,Open,2,4,3,2,38,م,13
"2,189",599,مَثَّل,verb,3,D~,Open,3,2,3,2,33,ل,12
"2,187",600,أَعْلَم,adj_comp,2,D=,Open,2,1,3,2,21,ح,8
"2,185",601,مُسْتَقْبَل,noun,1,D~,Open,3,2,3,2,15,ه,5
"2,183",602,حَضَر,verb,1,D=,Open,3,1,3,2,14,د,4
"2,176",603,سَفِينَة,noun,1,D=,Open,3,1,3,2,14,د,4
"2,176",603,قَرَأ,verb,1,D~,Open,2,2,3,2,14,د,4
"2,171",605,مَقْتَل,noun,2,MSA,Open,2,4,3,2,27,ي,10
"2,168",606,قَدْر,noun,3,MSA,Open,1,4,3,2,37,م,13
"2,167",607,لَوْن,noun,1,D=,Open,1,1,3,2,12,ج,3
"2,163",608,بَطَل,noun,1,D=,Open,1,1,3,2,12,ج,3
"2,157",609,حُصُول,noun,3,MSA,Open,2,4,3,2,38,م,13
"2,150",610,جَلْسَة,noun,3,MSA,Open,2,4,3,2,38,م,13
"2,148",611,ٱِحْتَاج,verb,1,D=,Open,3,1,3,2,14,د,4
"2,141",612,ٱِلْتَفَت,verb,4,MSA,Open,3,4,3,2,50,س,15
"2,140",613,صَدَّق,verb,1,D~,Open,3,2,3,2,15,ه,5
"2,136",614,نَزَل,verb,1,D=,Open,2,1,3,2,13,د,4
"2,134",615,طَاقَة,noun,3,D~,Open,2,2,3,2,32,ك,11
"2,130",616,مَعْرِفَة,noun,3,MSA,Open,3,4,3,2,39,م,13
"2,125",617,تَمَكَّن,verb,2,MSA,Open,2,4,3,2,27,ي,10
"2,124",618,عَرْض,noun,2,D=,Open,1,1,3,2,20,ز,7
"2,122",619,قِيَام,noun,4,D~,Open,2,2,3,2,41,م,13
"2,120",620,سَمَح,verb,1,D=,Open,3,1,3,2,14,د,4
"2,112",621,ذَهَاب,noun,1,MSA,Open,2,4,3,2,16,ه,5
"2,108",622,جَرِيمَة,noun,2,D=,Open,3,1,3,2,22,ح,8
"2,106",623,نَهَض,verb,2,MSA,Open,2,4,3,2,27,ي,10
"2,105",624,أُخْت,noun,1,D=,Open,1,1,3,2,12,ج,3
"2,105",624,غَرِيب,adj,1,D=,Open,2,1,3,2,13,د,4
"2,101",626,أَمَر,verb,1,D=,Open,2,1,4,2,14,د,4
"2,099",627,دَمْع,noun,1,D=,Open,1,1,4,2,13,د,4
"2,097",628,بَحْر,noun,1,D=,Open,1,1,4,2,13,د,4
"2,096",629,طَعَام,noun,1,MSA,Open,2,4,4,2,17,و,6
"2,089",630,تَنْمِيَة,noun,3,MSA,Open,3,4,4,2,40,م,13
"2,089",630,أَلَم,noun,1,MSA,Open,2,4,4,2,17,و,6
"2,087",632,صِنَاعَة,noun,2,MSA,Open,3,4,4,2,29,ك,11
"2,086",633,إِقَامَة,noun,2,MSA,Open,3,4,4,2,29,ك,11
"2,082",634,ٱِعْتِبَار,noun,3,MSA,Open,3,4,4,2,40,م,13
"2,081",635,ٱِسْتَمَرّ,verb,2,MSA,Open,4,4,4,2,30,ك,11
"2,077",636,مُفَاوَضَة,noun,4,MSA,Open,4,4,4,2,52,س,15
"2,077",636,ٱِهْتِمَام,noun,1,D=,Open,3,1,4,2,15,ه,5
"2,074",638,سَعَادَة,noun,1,MSA,Open,3,4,4,2,18,و,6
"2,072",639,رَابِع,adj_num,1,D=,Closed,2,1,4,1,13,د,4
"2,071",640,حَارِس,noun,1,D=,Open,2,1,4,2,14,د,4
"2,064",641,كَامِل,noun_prop,2,D=,Open,2,1,4,2,22,ح,8
"2,063",642,حُرِّيَّة,noun,1,D=,Open,3,1,4,2,15,ه,5
"2,062",643,مَعْنَى,noun,1,D=,Open,2,1,4,2,14,د,4
"2,062",643,غَرْب,noun,3,D=,Open,1,1,4,2,29,ك,11
"2,060",645,ظِلّ,noun,1,D~,Open,1,2,4,2,14,د,4
"2,058",646,نَفْط,noun,3,D=,Open,1,1,4,2,29,ك,11
"2,053",647,شَجَرَة,noun,1,D=,Open,3,1,4,2,15,ه,5
"2,050",648,سَجَّل,verb,1,D=,Open,3,1,4,2,15,ه,5
"2,050",648,تَنَاوُل,noun,1,MSA,Open,3,4,4,2,18,و,6
"2,048",650,حَاجّ,noun,1,D=,Open,1,1,4,2,13,د,4
"2,048",650,حُضُور,noun,3,D=,Open,2,1,4,2,30,ك,11
"2,048",650,سَوْفَ,part_fut,3,MSA,Closed,2,4,4,1,36,ل,12
"2,047",653,ٱِقْتِصَاد,noun,3,MSA,Open,3,4,4,2,40,م,13
"2,044",654,شَكَّل,verb,3,MSA,Open,3,4,4,2,40,م,13
"2,039",655,غُلَام,noun_prop,2,MSA,Open,2,4,4,2,28,ي,10
"2,038",656,كَشَف,verb,2,D=,Open,3,1,4,2,23,ط,9
"2,037",657,رَغْبَة,noun,3,MSA,Open,2,4,4,2,39,م,13
"2,037",657,ٱِتَّخَذ,verb,3,MSA,Open,3,4,4,2,40,م,13
"2,036",659,خَطّ,noun,1,D=,Open,1,1,4,2,13,د,4
"2,035",660,نَسِي,verb,1,D=,Open,3,1,4,2,15,ه,5
"2,026",661,فُنْدُق,noun,1,D~,Open,2,2,4,2,15,ه,5
"2,023",662,إِنْتَاج,noun,3,MSA,Open,2,4,4,2,39,م,13
"2,021",663,مُشْتَرَك,adj,2,MSA,Open,3,4,4,2,29,ك,11
"2,019",664,لَعِب,verb,1,D=,Open,3,1,4,2,15,ه,5
"2,016",665,أَخْذ,noun,1,D~,Open,1,2,4,2,14,د,4
"2,012",666,عَالِي,adj,1,D=,Open,2,1,4,2,14,د,4
"2,009",667,عَدّ,verb,1,D=,Open,1,1,4,2,13,د,4
"2,009",667,مُحَاوَلَة,noun,2,D=,Open,4,1,4,2,24,ط,9
"2,004",669,أَصْل,noun,2,D=,Open,1,1,4,2,21,ح,8
"2,003",670,وَحِيد,adj,1,D=,Open,2,1,4,2,14,د,4
"2,000",671,فَنِّيّ,adj,4,D=,Open,2,1,4,2,38,م,13
"1,998",672,هُمَا,pron,2,MSA,Closed,2,4,4,1,26,ي,10
"1,994",673,هُجُوم,noun,3,D=,Open,2,1,4,2,30,ك,11
"1,991",674,أَعْلَى,adj_comp,1,D=,Open,2,1,4,2,14,د,4
"1,991",674,تَلَقَّى,verb,4,MSA,Open,2,4,4,2,50,س,15
"1,991",674,مَلَك,verb,2,MSA,Open,3,4,4,2,29,ك,11
"1,991",674,بِدَايَة,noun,1,D=,Open,3,1,4,2,15,ه,5
"1,988",678,حَدِيقَة,noun,1,D~,Open,3,2,4,2,16,ه,5
"1,977",679,تَقْدِيم,noun,2,D~,Open,2,2,4,2,24,ط,9
"1,973",680,إِشَارَة,noun,2,D=,Open,3,1,4,2,23,ط,9
"1,973",680,وَاقِع,noun,2,MSA,Open,2,4,4,2,28,ي,10
"1,970",682,مَعْلُوم,adj,4,D=,Open,2,1,4,2,38,م,13
"1,967",683,أَعَدّ,verb,3,MSA,Open,2,4,4,2,39,م,13
"1,966",684,مَحَلّ,noun,1,D=,Open,1,1,4,2,13,د,4
"1,964",685,أَخْرَج,verb,1,MSA,Open,2,4,4,2,17,و,6
"1,954",686,بَعِيد,adj,1,D=,Open,2,1,4,2,14,د,4
"1,952",687,صِحَّة,noun,1,D=,Open,2,1,4,2,14,د,4
"1,952",687,تَوَلَّى,verb,3,MSA,Open,2,4,4,2,39,م,13
"1,951",689,عَقْل,noun,1,D~,Open,1,2,4,2,14,د,4
"1,947",690,دِيمُقرَاطِيّ,adj,4,D~,Open,4,2,4,2,44,ن,14
"1,938",691,قَوِيّ,adj,1,D~,Open,2,2,4,2,15,ه,5
"1,936",692,تَطْوِير,noun,3,D=,Open,2,1,4,2,30,ك,11
"1,932",693,بُعْد,noun,2,D=,Open,1,1,4,2,21,ح,8
"1,929",694,سَهْم,noun,1,D=,Open,1,1,4,2,13,د,4
"1,927",695,ضَرُورَة,noun,3,D=,Open,3,1,4,2,31,ك,11
"1,926",696,خِلَاف,noun,2,D=,Open,2,1,4,2,22,ح,8
"1,925",697,مَقَرّ,noun,4,D~,Open,2,2,4,2,42,ن,14
"1,921",698,لُغَة,noun,1,D=,Open,2,1,4,2,14,د,4
"1,920",699,أَسَاسِيّ,adj,1,D=,Open,3,1,4,2,15,ه,5
"1,919",700,مَرَض,noun,1,D=,Open,2,1,4,2,14,د,4
"1,915",701,أُسْتَاذ,noun,1,D~,Open,2,2,4,2,15,ه,5
"1,911",702,كَأْس,noun,1,D~,Open,1,2,4,2,14,د,4
"1,907",703,وَصَف,verb,2,D=,Open,3,1,4,2,23,ط,9
"1,906",704,إِرْهَاب,noun,3,D=,Open,2,1,4,2,30,ك,11
"1,906",704,حَمْلَة,noun,4,D=,Open,2,1,4,2,38,م,13
"1,889",706,إِثْر,noun,5,MSA,Closed,1,4,4,1,55,ع,16
"1,889",706,سَمَاء,noun,1,D~,Open,2,2,4,2,15,ه,5
"1,877",708,مُشِير,adj,4,MSA,Open,2,4,4,2,50,س,15
"1,876",709,بَرْلَمَان,noun,4,D=,Open,3,1,4,2,39,م,13
"1,874",710,قَتِيل,noun,2,D~,Open,2,2,4,2,24,ط,9
"1,873",711,أَثَار,verb,3,MSA,Open,2,4,4,2,39,م,13
"1,866",712,مُهِمّ,adj,1,D=,Open,2,1,4,2,14,د,4
"1,865",713,أَي,abbrev,1,D=,Closed,1,1,4,1,12,ج,3
"1,863",714,سَقَط,verb,1,D~,Open,3,2,4,2,16,ه,5
"1,862",715,نَاحِيَة,noun,3,D=,Open,3,1,4,2,31,ك,11
"1,857",716,أَعَاد,verb,3,MSA,Open,3,4,4,2,40,م,13
"1,850",717,رَجَع,verb,1,D=,Open,3,1,4,2,15,ه,5
"1,850",717,فَتَى,noun,2,MSA,Open,2,4,4,2,28,ي,10
"1,847",719,صُنْدُوق,noun,1,D~,Open,2,2,4,2,15,ه,5
"1,843",720,قِصَّة,noun,1,D~,Open,2,2,4,2,15,ه,5
"1,843",720,حَقِيقِيّ,adj,1,D~,Open,3,2,4,2,16,ه,5
"1,842",722,قُدْرَة,noun,2,MSA,Open,2,4,4,2,28,ي,10
"1,839",723,نَجَاح,noun,1,D=,Open,2,1,4,2,14,د,4
"1,837",724,شَرْط,noun,1,D=,Open,1,1,4,2,13,د,4
"1,832",725,حَوَالَي,noun_quant,2,D=,Closed,3,1,4,1,21,ح,8
"1,827",726,تَعَرَّض,verb,2,MSA,Open,2,4,4,2,28,ي,10
"1,826",727,حُسْن,noun,3,MSA,Open,1,4,4,2,38,م,13
"1,824",728,ثِقَة,noun,2,D~,Open,2,2,4,2,24,ط,9
"1,823",729,جُنْد,noun,3,D=,Open,1,1,4,2,29,ك,11
"1,822",730,مَدَى,noun,4,MSA,Open,2,4,4,2,50,س,15
"1,820",731,ذَاكَ,pron_dem,3,D~,Closed,2,2,4,1,30,ك,11
"1,819",732,شَمْس,noun,1,D=,Open,1,1,4,2,13,د,4
"1,819",732,مُنْتَخَب,noun,1,D=,Open,3,1,4,2,15,ه,5
"1,817",734,رَسُول,noun,1,D=,Open,2,1,4,2,14,د,4
"1,816",735,طَرِيقَة,noun,1,D~,Open,3,2,4,2,16,ه,5
"1,806",736,دنيا,noun_prop,1,D=,Open,2,1,4,2,14,د,4
"1,796",737,نَجْم,noun,1,D=,Open,1,1,4,2,13,د,4
"1,791",738,قَطَع,verb,1,D~,Open,3,2,4,2,16,ه,5
"1,785",739,فَرْد,noun,3,D=,Open,1,1,4,2,29,ك,11
"1,785",739,بَات,verb,4,D=,Closed,2,1,4,1,34,ل,12
"1,785",739,جُزْء,noun,1,MSA,Open,1,4,4,2,16,ه,5
"1,781",742,ٱِعْتِدَاء,noun,3,MSA,Open,3,4,4,2,40,م,13
"1,780",743,جَوّ,noun,3,D=,Open,1,1,4,2,29,ك,11
"1,779",744,عَرَض,verb,3,D=,Open,3,1,4,2,31,ك,11
"1,779",744,مُعَارَضَة,noun,4,D=,Open,4,1,4,2,40,م,13
"1,778",746,جِسْم,noun,1,D=,Open,1,1,4,2,13,د,4
"1,778",746,ٱِسْتِخْدَام,noun,1,D=,Open,3,1,4,2,15,ه,5
"1,775",748,حِمَايَة,noun,2,D=,Open,3,1,4,2,23,ط,9
"1,775",748,إِصْلَاح,noun,2,MSA,Open,2,4,4,2,28,ي,10
"1,773",750,ٱِثْن,noun_num,4,D~,Closed,1,2,4,1,37,م,13
"1,769",751,جُمْهُورِيَّة,noun,3,D=,Open,4,1,4,2,32,ك,11
"1,768",752,حَدَث,noun,2,MSA,Open,2,4,4,2,28,ي,10
"1,765",753,مُسْتَشْفَى,noun,1,D=,Open,3,1,4,2,15,ه,5
"1,764",754,مَوْعِد,noun,1,D=,Open,2,1,4,2,14,د,4
"1,763",755,تَكَلَّم,verb,1,D=,Open,3,1,4,2,15,ه,5
"1,757",756,نَبَأ,noun,3,MSA,Open,2,4,4,2,39,م,13
"1,757",756,مَحَطَّة,noun,1,D=,Open,3,1,4,2,15,ه,5
"1,755",758,شِدَّة,noun,3,MSA,Open,2,4,4,2,39,م,13
"1,754",759,مَوْسِم,noun,3,D=,Open,2,1,4,2,30,ك,11
"1,752",760,أَحَسّ,verb,1,D=,Open,2,1,4,2,14,د,4
"1,751",761,رُؤْيَة,noun,4,MSA,Open,2,4,4,2,50,س,15
"1,749",762,إِثْر,noun,5,MSA,Open,1,4,4,2,60,ع,16
"1,748",763,دَيْر,noun,4,D=,Open,1,1,4,2,37,م,13
"1,747",764,قَاعَة,noun,2,MSA,Open,2,4,4,2,28,ي,10
"1,744",765,شَبَكَة,noun,1,D=,Open,3,1,4,2,15,ه,5
"1,743",766,كَفَى,verb,2,D=,Open,2,1,4,2,22,ح,8
"1,741",767,تَغْيِير,noun,1,D=,Open,2,1,4,2,14,د,4
"1,740",768,جَمِيل,adj,1,MSA,Open,2,4,4,2,17,و,6
"1,739",769,شَاعِر,noun,2,D=,Open,2,1,4,2,22,ح,8
"1,737",770,تَعَلَّق,verb,3,D~,Open,2,2,4,2,33,ل,12
"1,730",771,إِصَابَة,noun,2,D=,Open,3,1,4,2,23,ط,9
"1,727",772,خَامِس,adj_num,1,D=,Closed,2,1,4,1,13,د,4
"1,727",772,حُزْن,noun,1,MSA,Open,1,4,4,2,16,ه,5
"1,721",774,زَار,verb,1,D=,Open,2,1,4,2,14,د,4
"1,721",774,سَبَق,verb,1,D~,Open,3,2,4,2,16,ه,5
"1,720",776,تَابَع,verb,1,D=,Open,2,1,4,2,14,د,4
"1,719",777,دَرَجَة,noun,1,D=,Open,3,1,4,2,15,ه,5
"1,717",778,مَقْعَد,noun,1,MSA,Open,2,4,4,2,17,و,6
"1,714",779,سَاكِن,noun,1,D=,Open,2,1,4,2,14,د,4
"1,714",779,غَايَة,noun,4,MSA,Open,2,4,4,2,50,س,15
"1,713",781,دَفْع,noun,3,D=,Open,1,1,4,2,29,ك,11
"1,712",782,مُحَافِظ,noun,4,D=,Open,3,1,4,2,39,م,13
"1,711",783,ٱِتَّفَق,verb,1,D~,Open,3,2,4,2,16,ه,5
"1,709",784,كَنِيسَة,noun,3,D=,Open,3,1,4,2,31,ك,11
"1,708",785,سَيْف,noun,1,D=,Open,1,1,4,2,13,د,4
"1,704",786,أَيّ,pron_rel,5,MSA,Closed,2,4,4,1,56,ع,16
"1,701",787,تَحَوَّل,verb,1,D=,Open,3,1,4,2,15,ه,5
"1,701",787,مَادَّة,noun,1,MSA,Open,2,4,4,2,17,و,6
"1,700",789,خَلِيفَة,noun,3,D=,Open,3,1,4,2,31,ك,11
"1,697",790,لِسَان,noun,1,D=,Open,2,1,4,2,14,د,4
"1,696",791,جُمْلَة,noun,1,D=,Open,2,1,4,2,14,د,4
"1,696",791,هَٰكَذَا,adv,3,MSA,Closed,3,4,4,1,37,م,13
"1,692",793,بِضْع,noun_quant,3,MSA,Closed,1,4,4,1,35,ل,12
"1,689",794,دَلِيل,noun,2,D=,Open,2,1,4,2,22,ح,8
"1,688",795,أَسَاس,noun,1,D=,Open,2,1,4,2,14,د,4
"1,684",796,قَاعِدَة,noun,2,MSA,Open,3,4,4,2,29,ك,11
"1,682",797,جَار,noun,4,MSA,Open,2,4,4,2,50,س,15
"1,682",797,مُتَحَدِّث,noun,2,MSA,Open,4,4,4,2,30,ك,11
"1,681",799,نَال,verb,3,D=,Open,2,1,4,2,30,ك,11
"1,680",800,ضَيْف,noun,1,D=,Open,1,1,4,2,13,د,4
"1,679",801,سَفِير,noun,3,D=,Open,2,1,4,2,30,ك,11
"1,678",802,ٱِضْطِرَاب,noun,4,MSA,Open,3,4,4,2,51,س,15
"1,674",803,بَعَث,verb,3,D~,Open,3,2,4,2,34,ل,12
"1,671",804,قَرَّر,verb,1,D=,Open,3,1,4,2,15,ه,5
"1,668",805,شَرّ,noun,1,D=,Open,1,1,4,2,13,د,4
"1,666",806,سَلَّم,verb,2,D=,Open,3,1,4,2,23,ط,9
"1,664",807,بَقَاء,noun,2,MSA,Open,2,4,4,2,28,ي,10
"1,661",808,دَاخِل,noun,2,D=,Open,3,1,4,2,23,ط,9
"1,655",809,أَهَمِّيَّة,noun,2,D=,Open,4,1,4,2,24,ط,9
"1,651",810,صِفْر,noun_num,1,D=,Closed,1,1,4,1,12,ج,3
"1,647",811,ٱِرْتِفَاع,noun,2,MSA,Open,3,4,4,2,29,ك,11
"1,647",811,ٱِسْتِقْرَار,noun,3,D=,Open,3,1,4,2,31,ك,11
"1,645",813,ضَمِن,verb,3,D=,Closed,1,1,4,1,26,ي,10
"1,642",814,أَهَمّ,adj_comp,1,D=,Open,2,1,4,2,14,د,4
"1,642",814,جَائِزَة,noun,1,D=,Open,3,1,4,2,15,ه,5
"1,641",816,ٱِنْتِظَار,noun,1,D=,Open,3,1,4,2,15,ه,5
"1,640",817,عَائِلَة,noun,1,D~,Open,3,2,4,2,16,ه,5
"1,639",818,مُؤْمِن,noun,2,D=,Open,2,1,4,2,22,ح,8
"1,639",818,ثَقَافَة,noun,3,D=,Open,3,1,4,2,31,ك,11
"1,633",820,خاطر,noun_prop,3,D=,Open,2,1,4,2,30,ك,11
"1,633",820,خَتَّار,noun,1,D=,Open,3,1,4,2,15,ه,5
"1,632",822,كَاتِب,noun,1,D=,Open,2,1,4,2,14,د,4
"1,631",823,حَسَب,noun,1,D=,Open,3,1,4,2,15,ه,5
"1,630",824,جَمَع,verb,1,D=,Open,3,1,4,2,15,ه,5
"1,628",825,مَمْلَكَة,noun,1,D=,Open,3,1,4,2,15,ه,5
"1,628",825,مَنَع,verb,1,D=,Open,3,1,4,2,15,ه,5
"1,627",827,صَنَع,verb,1,D=,Open,3,1,4,2,15,ه,5
"1,623",828,ال,part_det,1,D=,Closed,1,1,4,1,12,ج,3
"1,619",829,مُمَثِّل,noun,3,D~,Open,3,2,4,2,34,ل,12
"1,619",829,مَنْصِب,noun,3,MSA,Open,2,4,4,2,39,م,13
"1,618",831,لَقَب,noun,4,MSA,Open,2,4,4,2,50,س,15
"1,616",832,سَمَّى,verb,1,D=,Open,2,1,4,2,14,د,4
"1,616",832,أَجْنَبِيّ,adj,1,D=,Open,3,1,4,2,15,ه,5
"1,613",834,قَدَّر,verb,4,D=,Open,3,1,4,2,39,م,13
"1,612",835,أُذُن,noun,1,D~,Open,1,2,4,2,14,د,4
"1,609",836,غَرَض,noun,3,D=,Open,2,1,4,2,30,ك,11
"1,599",837,أَدَاء,noun,3,D=,Open,2,1,4,2,30,ك,11
"1,598",838,خَسَارَة,noun,1,D=,Open,3,1,4,2,15,ه,5
"1,597",839,تِجَارِيّ,adj,3,D=,Open,3,1,4,2,31,ك,11
"1,592",840,رَقْم,noun,1,D=,Open,1,1,4,2,13,د,4
"1,591",841,دَلّ,verb,3,D=,Open,2,1,4,2,30,ك,11
"1,587",842,دَار,verb,1,D=,Open,2,1,4,2,14,د,4
"1,586",843,رَبّ,noun,1,D=,Open,1,1,4,2,13,د,4
"1,583",844,مَسْؤُولِيَّة,noun,3,D=,Open,4,1,4,2,32,ك,11
"1,580",845,حِسَاب,noun,2,D=,Open,2,1,4,2,22,ح,8
"1,580",845,أَحْمَر,adj,1,D=,Open,2,1,4,2,14,د,4
"1,579",847,بال,noun_prop,2,D=,Open,1,1,4,2,21,ح,8
"1,578",848,تَابَع,verb,3,D=,Open,2,1,4,2,30,ك,11
"1,578",848,مَبْلَغ,noun,3,D=,Open,2,1,4,2,30,ك,11
"1,578",848,هَجْمَة,noun,3,D=,Open,2,1,4,2,30,ك,11
"1,578",848,طَبِيعَة,noun,1,D=,Open,3,1,4,2,15,ه,5
"1,576",852,وَاجَه,verb,2,D=,Open,3,1,4,2,23,ط,9
"1,571",853,سَاحَة,noun,1,D=,Open,2,1,4,2,14,د,4
"1,571",853,قَاد,verb,2,MSA,Open,2,4,4,2,28,ي,10
"1,568",855,مَلْبَس,noun,3,MSA,Open,2,4,4,2,39,م,13
"1,566",856,ٱِجْتَمَع,verb,2,D=,Open,3,1,4,2,23,ط,9
"1,565",857,ٱِزْدَاد,verb,2,D=,Open,3,1,4,2,23,ط,9
"1,563",858,جُرْح,noun,1,D=,Open,1,1,4,2,13,د,4
"1,562",859,رَفْع,noun,2,D=,Open,1,1,4,2,21,ح,8
"1,562",859,ٱِتَّهَم,verb,3,D=,Open,3,1,4,2,31,ك,11
"1,560",861,إِنْشَاء,noun,4,MSA,Open,2,4,4,2,50,س,15
"1,560",861,كُلَّمَا,adv_rel,3,D=,Closed,3,1,4,1,28,ي,10
"1,559",863,نَهَار,noun,1,D=,Open,2,1,4,2,14,د,4
"1,559",863,عِدَّة,noun,4,D=,Open,2,1,4,2,38,م,13
"1,558",865,صَحِيح,adj,1,D=,Open,2,1,4,2,14,د,4
"1,557",866,وَاسِع,adj,1,D=,Open,2,1,4,2,14,د,4
"1,555",867,حُلْم,noun,1,D=,Open,1,1,4,2,13,د,4
"1,554",868,تَجْرِبَة,noun,1,D=,Open,3,1,4,2,15,ه,5
"1,550",869,فِرْقَة,noun,2,D~,Open,2,2,4,2,24,ط,9
"1,550",869,بَكَى,verb,1,D~,Open,2,2,4,2,15,ه,5
"1,548",871,شَاهِد,noun,1,MSA,Open,3,4,4,2,18,و,6
"1,547",872,سِنّ,noun,1,D=,Open,1,1,4,2,13,د,4
"1,546",873,ضَغْط,noun,1,D=,Open,1,1,4,2,13,د,4
"1,544",874,تَقَدُّم,noun,3,D=,Open,3,1,4,2,31,ك,11
"1,541",875,سُوء,noun,3,D=,Open,1,1,5,2,30,ك,11
"1,541",875,كَانُون,noun,5,D=,Open,2,1,5,2,47,ن,14
"1,540",877,قَائِم,adj,4,MSA,Open,2,4,5,2,51,س,15
"1,540",877,إِنْقَاذ,noun,1,D=,Open,2,1,5,2,15,ه,5
"1,535",879,تَعْدِيل,noun,1,D=,Open,2,1,5,2,15,ه,5
"1,534",880,حُكُومِيّ,adj,2,D=,Open,3,1,5,2,24,ط,9
"1,532",881,عَمّ,noun,1,D=,Open,1,1,5,2,14,د,4
"1,532",881,ٱِنْصَرَف,verb,3,MSA,Open,3,4,5,2,41,م,13
"1,531",883,طَائِرَة,noun,1,D~XP,Open,3,3,5,2,18,و,6
"1,530",884,ذَا,pron_dem,4,MSA,Open,1,4,5,2,50,س,15
"1,528",885,وَاضِح,adj,1,D=,Open,2,1,5,2,15,ه,5
"1,527",886,إِقْلِيم,noun,3,MSA,Open,2,4,5,2,40,م,13
"1,525",887,إِنْسَانِيّ,adj,3,D=,Open,3,1,5,2,32,ك,11
"1,523",888,مَزِيد,noun,4,MSA,Open,2,4,5,2,51,س,15
"1,522",889,قَوْمِيّ,adj,4,D=,Open,2,1,5,2,39,م,13
"1,520",890,قَوْم,noun,3,MSA,Open,1,4,5,2,39,م,13
"1,519",891,خَطَّاب,noun_prop,3,D=,Open,2,1,5,2,31,ك,11
"1,514",892,قَلَق,noun,2,D~,Open,2,2,5,2,25,ط,9
"1,514",892,دُسْتُور,noun,4,D=,Open,2,1,5,2,39,م,13
"1,512",894,مُسَلَّح,adj,2,D=,Open,3,1,5,2,24,ط,9
"1,511",895,تَأْثِير,noun,2,D~,Open,2,2,5,2,25,ط,9
"1,510",896,سَائِر,adj,4,MSA,Open,2,4,5,2,51,س,15
"1,508",897,زَمَن,noun,1,D=,Open,2,1,5,2,15,ه,5
"1,504",898,رَئِيسِيّ,adj,3,D=,Open,3,1,5,2,32,ك,11
"1,503",899,آخِر,adj_comp,1,D=,Open,2,1,5,2,15,ه,5
"1,501",900,فَاز,verb,1,D=,Open,2,1,5,2,15,ه,5
"1,497",901,ظَرْف,noun,3,D~,Open,1,2,5,2,33,ل,12
"1,497",901,ضَابِط,noun,1,D=,Open,2,1,5,2,15,ه,5
"1,496",903,فَائِدَة,noun,2,D=,Open,3,1,5,2,24,ط,9
"1,494",904,مَتَى,adv_rel,3,D~,Closed,2,2,5,1,31,ك,11
"1,494",904,صَرَّح,verb,4,D=,Open,3,1,5,2,40,م,13
"1,492",906,لَقِي,verb,3,D~,Open,3,2,5,2,35,ل,12
"1,490",907,مُنَاسَبَة,noun,2,D=,Open,4,1,5,2,25,ط,9
"1,490",907,جَبَل,noun,1,D=,Open,2,1,5,2,15,ه,5
"1,488",909,حَدِيث,adj,2,D~,Open,2,2,5,2,25,ط,9
"1,483",910,مُحَامِي,noun,2,D=,Open,3,1,5,2,24,ط,9
"1,481",911,ٱِنْطَلَق,verb,4,MSA,Open,3,4,5,2,52,س,15
"1,475",912,قَاضِي,noun,3,D~,Open,2,2,5,2,34,ل,12
"1,475",912,ٱِحْتِرَام,noun,1,D=,Open,3,1,5,2,16,ه,5
"1,471",914,حَجَر,noun,1,D=,Open,1,1,5,2,14,د,4
"1,470",915,بُكَاء,noun,1,MSA,Open,2,4,5,2,18,و,6
"1,470",915,جَالِس,adj,1,MSA,Open,2,4,5,2,18,و,6
"1,460",917,إِعْلَام,noun,4,D=,Open,2,1,5,2,39,م,13
"1,459",918,تَزَوَّج,verb,1,D=,Open,3,1,5,2,16,ه,5
"1,458",919,كَأَنَّمَا,part,3,MSA,Closed,4,4,5,1,39,م,13
"1,457",920,سَوَاء,noun,3,MSA,Open,2,4,5,2,40,م,13
"1,457",920,سَاعَد,verb,1,D=,Open,2,1,5,2,15,ه,5
"1,456",922,وِفْق,noun,4,MSA,Closed,1,4,5,1,46,ن,14
"1,453",923,سِيَّمَا,adv,5,MSA,Closed,3,4,5,1,58,ع,16
"1,453",923,جَوَاب,noun,1,D=,Open,2,1,5,2,15,ه,5
"1,448",925,مُعْظَم,noun_quant,2,D~,Closed,2,2,5,1,23,ط,9
"1,446",926,شَمِل,verb,3,D=,Open,3,1,5,2,32,ك,11
"1,445",927,وَطَن,noun,3,D=,Open,2,1,5,2,31,ك,11
"1,442",928,ضُعْف,noun,2,D=,Open,1,1,5,2,22,ح,8
"1,437",929,لَوْلَا,conj_sub,3,D=,Closed,2,1,5,1,28,ي,10
"1,435",930,مَدَنِيّ,adj,5,D=,Open,3,1,5,2,48,س,15
"1,435",930,بَدَل,noun,1,D=,Open,2,1,5,2,15,ه,5
"1,428",932,عِلْمِيّ,adj,2,D=,Open,2,1,5,2,23,ط,9
"1,427",933,عَشَر,adj_num,2,D=,Closed,2,1,5,1,21,ح,8
"1,427",933,مُقَابَلَة,noun,2,D=,Open,4,1,5,2,25,ط,9
"1,427",933,أَشَدّ,adj_comp,2,MSA,Open,2,4,5,2,29,ك,11
"1,425",936,طُول,noun,1,D=,Open,1,1,5,2,14,د,4
"1,425",936,إِقْلِيمِيّ,adj,4,D=,Open,3,1,5,2,40,م,13
"1,423",938,جَمْع,noun,1,D=,Open,1,1,5,2,14,د,4
"1,423",938,قَلَم,noun,1,D~,Open,2,2,5,2,16,ه,5
"1,422",940,ٱِسْتِعْدَاد,noun,1,D=,Open,3,1,5,2,16,ه,5
"1,419",941,سَادِس,adj_num,1,D=,Closed,2,1,5,1,14,د,4
"1,419",941,عِبَارَة,noun,2,D=,Open,3,1,5,2,24,ط,9
"1,419",941,بَدْء,noun,3,MSA,Open,1,4,5,2,39,م,13
"1,419",941,دَوْرَة,noun,4,D=,Open,2,1,5,2,39,م,13
"1,418",945,صَدَر,verb,4,D=,Open,3,1,5,2,40,م,13
"1,417",946,طَبِيعِيّ,adj,1,D=,Open,3,1,5,2,16,ه,5
"1,416",947,ٱِرْتَفَع,verb,2,D=,Open,3,1,5,2,24,ط,9
"1,416",947,تَحْدِيد,noun,3,D=,Open,2,1,5,2,31,ك,11
"1,413",949,شَغَل,verb,4,D=,Open,3,1,5,2,40,م,13
"1,410",950,حَاكِم,noun_prop,2,D=,Open,2,1,5,2,23,ط,9
"1,408",951,وَاقِف,adj,1,D~,Open,2,2,5,2,16,ه,5
"1,407",952,ٱِسْتِمْرَار,noun,2,D=,Open,3,1,5,2,24,ط,9
"1,402",953,قَصَد,verb,1,D~,Open,3,2,5,2,17,و,6
"1,401",954,راح,verb,1,D=,Open,2,1,5,2,15,ه,5
"1,400",955,ٱِسْتَخْدَم,verb,1,D=,Open,3,1,5,2,16,ه,5
"1,396",956,حَبِيب,noun,1,D=,Open,2,1,5,2,15,ه,5
"1,395",957,عَاطِفَة,noun,3,D=,Open,3,1,5,2,32,ك,11
"1,394",958,تِجَارَة,noun,1,D=,Open,3,1,5,2,16,ه,5
"1,391",959,عُقُوبَة,noun,1,D=,Open,3,1,5,2,16,ه,5
"1,389",960,حُرّ,adj,1,D=,Open,1,1,5,2,14,د,4
"1,388",961,مُؤَكِّد,adj,3,MSA,Open,3,4,5,2,41,م,13
"1,388",961,خَطَأ,noun,1,D=,Open,2,1,5,2,15,ه,5
"1,384",963,مِرْمِيس,noun,5,MSA,Open,2,4,5,2,62,ع,16
"1,381",964,صَعِد,verb,1,MSA,Open,3,4,5,2,19,ز,7
"1,380",965,جُمْهُور,noun,1,D=,Open,2,1,5,2,15,ه,5
"1,380",965,سَرِيع,adj,1,D=,Open,2,1,5,2,15,ه,5
"1,379",967,بَقِيَّة,noun,1,D~,Open,3,2,5,2,17,و,6
"1,378",968,صَحَافِيّ,noun,3,D=,Open,3,1,5,2,32,ك,11
"1,377",969,مُقَاوَمَة,noun,4,D=,Open,4,1,5,2,41,م,13
"1,375",970,بَيْع,noun,1,D=,Open,1,1,5,2,14,د,4
"1,373",971,حَجْم,noun,2,D=,Open,1,1,5,2,22,ح,8
"1,372",972,رَصِيد,noun,2,D=,Open,2,1,5,2,23,ط,9
"1,370",973,فِكْرَة,noun,1,D=,Open,2,1,5,2,15,ه,5
"1,370",973,ذِرَاع,noun,1,D~,Open,2,2,5,2,16,ه,5
"1,368",975,مُبَادَرَة,noun,5,D=,Open,4,1,5,2,49,س,15
"1,368",975,أَعْلَى,adj_comp,1,D=,Open,2,1,5,2,15,ه,5
"1,367",977,رَاحَة,noun,1,D=,Open,2,1,5,2,15,ه,5
"1,366",978,ثَرْوَة,noun,3,D~,Open,2,2,5,2,34,ل,12
"1,364",979,تَحَقَّق,verb,3,D~,Open,2,2,5,2,34,ل,12
"1,359",980,تَالِي,adj,3,D=,Open,2,1,5,2,31,ك,11
"1,359",980,مَعْرُوف,adj,1,D=,Open,2,1,5,2,15,ه,5
"1,358",982,ٱِسْتِقْبَال,noun,1,D~,Open,3,2,5,2,17,و,6
"1,356",983,ٱِسْتَهْدَف,verb,4,D=,Open,3,1,5,2,40,م,13
"1,355",984,سُرْعَة,noun,1,D=,Open,2,1,5,2,15,ه,5
"1,353",985,أَدَب,noun,3,D=,Open,1,1,5,2,30,ك,11
"1,353",985,تَضَمَّن,verb,3,D=,Open,2,1,5,2,31,ك,11
"1,351",987,وَلِي,verb,5,MSA,Open,2,4,5,2,62,ع,16
"1,351",987,أَسْرَع,verb,1,D=,Open,2,1,5,2,15,ه,5
"1,350",989,بَالِغ,adj,4,MSA,Open,2,4,5,2,51,س,15
"1,350",989,أَسْرَع,adj_comp,1,D=,Open,2,1,5,2,15,ه,5
"1,348",991,ٱِسْتَقْبَل,verb,1,D~,Open,3,2,5,2,17,و,6
"1,348",991,جِدَار,noun,1,MSA,Open,2,4,5,2,18,و,6
"1,347",993,قِسْم,noun,1,D=,Open,1,1,5,2,14,د,4
"1,347",993,سَائِق,noun,1,D=,Open,2,1,5,2,15,ه,5
"1,345",995,ضَحِيَّة,noun,3,D=,Open,3,1,5,2,32,ك,11
"1,341",996,أَهْلِيّ,adj,4,D=,Open,2,1,5,2,39,م,13
"1,339",997,ٱِخْتِيَار,noun,1,D=,Open,3,1,5,2,16,ه,5
"1,339",997,وَعَد,verb,1,D=,Open,3,1,5,2,16,ه,5
"1,338",999,نَوْم,noun,1,D=,Open,1,1,5,2,14,د,4
"1,338",999,أَقْبَل,verb,4,MSA,Open,2,4,5,2,51,س,15
"1,337","1,001",حَجّ,noun,1,D=,Open,1,1,5,2,14,د,4
"1,336","1,002",بَاشَا,noun,1,D=,Open,2,1,5,2,15,ه,5
"1,336","1,002",ضَرَب,verb,1,D=,Open,3,1,5,2,16,ه,5
"1,335","1,004",نَفَّذ,verb,4,D~,Open,3,2,5,2,44,ن,14
"1,334","1,005",دِينِيّ,adj,2,D=,Open,2,1,5,2,23,ط,9
"1,333","1,006",قَرْن,noun,3,D=,Open,1,1,5,2,30,ك,11
"1,332","1,007",تُهْمَة,noun,2,D=,Open,2,1,5,2,23,ط,9
"1,332","1,007",نَشَر,verb,2,D=,Open,2,1,5,2,23,ط,9
"1,331","1,009",مَنْع,noun,2,D=,Open,1,1,5,2,22,ح,8
"1,330","1,010",مَوْجُود,adj,1,D=,Open,2,1,5,2,15,ه,5
"1,328","1,011",وَافَق,verb,1,D=,Open,3,1,5,2,16,ه,5
"1,325","1,012",هَا,pron_dem,5,MSA,Closed,1,4,5,1,56,ع,16
"1,325","1,012",ٱِنْبَغَى,verb,3,MSA,Open,3,4,5,2,41,م,13
"1,320","1,014",أَصْدَر,verb,3,D=,Open,2,1,5,2,31,ك,11
"1,320","1,014",تَبِع,verb,1,MSA,Open,2,4,5,2,18,و,6
"1,318","1,016",مُحَافَظَة,noun,3,D=,Open,4,1,5,2,33,ل,12
"1,310","1,017",أَبَد,noun,2,D=,Open,2,1,5,2,23,ط,9
"1,310","1,017",مِسْكِين,noun,1,D=,Open,2,1,5,2,15,ه,5
"1,308","1,019",عَانَى,verb,3,D=,Open,2,1,5,2,31,ك,11
"1,308","1,019",نَجَح,verb,1,D=,Open,2,1,5,2,15,ه,5
"1,304","1,021",صَلَاة,noun,1,D=,Open,2,1,5,2,15,ه,5
"1,303","1,022",خَيْمَة,noun,1,D=,Open,2,1,5,2,15,ه,5
"1,302","1,023",طَيِّب,adj,1,D=,Open,2,1,5,2,15,ه,5
"1,300","1,024",طَبْع,noun,3,D=,Open,1,1,5,2,30,ك,11
"1,291","1,025",حَلّ,verb,1,D=,Open,2,1,5,2,15,ه,5
"1,289","1,026",نَشْر,noun,3,D=,Open,1,1,5,2,30,ك,11
"1,289","1,026",سَعِيد,adj,1,D=,Open,2,1,5,2,15,ه,5
"1,288","1,028",هَائِل,adj,3,MSA,Open,2,4,5,2,40,م,13
"1,287","1,029",وَلَد,verb,1,D=,Open,3,1,5,2,16,ه,5
"1,284","1,030",هُنَيْهَة,noun,5,MSA,Open,3,4,5,2,63,ف,17
"1,284","1,030",مُوَظَّف,noun,1,D=,Open,3,1,5,2,16,ه,5
"1,283","1,032",رِحْلَة,noun,1,D=,Open,2,1,5,2,15,ه,5
"1,280","1,033",سَبْع,noun_num,1,D=,Closed,1,1,5,1,13,د,4
"1,278","1,034",خَبِير,noun,3,D=,Open,2,1,5,2,31,ك,11
"1,278","1,034",سِلْمِيّ,adj,3,D=,Open,2,1,5,2,31,ك,11
"1,277","1,036",تَجَاوَز,verb,3,D=,Open,3,1,5,2,32,ك,11
"1,276","1,037",سَرِير,noun,1,MSA,Open,2,4,5,2,18,و,6
"1,275","1,038",أَيْ,part,4,CA,Closed,1,5,5,1,50,س,15
"1,275","1,038",مُدَرِّب,noun,1,D=,Open,3,1,5,2,16,ه,5
"1,274","1,040",قَادِر,adj,3,D~,Open,2,2,5,2,34,ل,12
"1,273","1,041",واصل,noun_prop,2,D=,Open,3,1,5,2,24,ط,9
"1,270","1,042",جَزِيرَة,noun,1,D=,Open,3,1,5,2,16,ه,5
"1,268","1,043",ٱِعْتَرَف,verb,2,D=,Open,3,1,5,2,24,ط,9
"1,267","1,044",صَبْر,noun,1,D=,Open,1,1,5,2,14,د,4
"1,267","1,044",شَرَف,noun,2,D=,Open,2,1,5,2,23,ط,9
"1,267","1,044",نِهَائِيّ,noun,2,D=,Open,3,1,5,2,24,ط,9
"1,267","1,044",كُلْوَة,noun,3,D~,Open,2,2,5,2,34,ل,12
"1,267","1,044",شَعْبِيّ,adj,4,D=,Open,2,1,5,2,39,م,13
"1,266","1,049",عَزِيز,adj,1,D=,Open,2,1,5,2,15,ه,5
"1,265","1,050",صِحِّيّ,adj,1,D=,Open,2,1,5,2,15,ه,5
"1,264","1,051",ذِكْرَى,noun,2,D~,Open,2,2,5,2,25,ط,9
"1,262","1,052",لَهْجَة,noun,4,D=,Open,2,1,5,2,39,م,13
"1,261","1,053",مُحَادَثَة,noun,3,D~,Open,4,2,5,2,36,ل,12
"1,260","1,054",صَارُوخ,noun,1,D=,Open,2,1,5,2,15,ه,5
"1,259","1,055",رَفْض,noun,2,D=,Open,1,1,5,2,22,ح,8
"1,259","1,055",مَلْعَب,noun,1,D=,Open,2,1,5,2,15,ه,5
"1,258","1,057",رِئَاسِيّ,adj,4,D=,Open,3,1,5,2,40,م,13
"1,257","1,058",ٱِتِّجَاه,noun,2,D=,Open,3,1,5,2,24,ط,9
"1,254","1,059",قَصِير,adj,1,D~,Open,2,2,5,2,16,ه,5
"1,248","1,060",صَعْب,adj,1,D=,Open,1,1,5,2,14,د,4
"1,245","1,061",ٱِعْتِمَاد,noun,2,D=,Open,3,1,5,2,24,ط,9
"1,245","1,061",تَدْرِيب,noun,1,D=,Open,2,1,5,2,15,ه,5
"1,245","1,061",مَلِكَة,noun,1,D=,Open,3,1,5,2,16,ه,5
"1,244","1,064",خَلْف,noun,1,MSA,Open,1,4,5,2,17,و,6
"1,242","1,065",كَلَّا,interj,2,MSA,Closed,2,4,5,1,27,ي,10
"1,241","1,066",ٱِنْتِهَاء,noun,2,MSA,Open,3,4,5,2,30,ك,11
"1,237","1,067",إِذَنْ,adv,3,D~,Closed,2,2,5,1,31,ك,11
"1,236","1,068",سَقْف,noun,1,D~,Open,1,2,5,2,15,ه,5
"1,235","1,069",نَادَى,verb,2,D=,Open,2,1,5,2,23,ط,9
"1,235","1,069",تَفْكِير,noun,1,D=,Open,2,1,5,2,15,ه,5
"1,231","1,071",مَرْكِيز,noun,5,MSA,Open,2,4,5,2,62,ع,16
"1,230","1,072",ٱِغْتِيَال,noun,4,D=,Open,3,1,5,2,40,م,13
"1,229","1,073",مَعْرَكَة,noun,2,D=,Open,3,1,5,2,24,ط,9
"1,227","1,074",نُور,noun,1,D=,Open,1,1,5,2,14,د,4
"1,226","1,075",خَدَم,noun,1,D=,Open,2,1,5,2,15,ه,5
"1,225","1,076",ثَقَافِيّ,adj,3,D~,Open,3,2,5,2,35,ل,12
"1,224","1,077",صَفّ,noun,1,D=,Open,1,1,5,2,14,د,4
"1,224","1,077",تَفْصِيل,noun,3,D=,Open,2,1,5,2,31,ك,11
"1,224","1,077",مَرْكَزِيّ,adj,4,D=,Open,3,1,5,2,40,م,13
"1,222","1,080",قَلِيل,noun,1,D~,Open,2,2,5,2,16,ه,5
"1,220","1,081",تَوْفِير,noun,2,D=,Open,2,1,5,2,23,ط,9
"1,220","1,081",عُنْوَان,noun,1,D=,Open,2,1,5,2,15,ه,5
"1,219","1,083",ظَنّ,noun,3,D=,Open,1,1,5,2,30,ك,11
"1,217","1,084",مُعَسْكَر,noun,3,D=,Open,3,1,5,2,32,ك,11
"1,217","1,084",مُرَشَّح,noun,4,D=,Open,3,1,5,2,40,م,13
"1,216","1,086",مُسْتَشَار,noun,3,D=,Open,3,1,5,2,32,ك,11
"1,216","1,086",ضَوْء,noun,1,D~,Open,1,2,5,2,15,ه,5
"1,215","1,088",تَشْكِيل,noun,3,MSA,Open,2,4,5,2,40,م,13
"1,215","1,088",عَيَّن,verb,4,D=,Open,3,1,5,2,40,م,13
"1,212","1,090",أُسْلُوب,noun,2,D=,Open,2,1,5,2,23,ط,9
"1,209","1,091",سُرُور,noun,2,MSA,Open,2,4,5,2,29,ك,11
"1,209","1,091",أُغْنِيَة,noun,1,D~,Open,3,2,5,2,17,و,6
"1,208","1,093",فَنّ,noun,2,D=,Open,1,1,5,2,22,ح,8
"1,208","1,093",جَوْلَة,noun,2,D=,Open,2,1,5,2,23,ط,9
"1,208","1,093",حَذَّر,verb,1,D~,Open,3,2,5,2,17,و,6
"1,207","1,096",غِيَاب,noun,2,D=,Open,2,1,5,2,23,ط,9
"1,207","1,096",تَطَوُّر,noun,2,D=,Open,3,1,5,2,24,ط,9
"1,207","1,096",تَعَامُل,noun,2,D=,Open,3,1,5,2,24,ط,9
"1,206","1,099",صِرَاع,noun,3,D=,Open,2,1,5,2,31,ك,11
"1,206","1,099",إِلَه,noun,1,MSA,Open,2,4,5,2,18,و,6
"1,204","1,101",خلة,noun_prop,4,MSA,Open,2,4,5,2,51,س,15
"1,202","1,102",نَهْر,noun,1,D=,Open,1,1,5,2,14,د,4
"1,199","1,103",فَارِس,noun_prop,2,D=,Open,2,1,5,2,23,ط,9
"1,199","1,103",تَرَاجَع,verb,4,D=,Open,3,1,5,2,40,م,13
"1,197","1,105",شَخْصِيّ,adj,2,D=,Open,2,1,5,2,23,ط,9
"1,197","1,105",شَرِيف,adj,2,D=,Open,2,1,5,2,23,ط,9
"1,197","1,105",شَخْصِيَّة,noun,2,D=,Open,3,1,5,2,24,ط,9
"1,194","1,108",تَرْتِيب,noun,1,D=,Open,2,1,5,2,15,ه,5
"1,193","1,109",مَبْدَأ,noun,4,D=,Open,2,1,5,2,39,م,13
"1,191","1,110",خَلِيجِيّ,adj,3,D=,Open,3,1,5,2,32,ك,11
"1,191","1,110",مُرُور,noun,1,D=,Open,2,1,5,2,15,ه,5
"1,190","1,112",أَبْدَى,verb,3,MSA,Open,2,4,5,2,40,م,13
"1,188","1,113",ٱِلْتِزَام,noun,2,D=,Open,3,1,5,2,24,ط,9
"1,186","1,114",صَعِيد,noun,4,MSA,Open,2,4,5,2,51,س,15
"1,184","1,115",سَافَر,verb,1,D=,Open,3,1,5,2,16,ه,5
"1,182","1,116",طِبِّيّ,adj,3,D=,Open,2,1,5,2,31,ك,11
"1,182","1,116",وَدّ,verb,4,D=,Open,2,1,5,2,39,م,13
"1,182","1,116",بَذَل,verb,4,D~,Open,3,2,5,2,44,ن,14
"1,182","1,116",أَنْقَذ,verb,1,D~,Open,2,2,5,2,16,ه,5
"1,182","1,116",ٱِحْتِفَال,noun,1,D=,Open,3,1,5,2,16,ه,5
"1,181","1,121",غَاز,noun,1,D=,Open,1,1,5,2,14,د,4
"1,181","1,121",ٱِحْتِلَال,noun,3,D=,Open,3,1,5,2,32,ك,11
"1,179","1,123",خَبَر,verb,5,D=,Open,3,1,5,2,48,س,15
"1,179","1,123",تَعْزِيز,noun,3,MSA,Open,2,4,5,2,40,م,13
"1,177","1,125",تَهْدِيد,noun,1,D=,Open,2,1,6,2,16,ه,5
"1,177","1,125",جُثَّة,noun,2,D~,Open,2,2,6,2,26,ي,10
"1,176","1,127",صَحَافِيّ,noun,3,D=,Open,3,1,6,2,33,ل,12
"1,176","1,127",تَأْكِيد,noun,1,D=,Open,2,1,6,2,16,ه,5
"1,172","1,129",رَفِيق,noun,2,D=,Open,2,1,6,2,24,ط,9
"1,172","1,129",بَثّ,noun,4,D~,Open,1,2,6,2,43,ن,14
"1,172","1,129",كَتِف,noun,1,D=,Open,1,1,6,2,15,ه,5
"1,171","1,132",بَعِيد,noun,1,D=,Open,2,1,6,2,16,ه,5
"1,170","1,133",وَدَع,verb,5,MSA,Open,3,4,6,2,64,ف,17
"1,170","1,133",نِيَّة,noun,3,D=,Open,2,1,6,2,32,ك,11
"1,170","1,133",إِرْهَابِيّ,noun,4,D=,Open,3,1,6,2,41,م,13
"1,169","1,136",ٱِتِّفَاقِيَّة,noun,3,MSA,Open,5,4,6,2,44,ن,14
"1,169","1,136",سِرِّيّ,adj,1,D=,Open,2,1,6,2,16,ه,5
"1,166","1,138",يَوْمِيّ,adj,1,D=,Open,2,1,6,2,16,ه,5
"1,165","1,139",فَرَض,verb,3,D=,Open,3,1,6,2,33,ل,12
"1,164","1,140",ثَمَن,noun,1,D~,Open,2,2,6,2,17,و,6
"1,163","1,141",عَصْر,noun,2,D=,Open,1,1,6,2,23,ط,9
"1,162","1,142",رَضِي,verb,1,D=,Open,3,1,6,2,17,و,6
"1,159","1,143",مَسْجِد,noun,1,MSA,Open,2,4,6,2,19,ز,7
"1,159","1,143",خَطَر,verb,5,D=,Open,3,1,6,2,49,س,15
"1,159","1,143",حَيّ,adj,1,MSA,Open,1,4,6,2,18,و,6
"1,157","1,146",مِلَفّ,noun,2,D=,Open,2,1,6,2,24,ط,9
"1,152","1,147",سُقُوط,noun,2,MSA,Open,2,4,6,2,30,ك,11
"1,151","1,148",نُمُوّ,noun,2,MSA,Open,2,4,6,2,30,ك,11
"1,151","1,148",قَمَر,noun,1,D~,Open,2,2,6,2,17,و,6
"1,150","1,150",مُنَظِّر,noun,5,MSA,Open,2,4,6,2,63,ف,17
"1,150","1,150",رَسْم,noun,1,D=,Open,1,1,6,2,15,ه,5
"1,150","1,150",طَال,verb,1,D=,Open,2,1,6,2,16,ه,5
"1,149","1,153",حَظّ,noun,2,D=,Open,1,1,6,2,23,ط,9
"1,145","1,154",أَبْرَز,adj_comp,3,MSA,Open,2,4,6,2,41,م,13
"1,145","1,154",ٱِعْتَمَد,verb,1,D=,Open,3,1,6,2,17,و,6
"1,144","1,156",ٱِنْتِخَابِيّ,adj,4,MSA,Open,4,4,6,2,54,س,15
"1,143","1,157",جَيْب,noun,1,D=,Open,1,1,6,2,15,ه,5
"1,143","1,157",سَابِع,adj_num,1,D=,Closed,2,1,6,1,15,ه,5
"1,142","1,159",مَائِدَة,noun,1,MSA,Open,3,4,6,2,20,ز,7
"1,142","1,159",ثَمَانِي,noun_num,1,D~,Closed,3,2,6,1,17,و,6
"1,142","1,159",حِكَايَة,noun,1,D=,Open,3,1,6,2,17,و,6
"1,140","1,162",إِرَادَة,noun,3,D=,Open,3,1,6,2,33,ل,12
"1,139","1,163",رِعَايَة,noun,2,D=,Open,3,1,6,2,25,ط,9
"1,139","1,163",وَفْد,noun,4,D=,Open,1,1,6,2,39,م,13
"1,138","1,165",ضَعِيف,adj,1,D=,Open,2,1,6,2,16,ه,5
"1,137","1,166",كَرِيم,adj,2,D=,Open,2,1,6,2,24,ط,9
"1,137","1,166",فِرَاش,noun,1,D=,Open,2,1,6,2,16,ه,5
"1,135","1,168",شَكَر,verb,1,D=,Open,3,1,6,2,17,و,6
"1,133","1,169",كَوْن,noun,4,D=,Open,1,1,6,2,39,م,13
"1,131","1,170",مُبَاشِر,adj,2,D=,Open,3,1,6,2,25,ط,9
"1,131","1,170",أَمَل,verb,3,D=,Open,2,1,6,2,32,ك,11
"1,131","1,170",تَرَدَّد,verb,1,D=,Open,2,1,6,2,16,ه,5
"1,130","1,173",ثَوْرَة,noun,4,D~,Open,2,2,6,2,44,ن,14
"1,130","1,173",أَحْسَن,adj_comp,1,D=,Open,2,1,6,2,16,ه,5
"1,129","1,175",حُجْرَة,noun,2,MSA,Open,2,4,6,2,30,ك,11
"1,129","1,175",هَزّ,verb,1,D=,Open,2,1,6,2,16,ه,5
"1,128","1,177",هَمّ,noun,4,D=,Open,1,1,6,2,39,م,13
"1,127","1,178",إِمْكَان,noun,3,MSA,Open,2,4,6,2,41,م,13
"1,127","1,178",تَوْقِيع,noun,1,D=,Open,2,1,6,2,16,ه,5
"1,127","1,178",شُعُور,noun,1,D=,Open,2,1,6,2,16,ه,5
"1,126","1,181",دِينَار,noun,2,D=,Open,2,1,6,2,24,ط,9
"1,126","1,181",جَوَاد,noun_prop,2,MSA,Open,2,4,6,2,30,ك,11
"1,126","1,181",ضَمَان,noun,4,D=,Open,2,1,6,2,40,م,13
"1,125","1,184",تَطْبِيق,noun,3,D~,Open,2,2,6,2,35,ل,12
"1,119","1,185",قَبْض,noun,1,D~,Open,1,2,6,2,16,ه,5
"1,118","1,186",شِرَاء,noun,1,MSA,Open,2,4,6,2,19,ز,7
"1,118","1,186",ٱِنْتَقَل,verb,1,D=,Open,3,1,6,2,17,و,6
"1,116","1,188",هَوَاء,noun,1,D~,Open,2,2,6,2,17,و,6
"1,116","1,188",قَبَض,verb,1,D~,Open,3,2,6,2,18,و,6
"1,115","1,190",كَلْب,noun,1,D=,Open,1,1,6,2,15,ه,5
"1,113","1,191",قَيْد,noun,4,MSA,Open,1,4,6,2,51,س,15
"1,113","1,191",ٱِتِّهَام,noun,3,D=,Open,3,1,6,2,33,ل,12
"1,112","1,193",خَيْل,noun,2,D=,Open,1,1,6,2,23,ط,9
"1,112","1,193",عِشْرُون,adj_num,1,D=,Closed,3,1,6,1,16,ه,5
"1,111","1,195",مُتَّهَم,noun,3,D=,Open,3,1,6,2,33,ل,12
"1,111","1,195",دَائِرَة,noun,1,D=,Open,3,1,6,2,17,و,6
"1,110","1,197",إِنْجَاز,noun,2,D=,Open,2,1,6,2,24,ط,9
"1,110","1,197",رُكْبَة,noun,1,D=,Open,2,1,6,2,16,ه,5
"1,110","1,197",وَاجِب,noun,1,D=,Open,2,1,6,2,16,ه,5
"1,109","1,200",ٱِسْتِخْبَار,noun,5,D=,Open,3,1,6,2,49,س,15
"1,108","1,201",عَجَب,noun,4,D=,Open,2,1,6,2,40,م,13
"1,107","1,202",حِيلَة,noun,3,D=,Open,2,1,6,2,32,ك,11
"1,106","1,203",ثَامِن,adj_num,1,D~,Closed,2,2,6,1,16,ه,5
"1,105","1,204",عُبُوس,noun,3,D=,Open,2,1,6,2,32,ك,11
"1,105","1,204",ظَاهِرَة,noun,4,D=,Open,3,1,6,2,41,م,13
"1,103","1,206",تَرَاجَع,verb,4,D=,Open,3,1,6,2,41,م,13
"1,102","1,207",ٱِضْطَرَب,verb,3,D=,Open,3,1,6,2,33,ل,12
"1,099","1,208",سَنَوِيّ,adj,3,D=,Open,3,1,6,2,33,ل,12
"1,095","1,209",قَنَاة,noun,1,D=,Open,2,1,6,2,16,ه,5
"1,094","1,210",لُورْد,noun,4,D=,Open,1,1,6,2,39,م,13
"1,093","1,211",أُولَاءِ,pron_dem,2,MSA,Open,4,4,6,2,32,ك,11
"1,091","1,212",مُتَمَرِّد,noun,4,D=,Open,4,1,6,2,42,ن,14
"1,089","1,213",شَامِل,adj,4,D=,Open,2,1,6,2,40,م,13
"1,089","1,213",فور,noun_prop,3,D=,Closed,1,1,6,1,28,ي,10
"1,086","1,215",ٱِدَّعَى,verb,4,D=,Open,2,1,6,2,40,م,13
"1,085","1,216",تَوَصُّل,noun,4,D=,Open,3,1,6,2,41,م,13
"1,083","1,217",ذَكَر,noun,2,D~,Open,1,2,6,2,25,ط,9
"1,083","1,217",رَاهِب,noun,4,D=,Open,2,1,6,2,40,م,13
"1,082","1,219",جَعْل,noun,2,MSA,Open,1,4,6,2,29,ك,11
"1,081","1,220",مُمْكِن,adj,1,D=,Open,2,1,6,2,16,ه,5
"1,079","1,221",مَهْرَجَان,noun,2,D=,Open,3,1,6,2,25,ط,9
"1,079","1,221",صَيْحَة,noun,3,D=,Open,2,1,6,2,32,ك,11
"1,079","1,221",وَثِيقَة,noun,4,D=,Open,3,1,6,2,41,م,13
"1,076","1,224",بِنْ,noun,2,MSA,Open,1,4,6,2,29,ك,11
"1,075","1,225",تَذَكَّر,verb,1,D=,Open,2,1,6,2,16,ه,5
"1,074","1,226",عِدَّة,noun,4,MSA,Open,2,4,6,2,52,س,15
"1,073","1,227",سَعْي,noun,3,D=,Open,1,1,6,2,31,ك,11
"1,073","1,227",ذَنْب,noun,1,D~,Open,1,2,6,2,16,ه,5
"1,073","1,227",وُقُوف,noun,1,D=,Open,2,1,6,2,16,ه,5
"1,072","1,230",وَفَاة,noun,2,D=,Open,2,1,6,2,24,ط,9
"1,072","1,230",عَزْم,noun,4,D=,Open,1,1,6,2,39,م,13
"1,071","1,232",تَدَخُّل,noun,2,D=,Open,3,1,6,2,25,ط,9
"1,071","1,232",جَوِّيّ,adj,3,D=,Open,2,1,6,2,32,ك,11
"1,070","1,234",نَام,verb,1,D=,Open,2,1,6,2,16,ه,5
"1,068","1,235",دِبلُومَاسِيّ,noun,5,D=,Open,4,1,6,2,50,س,15
"1,067","1,236",ٱِضْطَرّ,verb,2,D=,Open,3,1,6,2,25,ط,9
"1,066","1,237",مُعَدَّل,noun,4,D=,Open,3,1,6,2,41,م,13
"1,066","1,237",فَرَح,noun,1,D=,Open,2,1,6,2,16,ه,5
"1,066","1,237",مُتَابَعَة,noun,2,D=,Open,4,1,6,2,26,ي,10
"1,062","1,240",تَوَقَّف,verb,1,MSA,Open,2,4,6,2,19,ز,7
"1,060","1,241",ٱِعْتِقَال,noun,3,D=,Open,3,1,6,2,33,ل,12
"1,060","1,241",ٱِنْتِقَام,noun,3,D=,Open,3,1,6,2,33,ل,12
"1,060","1,241",يَمِين,noun,1,D=,Open,2,1,6,2,16,ه,5
"1,058","1,244",تَعْبِير,noun,2,D=,Open,2,1,6,2,24,ط,9
"1,057","1,245",دان,noun_prop,4,MSA,Open,2,4,6,2,52,س,15
"1,057","1,245",غَادَر,verb,2,MSA,Open,3,4,6,2,31,ك,11
"1,056","1,247",كَشْف,noun,3,D=,Open,1,1,6,2,31,ك,11
"1,056","1,247",رِوَايَة,noun,3,D=,Open,3,1,6,2,33,ل,12
"1,055","1,249",تَمَّام,noun_prop,2,D=,Open,2,1,6,2,24,ط,9
"1,055","1,249",وَظِيفَة,noun,2,D~,Open,3,2,6,2,27,ي,10
"1,053","1,251",إِعْلَامِيّ,adj,4,D=,Open,3,1,6,2,41,م,13
"1,050","1,252",تَوَجَّه,verb,2,D=,Open,3,1,6,2,25,ط,9
"1,050","1,252",خَيَال,noun,1,D=,Open,2,1,6,2,16,ه,5
"1,050","1,252",ٱِسْتَحَقّ,verb,2,D~,Open,3,2,6,2,27,ي,10
"1,049","1,255",قَانُونِيّ,adj,3,D=,Open,3,1,6,2,33,ل,12
"1,049","1,255",خَاطَب,verb,3,MSA,Open,3,4,6,2,42,ن,14
"1,049","1,255",فَارَق,verb,4,D~,Open,2,2,6,2,44,ن,14
"1,048","1,258",أَقَرّ,verb,4,MSA,Open,2,4,6,2,52,س,15
"1,047","1,259",أَوْصَى,verb,3,MSA,Open,2,4,6,2,41,م,13
"1,046","1,260",أَثْبَت,verb,3,D~,Open,2,2,6,2,35,ل,12
"1,046","1,260",غَنِيّ,adj,1,D=,Open,2,1,6,2,16,ه,5
"1,044","1,262",عُنْق,noun,2,MSA,Open,1,4,6,2,29,ك,11
"1,041","1,263",بَأْس,noun,4,D=,Open,1,1,6,2,39,م,13
"1,040","1,264",تَمْوِيل,noun,5,D=,Open,2,1,6,2,48,س,15
"1,040","1,264",خَسِر,verb,1,D=,Open,3,1,6,2,17,و,6
"1,038","1,266",أَعْجَب,verb,3,D~XP,Open,2,3,6,2,38,م,13
"1,037","1,267",وَقَّع,verb,2,D=,Open,3,1,6,2,25,ط,9
"1,037","1,267",مُعَلِّم,noun,1,D=,Open,2,1,6,2,16,ه,5
"1,034","1,269",خَطِير,adj,1,D=,Open,2,1,6,2,16,ه,5
"1,033","1,270",شَاهِد,noun,3,D=,Open,2,1,6,2,32,ك,11
"1,030","1,271",حَدَّد,verb,3,D=,Open,3,1,6,2,33,ل,12
"1,030","1,271",أَثَّر,verb,2,D~,Open,2,2,6,2,26,ي,10
"1,029","1,273",فِرَار,noun,4,MSA,Open,2,4,6,2,52,س,15
"1,028","1,274",فَشَل,noun,1,D=,Open,2,1,6,2,16,ه,5
"1,027","1,275",أَه,interj,1,D=,Open,1,1,6,2,15,ه,5
"1,027","1,275",عِشْرُون,noun_num,1,D=,Closed,3,1,6,1,16,ه,5
"1,026","1,277",أَكَل,verb,1,D=,Open,2,1,6,2,16,ه,5
"1,025","1,278",مَعْرِض,noun,4,D=,Open,2,1,6,2,40,م,13
"1,025","1,278",أَكْثَر,noun_quant,1,D~,Closed,2,2,6,1,16,ه,5
"1,023","1,280",طَرَح,verb,4,MSA,Open,3,4,6,2,53,س,15
"1,023","1,280",مُتَوَسِّط,adj,2,D=,Open,4,1,6,2,26,ي,10
"1,022","1,282",مَوْضِع,noun,4,MSA,Open,2,4,6,2,52,س,15
"1,020","1,283",تَحَرُّك,noun,2,D=,Open,3,1,6,2,25,ط,9
"1,020","1,283",كَاهِن,noun,4,D=,Open,2,1,6,2,40,م,13
"1,020","1,283",ظَهَر,verb,1,D~,Open,1,2,6,2,16,ه,5
"1,019","1,286",أَعْرَب,verb,4,MSA,Open,2,4,6,2,52,س,15
"1,019","1,286",ٱِنْفِجَار,noun,1,D=,Open,3,1,6,2,17,و,6
"1,018","1,288",تَقْدِير,noun,2,D=,Open,2,1,6,2,24,ط,9
"1,018","1,288",أَعْظَم,adj_comp,1,D~,Open,2,2,6,2,17,و,6
"1,017","1,290",مَبْنَى,noun,1,D=,Open,2,1,6,2,16,ه,5
"1,016","1,291",مُجَرَّد,noun,4,D=,Open,3,1,6,2,41,م,13
"1,016","1,291",قِطَار,noun,1,D=,Open,2,1,6,2,16,ه,5
"1,015","1,293",مَيِّت,noun,1,D=,Open,2,1,6,2,16,ه,5
"1,012","1,294",مُوَافَقَة,noun,1,D~,Open,4,2,6,2,19,ز,7
"1,012","1,294",مَشْهَد,noun,2,D=,Open,2,1,6,2,24,ط,9
"1,010","1,296",خِلَافَة,noun,3,MSA,Open,3,4,6,2,42,ن,14
"1,010","1,296",كُرْسِيّ,noun,1,D=,Open,2,1,6,2,16,ه,5
"1,009","1,298",نَافِذ,adj,5,MSA,Open,2,4,6,2,63,ف,17
"1,009","1,298",أَسَد,noun,1,D=,Open,1,1,6,2,15,ه,5
"1,007","1,300",جَنُوبِيّ,adj,3,D=,Open,3,1,6,2,33,ل,12
"1,007","1,300",غَلَب,verb,1,D=,Open,3,1,6,2,17,و,6
"1,006","1,302",ظُهْر,noun,1,D~,Open,1,2,6,2,16,ه,5
"1,006","1,302",ٱِشْتَرَى,verb,1,D=,Open,3,1,6,2,17,و,6
"1,003","1,304",إمام,noun_prop,1,D=,Open,2,1,6,2,16,ه,5
"1,003","1,304",تَمَنَّى,verb,1,D=,Open,2,1,6,2,16,ه,5
"1,002","1,306",تَسْجِيل,noun,2,D=,Open,2,1,6,2,24,ط,9
"1,000","1,307",زَمِيل,noun,2,D=,Open,2,1,6,2,24,ط,9
"1,000","1,307",غَالِبِيَّة,noun_quant,3,D~,Closed,4,2,6,1,34,ل,12
"1,000","1,307",مُكَافَحَة,noun,3,D=,Open,4,1,6,2,34,ل,12
997,"1,310",قُبُول,noun,2,D=,Open,2,1,6,2,24,ط,9
996,"1,311",مُعْتَقَل,noun,4,D=,Open,3,1,6,2,41,م,13
996,"1,311",جَزَاء,noun,1,D=,Open,2,1,6,2,16,ه,5
995,"1,313",نَظَّم,verb,2,D=,Open,3,1,6,2,25,ط,9
994,"1,314",كَمْ,adv_rel,1,D=,Closed,1,1,6,1,14,د,4
994,"1,314",مُقَدَّس,adj,3,D=,Open,3,1,6,2,33,ل,12
993,"1,316",صِنَاعِيّ,adj,3,D=,Open,3,1,6,2,33,ل,12
992,"1,317",دُوق,noun,5,MSA,Open,1,4,6,2,62,ع,16
992,"1,317",ٱِسْتِقْلَال,noun,3,D=,Open,3,1,6,2,33,ل,12
992,"1,317",كِتَابَة,noun,1,D=,Open,3,1,6,2,17,و,6
991,"1,320",قَصّ,verb,1,D~,Open,2,2,6,2,17,و,6
990,"1,321",مِيلاد,noun,1,D=,Open,2,1,6,2,16,ه,5
990,"1,321",شَرِب,verb,1,D=,Open,3,1,6,2,17,و,6
989,"1,323",عِلَاج,noun,1,D=,Open,2,1,6,2,16,ه,5
988,"1,324",مَنَح,verb,4,MSA,Open,3,4,6,2,53,س,15
987,"1,325",نَقْد,noun,4,MSA,Open,1,4,6,2,51,س,15
987,"1,325",هَدَّد,verb,2,D=,Open,3,1,6,2,25,ط,9
987,"1,325",ذَهَب,noun,1,D~,Open,2,2,6,2,17,و,6
986,"1,328",ضَخْم,adj,1,D=,Open,1,1,6,2,15,ه,5
985,"1,329",أَخْفَى,verb,1,MSA,Open,2,4,6,2,19,ز,7
985,"1,329",مُنَاقَشَة,noun,3,D=,Open,4,1,6,2,34,ل,12
985,"1,329",مَخَافَة,noun,3,MSA,Open,3,4,6,2,42,ن,14
984,"1,332",مُهَنْدِس,noun,1,D=,Open,3,1,6,2,17,و,6
981,"1,333",مُسَابَقَة,noun,1,D~,Open,4,2,6,2,19,ز,7
981,"1,333",عَفْو,noun,2,D=,Open,1,1,6,2,23,ط,9
981,"1,333",تَحْرِير,noun,3,D=,Open,2,1,6,2,32,ك,11
981,"1,333",قِطْعَة,noun,1,D~,Open,2,2,6,2,17,و,6
980,"1,337",تَرْبِيَة,noun,1,D=,Open,3,1,6,2,17,و,6
979,"1,338",ٱِنْتِصَار,noun_prop,2,D=,Open,3,1,6,2,25,ط,9
979,"1,338",تَحِيَّة,noun,1,D=,Open,3,1,6,2,17,و,6
979,"1,338",قَابِل,adj,1,D~,Open,3,2,6,2,18,و,6
978,"1,341",مِينَاء,noun,2,D=,Open,2,1,6,2,24,ط,9
977,"1,342",جَار,noun,1,D=,Open,1,1,6,2,15,ه,5
976,"1,343",رِضَا,noun_prop,3,D=,Open,2,1,6,2,32,ك,11
976,"1,343",كَافَّة,noun_quant,3,MSA,Closed,2,4,6,1,38,م,13
975,"1,345",أَسَف,noun,1,D=,Open,2,1,6,2,16,ه,5
974,"1,346",نَفْسِيّ,adj,4,D=,Open,2,1,6,2,40,م,13
973,"1,347",فَقَد,verb,2,D~,Open,3,2,6,2,27,ي,10
972,"1,348",عَالَم,noun,2,D=,Open,2,1,6,2,24,ط,9
971,"1,349",جَنَاح,noun,1,D=,Open,2,1,6,2,16,ه,5
970,"1,350",إِرْسَال,noun,1,MSA,Open,2,4,6,2,19,ز,7
970,"1,350",تَشْرِيعِيّ,adj,5,MSA,Open,3,4,6,2,64,ف,17
970,"1,350",عَدَد,noun,3,D=,Open,2,1,6,2,32,ك,11
969,"1,353",شَرِيك,noun,2,D=,Open,2,1,6,2,24,ط,9
969,"1,353",ضَرْب,noun,1,D=,Open,1,1,6,2,15,ه,5
968,"1,355",لَاحَظ,verb,1,D=,Open,2,1,6,2,16,ه,5
967,"1,356",أَسْفَر,verb,4,MSA,Open,2,4,6,2,52,س,15
967,"1,356",مُنْتَصَف,noun,2,D~XP,Open,3,3,6,2,29,ك,11
967,"1,356",ٱِنْتِحَارِيّ,adj,4,D=,Open,4,1,6,2,42,ن,14
966,"1,359",ٱِقْتَرَب,verb,1,MSA,Open,3,4,6,2,20,ز,7
966,"1,359",ٱِفْتِتَاح,noun,3,D=,Open,3,1,6,2,33,ل,12
966,"1,359",صَفْحَة,noun,1,D=,Open,2,1,6,2,16,ه,5
963,"1,362",بُولِيس,noun,1,D=,Open,2,1,6,2,16,ه,5
961,"1,363",دَنَأ,verb,3,MSA,Open,2,4,6,2,41,م,13
960,"1,364",تَدْبِير,noun,3,D=,Open,2,1,6,2,32,ك,11
960,"1,364",بَصَر,noun,4,D=,Open,2,1,6,2,40,م,13
959,"1,366",صِفَة,noun,2,D=,Open,2,1,6,2,24,ط,9
958,"1,367",أَسْوَد,adj,1,D=,Open,2,1,6,2,16,ه,5
957,"1,368",مَطَار,noun,1,D=,Open,2,1,6,2,16,ه,5
956,"1,369",حَبّ,noun,1,D=,Open,1,1,6,2,15,ه,5
954,"1,370",حَكَم,verb,3,D=,Open,3,1,6,2,33,ل,12
954,"1,370",أَهَمّ,verb,4,D=,Open,2,1,6,2,40,م,13
950,"1,372",مُقَدَّم,noun,4,MSA,Open,2,4,6,2,52,س,15
950,"1,372",أَنْكَر,verb,3,D=,Open,2,1,6,2,32,ك,11
950,"1,372",فَم,noun,1,MSA,Open,1,4,6,2,18,و,6
949,"1,375",عَدْل,noun,2,D=,Open,1,1,7,2,24,ط,9
948,"1,376",نَصّ,noun,2,D=,Open,1,1,7,2,24,ط,9
946,"1,377",دَاخِلِيّ,adj,4,D=,Open,4,1,7,2,43,ن,14
943,"1,378",مِتْر,noun,2,D=,Open,1,1,7,2,24,ط,9
943,"1,378",رِيَال,noun,3,D=,Open,2,1,7,2,33,ل,12
943,"1,378",فَسَاد,noun,3,D=,Open,2,1,7,2,33,ل,12
942,"1,381",تَكْلِيف,noun,3,D=,Open,2,1,7,2,33,ل,12
942,"1,381",ٱِحْتِمَال,noun,1,D=,Open,3,1,7,2,18,و,6
941,"1,383",أَحَاط,verb,3,MSA,Open,3,4,7,2,43,ن,14
940,"1,384",دُسْتُورِيّ,adj,5,D=,Open,3,1,7,2,50,س,15
937,"1,385",تَأْمِين,noun,3,D=,Open,2,1,7,2,33,ل,12
935,"1,386",شُعَاع,noun,2,D=,Open,2,1,7,2,25,ط,9
935,"1,386",دَعّ,verb,5,MSA,Open,1,4,7,2,63,ف,17
935,"1,386",تَارِيخ,noun,3,D=,Open,3,1,7,2,34,ل,12
935,"1,386",سَيْطَرَة,noun,2,D=,Open,3,1,7,2,26,ي,10
935,"1,386",مَظْهَر,noun,2,D~,Open,2,2,7,2,27,ي,10
934,"1,391",تَسْلِيم,noun,3,D=,Open,2,1,7,2,33,ل,12
934,"1,391",تَحَالُف,noun,4,D=,Open,3,1,7,2,42,ن,14
934,"1,391",لَعْب,noun,1,D=,Open,1,1,7,2,16,ه,5
932,"1,394",لِصّ,noun,1,MSA,Open,1,4,7,2,19,ز,7
932,"1,394",عَرْش,noun,3,D=,Open,1,1,7,2,32,ك,11
932,"1,394",أَسِير,noun,3,D=,Open,2,1,7,2,33,ل,12
931,"1,397",دِيمُقرَاطِيّ,adj,4,D=,Open,4,1,7,2,43,ن,14
931,"1,397",مُسْتَمِرّ,adj,2,D=,Open,3,1,7,2,26,ي,10
930,"1,399",نَفَى,verb,3,D=,Open,2,1,7,2,33,ل,12
928,"1,400",فَضَاء,noun,2,D=,Open,2,1,7,2,25,ط,9
928,"1,400",وَادِي,noun,3,D=,Open,2,1,7,2,33,ل,12
928,"1,400",مَسّ,noun,4,D=,Open,1,1,7,2,40,م,13
927,"1,403",أَشْبَه,verb,2,D=,Open,2,1,7,2,25,ط,9
927,"1,403",جِنِرَال,noun,4,D=,Open,3,1,7,2,42,ن,14
926,"1,405",وَعْد,noun,1,D=,Open,1,1,7,2,16,ه,5
924,"1,406",عَقِب,noun,4,MSA,Open,1,4,7,2,52,س,15
924,"1,406",عَلَّق,verb,2,D~,Open,3,2,7,2,28,ي,10
923,"1,408",ٱِعْتِرَاف,noun,3,D=,Open,3,1,7,2,34,ل,12
923,"1,408",تَمَتَّع,verb,1,D=,Open,2,1,7,2,17,و,6
922,"1,410",زَمَان,noun,1,D=,Open,2,1,7,2,17,و,6
920,"1,411",آتِي,adj,2,MSA,Open,2,4,7,2,31,ك,11
920,"1,411",رَغِب,verb,3,D=,Open,3,1,7,2,34,ل,12
920,"1,411",شَمَال,noun,3,D=,Open,3,1,7,2,34,ل,12
920,"1,411",تَيَّار,noun,4,D=,Open,2,1,7,2,41,م,13
919,"1,415",شَدَّد,verb,4,D=,Open,3,1,7,2,42,ن,14
918,"1,416",شَهَادَة,noun,1,D=,Open,3,1,7,2,18,و,6
917,"1,417",ٱِبْتِسامَة,noun,1,D=,Open,4,1,7,2,19,ز,7
916,"1,418",نِزَاع,noun,4,D=,Open,2,1,7,2,41,م,13
916,"1,418",أَدْنَى,adj_comp,3,MSA,Open,2,4,7,2,42,ن,14
916,"1,418",هُدُوء,noun,1,D=,Open,2,1,7,2,17,و,6
914,"1,421",دَام,verb,3,D=,Closed,2,1,7,1,30,ك,11
914,"1,421",أَبْلَغ,verb,3,MSA,Open,2,4,7,2,42,ن,14
913,"1,423",رِيح,noun,1,D=,Open,1,1,7,2,16,ه,5
913,"1,423",مُهَاجِم,noun,2,D=,Open,3,1,7,2,26,ي,10
912,"1,425",ٱِتِّخَاذ,noun,3,MSA,Open,3,4,7,2,43,ن,14
911,"1,426",شُكْر,noun,1,D=,Open,1,1,7,2,16,ه,5
910,"1,427",حَال,noun,4,MSA,Open,2,4,7,2,53,س,15
909,"1,428",إِمْبِرَاطُور,noun,3,D=,Open,4,1,7,2,35,ل,12
909,"1,428",جِوَار,noun,3,MSA,Open,2,4,7,2,42,ن,14
908,"1,430",تَبَيَّن,verb,3,D=,Open,3,1,7,2,34,ل,12
908,"1,430",سَلَامَة,noun_prop,2,D=,Open,3,1,7,2,26,ي,10
907,"1,432",ٱِخْتَلَف,verb,3,D=,Open,3,1,7,2,34,ل,12
904,"1,433",رَحْمَة,noun,3,D=,Open,2,1,7,2,33,ل,12
903,"1,434",أَوْقَف,verb,1,D~XP,Open,2,3,7,2,19,ز,7
902,"1,435",هَدَف,verb,3,D=,Open,3,1,7,2,34,ل,12
901,"1,436",إِمْكَانِيَّة,noun,3,D=,Open,4,1,7,2,35,ل,12
901,"1,436",عَجُوز,adj,1,D=,Open,2,1,7,2,17,و,6
901,"1,436",مَطْلُوب,adj,1,D=,Open,2,1,7,2,17,و,6
901,"1,436",بَشَرِيّ,adj,2,D=,Open,3,1,7,2,26,ي,10
900,"1,440",مَقَال,noun,3,D=,Open,2,1,7,2,33,ل,12
900,"1,440",غَاب,verb,1,D=,Open,2,1,7,2,17,و,6
899,"1,442",ذِهْن,noun,3,D~,Open,1,2,7,2,35,ل,12
898,"1,443",خَاصّ,adj,5,D=,Open,2,1,7,2,49,س,15
898,"1,443",أَدَار,verb,3,D=,Open,3,1,7,2,34,ل,12
898,"1,443",قِرَاءَة,noun,1,D=,Open,3,1,7,2,18,و,6
895,"1,446",بَشَر,noun,1,D=,Open,1,1,7,2,16,ه,5
894,"1,447",قَارِئ,noun,2,D=,Open,2,1,7,2,25,ط,9
893,"1,448",أَصْغَى,verb,3,MSA,Open,2,4,7,2,42,ن,14
893,"1,448",سِلْسِلَة,noun,1,D=,Open,3,1,7,2,18,و,6
893,"1,448",شَفَة,noun,1,D~,Open,2,2,7,2,18,و,6
892,"1,451",عَمِيق,adj,3,D=,Open,2,1,7,2,33,ل,12
891,"1,452",كَفّ,noun,1,MSA,Open,1,4,7,2,19,ز,7
889,"1,453",مَجِيء,noun,2,MSA,Open,2,4,7,2,31,ك,11
888,"1,454",تَاسِع,adj_num,1,D=,Closed,2,1,7,1,16,ه,5
887,"1,455",زِيّ,noun,2,D=,Open,1,1,7,2,24,ط,9
886,"1,456",مُوَاصَلَة,noun,2,D=,Open,4,1,7,2,27,ي,10
883,"1,457",أَعَان,verb,3,D=,Open,3,1,7,2,34,ل,12
883,"1,457",قَلّ,verb,3,D~,Open,1,2,7,2,35,ل,12
882,"1,459",مَعْرِض,noun,3,D=,Open,3,1,7,2,34,ل,12
882,"1,459",إِيجَابِيّ,adj,4,D=,Open,3,1,7,2,42,ن,14
882,"1,459",رَمَى,verb,1,D=,Open,2,1,7,2,17,و,6
881,"1,462",جِيل,noun,3,D=,Open,1,1,7,2,32,ك,11
880,"1,463",إِفْرَاج,noun,3,D=,Open,2,1,7,2,33,ل,12
880,"1,463",كافي,noun_prop,3,D=,Open,2,1,7,2,33,ل,12
879,"1,465",بَيْد,noun,5,MSA,Open,1,4,7,2,63,ف,17
879,"1,465",تَبَادُل,noun,3,D=,Open,3,1,7,2,34,ل,12
877,"1,467",فِئَة,noun,4,D=,Open,2,1,7,2,41,م,13
877,"1,467",غَيْرَة,noun,1,D=,Open,2,1,7,2,17,و,6
876,"1,469",كَلَّف,verb,4,D=,Open,3,1,7,2,42,ن,14
876,"1,469",وُقُوع,noun,3,MSA,Open,2,4,7,2,42,ن,14
876,"1,469",طَيْر,noun,1,D=,Open,1,1,7,2,16,ه,5
875,"1,472",مُؤَشِّر,noun,4,D=,Open,3,1,7,2,42,ن,14
874,"1,473",قَبْر,noun,1,D~,Open,1,2,7,2,17,و,6
873,"1,474",جَبْهَة,noun,4,D=,Open,2,1,7,2,41,م,13
871,"1,475",مَوْلَى,noun,5,MSA,Open,2,4,7,2,64,ف,17
870,"1,476",جرَام,noun,3,D=,Open,1,1,7,2,32,ك,11
870,"1,476",ٱِرْتَكَب,verb,3,D=,Open,3,1,7,2,34,ل,12
867,"1,478",إِمَّا,conj,2,D=,Closed,2,1,7,1,23,ط,9
866,"1,479",ضَرْبَة,noun,1,D=,Open,2,1,7,2,17,و,6
865,"1,480",فَرْض,noun,3,D=,Open,1,1,7,2,32,ك,11
863,"1,481",إِسْترَاتِيجِيّ,adj,4,D=,Open,4,1,7,2,43,ن,14
862,"1,482",عَيْش,noun,2,D=,Open,1,1,7,2,24,ط,9
860,"1,483",قَطْع,noun,2,D~,Open,1,2,7,2,26,ي,10
859,"1,484",أَمْسَك,verb,3,D~XP,Open,2,3,7,2,39,م,13
859,"1,484",مَعْهَد,noun,4,D=,Open,2,1,7,2,41,م,13
859,"1,484",ٱِلْتَمَس,verb,4,D=,Open,3,1,7,2,42,ن,14
857,"1,487",خَنْجَر,noun,2,D=,Open,2,1,7,2,25,ط,9
857,"1,487",حِلْف,noun,3,D=,Open,1,1,7,2,32,ك,11
857,"1,487",أَشْرَف,verb,3,D=,Open,2,1,7,2,33,ل,12
857,"1,487",مَفْتُوح,adj,1,D=,Open,2,1,7,2,17,و,6
857,"1,487",تَصَرُّف,noun,1,D=,Open,3,1,7,2,18,و,6
855,"1,492",مِسَاحَة,noun,3,D=,Open,3,1,7,2,34,ل,12
853,"1,493",رَوَى,verb,3,MSA,Open,2,4,7,2,42,ن,14
853,"1,493",رُجُوع,noun,1,D=,Open,2,1,7,2,17,و,6
853,"1,493",ٱِسْتَغْرَب,verb,1,D=,Open,3,1,7,2,18,و,6
852,"1,496",ذَهَبِيّ,adj,1,D~,Open,3,2,7,2,19,ز,7
852,"1,496",إِعْجَاب,noun,3,D=,Open,2,1,7,2,33,ل,12
852,"1,496",عِنَايَة,noun,2,D=,Open,3,1,7,2,26,ي,10
851,"1,499",أَغْلَق,verb,1,MSA,Open,2,4,7,2,20,ز,7
850,"1,500",شَاطِئ,noun,1,D=,Open,2,1,7,2,17,و,6
850,"1,500",مَدّ,verb,1,D=,Open,2,1,7,2,17,و,6
850,"1,500",مَسَافَة,noun,2,D=,Open,3,1,7,2,26,ي,10
848,"1,503",مُرَاقَبَة,noun,2,D=,Open,4,1,7,2,27,ي,10
847,"1,504",رُبُع,noun_quant,2,D=,Closed,2,1,7,1,23,ط,9
846,"1,505",خِيَار,noun,3,D=,Open,2,1,7,2,33,ل,12
846,"1,505",إِلِكْترُونِيّ,adj,2,D=,Open,4,1,7,2,27,ي,10
845,"1,507",أَطْلَع,verb,3,MSA,Open,2,4,7,2,42,ن,14
844,"1,508",سُور,noun,2,D=,Open,1,1,7,2,24,ط,9
844,"1,508",نَائِم,adj,1,D~,Open,2,2,7,2,18,و,6
843,"1,510",أَقْصَى,adj_comp,2,D=,Open,2,1,7,2,25,ط,9
843,"1,510",أَدْخَل,verb,2,D~XP,Open,2,3,7,2,29,ك,11
843,"1,510",ٱِعْتِقَاد,noun,3,D=,Open,3,1,7,2,34,ل,12
843,"1,510",مُطْلَق,adj,4,D=,Open,2,1,7,2,41,م,13
841,"1,514",مَيْل,noun,4,D=,Open,1,1,7,2,40,م,13
840,"1,515",دَهْشَة,noun,2,D=,Open,2,1,7,2,25,ط,9
840,"1,515",تَحْسِين,noun,3,D=,Open,2,1,7,2,33,ل,12
840,"1,515",هَوَى,verb,4,D=,Open,2,1,7,2,41,م,13
839,"1,518",عِصَابَة,noun,2,D=,Open,3,1,7,2,26,ي,10
838,"1,519",بَرْمِيل,noun,1,D=,Open,2,1,7,2,17,و,6
836,"1,520",خُطْبَة,noun,2,D=,Open,2,1,7,2,25,ط,9
836,"1,520",بَاع,verb,1,D=,Open,2,1,7,2,17,و,6
836,"1,520",قِتَال,noun,1,D=,Open,2,1,7,2,17,و,6
836,"1,520",ظَلَام,noun,1,D~,Open,2,2,7,2,18,و,6
835,"1,524",فَنَّان,noun,2,D=,Open,2,1,7,2,25,ط,9
835,"1,524",تَنْفِيذِيّ,adj,3,D=,Open,3,1,7,2,34,ل,12
834,"1,526",جُلُوس,noun,1,MSA,Open,2,4,7,2,20,ز,7
833,"1,527",ظُهُور,noun,3,D~,Open,2,2,7,2,36,ل,12
833,"1,527",خَاصّ,adj,4,D=,Open,2,1,7,2,41,م,13
833,"1,527",بَسِيط,adj,1,D=,Open,2,1,7,2,17,و,6
832,"1,530",رَيْب,noun,4,MSA,Open,1,4,7,2,52,س,15
832,"1,530",صَمْت,noun,2,MSA,Open,1,4,7,2,30,ك,11
832,"1,530",مَهْمَا,pron_rel,3,D=,Closed,2,1,7,1,30,ك,11
832,"1,530",تِلْفِزيُون,noun,1,D=,Open,3,1,7,2,18,و,6
831,"1,534",نَظِير,noun,4,D~,Open,2,2,7,2,45,ن,14
831,"1,534",خُلْق,noun,1,D=,Open,1,1,7,2,16,ه,5
831,"1,534",مُنَافَسَة,noun,2,D=,Open,4,1,7,2,27,ي,10
829,"1,537",صُعُوبَة,noun,2,D=,Open,3,1,7,2,26,ي,10
828,"1,538",سَرَاح,noun,4,MSA,Open,2,4,7,2,53,س,15
827,"1,539",خِبْرَة,noun,3,D=,Open,2,1,7,2,33,ل,12
827,"1,539",تَظَاهَر,verb,3,D~,Open,3,2,7,2,37,م,13
827,"1,539",ٱِسْتِطْلَاع,noun,4,D=,Open,3,1,7,2,42,ن,14
827,"1,539",تَحَرَّك,verb,1,D=,Open,3,1,7,2,18,و,6
825,"1,543",خَفْض,noun,3,MSA,Open,1,4,7,2,41,م,13
825,"1,543",مُنْتَج,noun,4,D=,Open,2,1,7,2,41,م,13
824,"1,545",مَطْلَع,noun,4,MSA,Open,2,4,7,2,53,س,15
824,"1,545",عُمْق,noun,3,D=,Open,1,1,7,2,32,ك,11
824,"1,545",عَبْد,noun,4,D=,Open,1,1,7,2,40,م,13
821,"1,548",طَاعَة,noun,3,D=,Open,2,1,7,2,33,ل,12
820,"1,549",فَجْر,noun,1,D=,Open,1,1,7,2,16,ه,5
820,"1,549",رِيَاضِيّ,adj,1,D=,Open,3,1,7,2,18,و,6
819,"1,551",ٱِتَّصَل,verb,1,D=,Open,3,1,7,2,18,و,6
817,"1,552",نَافِذَة,noun,1,MSA,Open,3,4,7,2,21,ح,8
815,"1,553",بَلْدَة,noun,2,D=,Open,2,1,7,2,25,ط,9
814,"1,554",مَدّ,noun,2,D=,Open,1,1,7,2,24,ط,9
814,"1,554",سَمَاع,noun,2,D=,Open,2,1,7,2,25,ط,9
811,"1,556",تَوْزِيع,noun,2,D=,Open,2,1,7,2,25,ط,9
810,"1,557",تَمَثَّل,verb,3,D=,Open,2,1,7,2,33,ل,12
809,"1,558",هُوِيَّة,noun,4,D=,Open,3,1,7,2,42,ن,14
809,"1,558",مُحَاكَمَة,noun,4,D=,Open,4,1,7,2,43,ن,14
809,"1,558",دَوَاء,noun,1,D~,Open,2,2,7,2,18,و,6
808,"1,561",كَهْرَبَاء,noun,1,D~,Open,3,2,7,2,19,ز,7
807,"1,562",سُمْعَة,noun,3,D=,Open,2,1,7,2,33,ل,12
807,"1,562",فَجْأَة,noun,1,D=,Open,3,1,7,2,18,و,6
807,"1,562",طَيَرَان,noun,2,D=,Open,3,1,7,2,26,ي,10
806,"1,565",صَحَافَة,noun,3,D=,Open,3,1,7,2,34,ل,12
806,"1,565",آلِيَّة,noun,3,MSA,Open,2,4,7,2,42,ن,14
805,"1,567",صِلَة,noun,3,D=,Open,2,1,7,2,33,ل,12
805,"1,567",تَعَادَل,verb,1,D=,Open,3,1,7,2,18,و,6
804,"1,569",تَوَجُّه,noun,3,D=,Open,3,1,7,2,34,ل,12
802,"1,570",بارون,noun_prop,5,D=,Open,2,1,7,2,49,س,15
802,"1,570",عَبَّر,verb,3,D=,Open,3,1,7,2,34,ل,12
802,"1,570",أَطَلّ,verb,3,D~XP,Open,2,3,7,2,39,م,13
802,"1,570",تَلَا,verb,3,MSA,Open,2,4,7,2,42,ن,14
802,"1,570",سُلَّم,noun,1,D=,Open,1,1,7,2,16,ه,5
802,"1,570",مِثَال,noun,1,D~,Open,2,2,7,2,18,و,6
801,"1,576",أَحْسَن,verb,2,D=,Open,2,1,7,2,25,ط,9
801,"1,576",تَجَمُّع,noun,2,D=,Open,3,1,7,2,26,ي,10
800,"1,578",طَائِفَة,noun,4,D=,Open,3,1,7,2,42,ن,14
800,"1,578",ٱِعْتَقَل,verb,2,D=,Open,3,1,7,2,26,ي,10
799,"1,580",فَرّ,verb,3,MSA,Open,2,4,7,2,42,ن,14
799,"1,580",بِطَاقَة,noun,1,D=,Open,3,1,7,2,18,و,6
798,"1,582",ٱِعْتَرَض,verb,3,D=,Open,3,1,7,2,34,ل,12
797,"1,583",تَسْوِيَة,noun,4,MSA,Open,3,4,7,2,54,س,15
797,"1,583",تَحْوِيل,noun,2,D=,Open,2,1,7,2,25,ط,9
796,"1,585",صَرْف,noun,2,D=,Open,1,1,7,2,24,ط,9
796,"1,585",وَصْف,noun,2,D=,Open,1,1,7,2,24,ط,9
796,"1,585",تَعْيِين,noun,4,D=,Open,2,1,7,2,41,م,13
796,"1,585",صَحْرَاء,noun,1,D~,Open,2,2,7,2,18,و,6
795,"1,589",مَشْعَر,noun,5,MSA,Open,2,4,7,2,64,ف,17
794,"1,590",تَعَالَى,verb,1,MSA,Open,3,4,7,2,21,ح,8
794,"1,590",دَرْس,noun,1,D=,Open,1,1,7,2,16,ه,5
794,"1,590",خَفِيف,adj,1,D=,Open,2,1,7,2,17,و,6
792,"1,593",حِذَاء,noun,1,MSA,Open,2,4,7,2,20,ز,7
792,"1,593",تَعْلِيق,noun,2,D=,Open,2,1,7,2,25,ط,9
792,"1,593",أُفُق,noun,3,D=,Open,2,1,7,2,33,ل,12
791,"1,596",هَيْكَل,noun,3,D=,Open,2,1,7,2,33,ل,12
791,"1,596",أَتَاح,verb,3,MSA,Open,3,4,7,2,43,ن,14
791,"1,596",هَزِيمَة,noun,1,D=,Open,3,1,7,2,18,و,6
789,"1,599",مَطْلَب,noun,3,D=,Open,2,1,7,2,33,ل,12
789,"1,599",سِيَادَة,noun,3,D=,Open,3,1,7,2,34,ل,12
789,"1,599",تَاجِر,noun,1,D=,Open,2,1,7,2,17,و,6
788,"1,602",حَيْرَة,noun,2,D=,Open,2,1,7,2,25,ط,9
788,"1,602",أَطْرَق,verb,5,MSA,Open,2,4,7,2,64,ف,17
788,"1,602",سَرّ,verb,3,D=,Open,2,1,7,2,33,ل,12
788,"1,602",شَقَاء,noun,3,D=,Open,2,1,7,2,33,ل,12
788,"1,602",ٱِشْتَدّ,verb,3,D=,Open,3,1,7,2,34,ل,12
788,"1,602",مُسْتَقِلّ,adj,4,D=,Open,3,1,7,2,42,ن,14
788,"1,602",مُساعِد,noun,1,D=,Open,3,1,7,2,18,و,6
788,"1,602",سِيَاحَة,noun,2,D=,Open,3,1,7,2,26,ي,10
787,"1,610",أَخْضَر,adj,1,D=,Open,2,1,7,2,17,و,6
787,"1,610",تَفْجِير,noun,1,D=,Open,2,1,7,2,17,و,6
786,"1,612",كَثْرَة,noun,3,D~,Open,2,2,7,2,36,ل,12
786,"1,612",جُنُون,noun,1,D=,Open,2,1,7,2,17,و,6
785,"1,614",صَامِت,adj,2,D=,Open,2,1,7,2,25,ط,9
785,"1,614",تَحَدِّي,noun,2,D=,Open,3,1,7,2,26,ي,10
784,"1,616",سِفَارَة,noun,3,D=,Open,3,1,7,2,34,ل,12
784,"1,616",غَيَّر,verb,1,D=,Open,3,1,7,2,18,و,6
783,"1,618",أَقْرَب,adj_comp,1,D~,Open,2,2,7,2,18,و,6
782,"1,619",هَاجِس,noun,4,D=,Open,2,1,7,2,41,م,13
781,"1,620",مُمَارَسَة,noun,4,D=,Open,4,1,7,2,43,ن,14
780,"1,621",ٱِطْمَأَنّ,verb,2,D~XP,Open,4,3,7,2,31,ك,11
779,"1,622",تَالِي,adj,3,MSA,Open,2,4,7,2,42,ن,14
778,"1,623",مَلْمَح,noun,5,D=,Open,2,1,7,2,49,س,15
778,"1,623",تِلْمِيذ,noun,1,D~,Open,2,2,7,2,18,و,6
776,"1,625",عَسَا,verb,4,MSA,Open,2,4,8,2,54,س,15
776,"1,625",مِيزَانِيَّة,noun,4,D=,Open,4,1,8,2,44,ن,14
776,"1,625",ٱِخْتِلَاف,noun,2,D=,Open,3,1,8,2,27,ي,10
775,"1,628",نَجَا,verb,1,D=,Open,2,1,8,2,18,و,6
774,"1,629",لَبِس,verb,1,D=,Open,3,1,8,2,19,ز,7
774,"1,629",دَخْل,noun,3,D=,Open,1,1,8,2,33,ل,12
773,"1,631",مُوسِيقَى,noun,1,D=,Open,3,1,8,2,19,ز,7
773,"1,631",ٱِتَّجَه,verb,3,D=,Open,3,1,8,2,35,ل,12
772,"1,633",لَازِم,adj,1,D=,Open,2,1,8,2,18,و,6
772,"1,633",بِيئَة,noun,2,D=,Open,2,1,8,2,26,ي,10
771,"1,635",وَاثِق,adj,2,D~,Open,2,2,8,2,28,ي,10
770,"1,636",زَائِر,noun,2,D~,Open,2,2,8,2,28,ي,10
769,"1,637",جَوْهَر,noun,3,D=,Open,2,1,8,2,34,ل,12
769,"1,637",خَيِّر,adj,3,D=,Open,2,1,8,2,34,ل,12
769,"1,637",ٱِقْتِرَاح,noun,2,D=,Open,3,1,8,2,27,ي,10
768,"1,640",مُنَاسِب,adj,1,D=,Open,3,1,8,2,19,ز,7
767,"1,641",ذَكَّر,verb,2,D~,Open,3,2,8,2,29,ك,11
767,"1,641",صادِر,adj,4,D=,Open,2,1,8,2,42,ن,14
767,"1,641",فَقْر,noun,1,D~,Open,1,2,8,2,18,و,6
767,"1,641",خَدَم,verb,2,D=,Open,3,1,8,2,27,ي,10
766,"1,645",حِكْمَة,noun,2,D=,Open,2,1,8,2,26,ي,10
764,"1,646",مَرْمَى,noun,1,D=,Open,2,1,8,2,18,و,6
762,"1,647",حَاضَر,verb,1,D=,Open,2,1,8,2,18,و,6
760,"1,648",رَحَّب,verb,1,D=,Open,3,1,8,2,19,ز,7
760,"1,648",مَا,part_neg,4,MSA,Closed,2,4,8,1,50,س,15
760,"1,648",مَنْح,noun,4,MSA,Open,1,4,8,2,53,س,15
760,"1,648",إِقْرَار,noun,5,MSA,Open,2,4,8,2,65,ف,17
760,"1,648",مَيْدَان,noun,3,D=,Open,2,1,8,2,34,ل,12
759,"1,653",بِنْيَة,noun,4,D=,Open,2,1,8,2,42,ن,14
759,"1,653",عَذَاب,noun,2,D~,Open,2,2,8,2,28,ي,10
758,"1,655",قَادِم,adj,2,MSA,Open,2,4,8,2,32,ك,11
758,"1,655",دَيْن,noun,3,D=,Open,1,1,8,2,33,ل,12
758,"1,655",حَقّ,adj,2,D~,Open,1,2,8,2,27,ي,10
757,"1,658",عَثَر,verb,2,MSA,Open,3,4,8,2,33,ل,12
757,"1,658",عَرَبَة,noun,2,D=,Open,3,1,8,2,27,ي,10
757,"1,658",قَاتِل,noun,2,D~,Open,2,2,8,2,28,ي,10
756,"1,661",تَأَمَّل,verb,3,D=,Open,2,1,8,2,34,ل,12
755,"1,662",فُؤَاد,noun_prop,3,MSA,Open,2,4,8,2,43,ن,14
755,"1,662",ضَحْك,noun,1,D=,Open,1,1,8,2,17,و,6
755,"1,662",ٱِقْتَرَح,verb,2,D=,Open,3,1,8,2,27,ي,10
752,"1,665",مُسْتَثْمِر,noun,4,D~,Open,3,2,8,2,47,ن,14
752,"1,665",عَاشِر,adj_num,1,D=,Closed,2,1,8,1,17,و,6
750,"1,667",خَلَق,verb,1,D~,Open,3,2,8,2,20,ز,7
749,"1,668",جَوْدَة,noun,3,D=,Open,2,1,8,2,34,ل,12
749,"1,668",خِيَانَة,noun,3,D=,Open,3,1,8,2,35,ل,12
749,"1,668",طَبَقَة,noun,3,D~,Open,3,2,8,2,38,م,13
748,"1,671",تَقْلِيدِيّ,adj,3,D=,Open,3,1,8,2,35,ل,12
748,"1,671",رُكْن,noun,4,D=,Open,1,1,8,2,41,م,13
748,"1,671",حَان,verb,3,MSA,Open,2,4,8,2,43,ن,14
748,"1,671",لَا,interj,1,D=,Closed,1,1,8,1,16,ه,5
747,"1,675",حَيَوَان,noun,1,D=,Open,3,1,8,2,19,ز,7
747,"1,675",خَمْسُون,noun_num,1,D=,Closed,3,1,8,1,18,و,6
747,"1,675",مُقَارَنَة,noun,2,D=,Open,4,1,8,2,28,ي,10
744,"1,678",عَشَاء,noun,1,D~,Open,2,2,8,2,19,ز,7
744,"1,678",بِعْثَة,noun,4,D~,Open,2,2,8,2,46,ن,14
743,"1,680",مُخْرِج,noun,3,D=,Open,2,1,8,2,34,ل,12
742,"1,681",رَجَاء,noun,4,D=,Open,2,1,8,2,42,ن,14
740,"1,682",قُنْبُلَة,noun,1,D=,Open,3,1,8,2,19,ز,7
740,"1,682",نَاطِق,noun,4,MSA,Open,2,4,8,2,54,س,15
739,"1,684",مَسْرَح,noun,1,D=,Open,2,1,8,2,18,و,6
737,"1,685",تَنْسِيق,noun,3,D=,Open,2,1,8,2,34,ل,12
737,"1,685",ٱِكْتَفَى,verb,4,D=,Open,3,1,8,2,43,ن,14
737,"1,685",حِصَان,noun,1,D=,Open,2,1,8,2,18,و,6
736,"1,688",حِصَار,noun,3,D=,Open,2,1,8,2,34,ل,12
736,"1,688",مَدَنِيّ,noun,3,D=,Open,3,1,8,2,35,ل,12
736,"1,688",سَكَت,verb,1,D=,Open,2,1,8,2,18,و,6
734,"1,691",ٱِنْتَبَه,verb,1,D=,Open,3,1,8,2,19,ز,7
734,"1,691",حَظِي,verb,4,MSA,Open,3,4,8,2,55,ع,16
734,"1,691",رِفْقَة,noun,3,D~,Open,2,2,8,2,37,م,13
734,"1,691",حَبْل,noun,1,D=,Open,1,1,8,2,17,و,6
734,"1,691",ٱِهْتَمّ,verb,1,D=,Open,2,1,8,2,18,و,6
733,"1,696",حَمْل,noun,2,D=,Open,1,1,8,2,25,ط,9
733,"1,696",عِرْق,noun,5,MSA,Open,1,4,8,2,64,ف,17
733,"1,696",شَكّ,verb,3,D=,Open,2,1,8,2,34,ل,12
733,"1,696",صَنَع,verb,3,MSA,Open,1,4,8,2,42,ن,14
733,"1,696",مَسِيرَة,noun,4,D=,Open,3,1,8,2,43,ن,14
733,"1,696",جِسْر,noun,1,D=,Open,1,1,8,2,17,و,6
732,"1,702",ٱِلْتَفّ,verb,3,D=,Open,3,1,8,2,35,ل,12
731,"1,703",تَنَهَّد,verb,3,D=,Open,2,1,8,2,34,ل,12
731,"1,703",أَكْثَرِيَّة,noun,3,D=,Open,4,1,8,2,36,ل,12
730,"1,705",قَبِيلَة,noun,3,D=,Open,3,1,8,2,35,ل,12
729,"1,706",ٱِنْخِفَاض,noun,2,MSA,Open,3,4,8,2,33,ل,12
729,"1,706",عَامِل,noun,3,D=,Open,2,1,8,2,34,ل,12
729,"1,706",قَرْض,noun,4,D=,Open,1,1,8,2,41,م,13
729,"1,706",خَال,noun,2,D=,Open,2,1,8,2,26,ي,10
726,"1,710",ذَكَاء,noun,1,D~,Open,2,2,8,2,19,ز,7
726,"1,710",مِقْدَار,noun,3,D~,Open,2,2,8,2,37,م,13
726,"1,710",شَرْعِيّ,adj,4,D=,Open,2,1,8,2,42,ن,14
726,"1,710",إِيجَاد,noun,3,MSA,Open,2,4,8,2,43,ن,14
725,"1,714",مَصْرَف,noun,3,D=,Open,2,1,8,2,34,ل,12
725,"1,714",مُحَدَّد,adj,4,D=,Open,3,1,8,2,43,ن,14
725,"1,714",مُجَاوِر,adj,3,MSA,Open,3,4,8,2,44,ن,14
725,"1,714",أَجْمَل,adj_comp,1,D=,Open,2,1,8,2,18,و,6
724,"1,718",تَغَيَّر,verb,1,D=,Open,3,1,8,2,19,ز,7
723,"1,719",تَمْثِيل,noun,1,D~,Open,2,2,8,2,19,ز,7
723,"1,719",خَائِن,noun,3,D~,Open,2,2,8,2,37,م,13
723,"1,719",صَخْر,noun,1,D=,Open,1,1,8,2,17,و,6
723,"1,719",لَحْم,noun,1,D=,Open,1,1,8,2,17,و,6
722,"1,723",حَمَّل,verb,3,D=,Open,3,1,8,2,35,ل,12
721,"1,724",خَاف,verb,1,MSA,Open,3,4,8,2,22,ح,8
721,"1,724",أَذِن,verb,1,D~,Open,3,2,8,2,20,ز,7
721,"1,724",بُرْهَة,noun,3,MSA,Open,2,4,8,2,43,ن,14
721,"1,724",شَرَاب,noun,1,D=,Open,2,1,8,2,18,و,6
719,"1,728",رَحِم,verb,3,D=,Open,3,1,8,2,35,ل,12
719,"1,728",مُوَحَّد,adj,3,D=,Open,3,1,8,2,35,ل,12
719,"1,728",مُتَعَلِّق,adj,3,D~,Open,4,2,8,2,39,م,13
718,"1,731",حِرْص,noun,3,D=,Open,1,1,8,2,33,ل,12
718,"1,731",إِصْبَع,noun,1,D=,Open,2,1,8,2,18,و,6
717,"1,733",غَيْظ,noun,3,D~,Open,1,2,8,2,36,ل,12
717,"1,733",أَطْلَع,verb,4,D=,Open,2,1,8,2,42,ن,14
717,"1,733",سَطْح,noun,1,D=,Open,1,1,8,2,17,و,6
717,"1,733",حَفْلَة,noun,1,D=,Open,2,1,8,2,18,و,6
716,"1,737",جَنَّة,noun,1,D=,Open,2,1,8,2,18,و,6
715,"1,738",مَصِير,noun,3,D=,Open,2,1,8,2,34,ل,12
715,"1,738",ٱِنْتِشَار,noun,2,D=,Open,3,1,8,2,27,ي,10
715,"1,738",جَلَالَة,noun,2,D=,Open,3,1,8,2,27,ي,10
714,"1,741",عَوْن,noun,3,D=,Open,1,1,8,2,33,ل,12
714,"1,741",صَادِق,noun_prop,1,D=,Open,2,1,8,2,18,و,6
712,"1,743",مَلَأ,verb,2,D~XP,Open,2,3,8,2,30,ك,11
711,"1,744",حَسَن,adj,1,MSA,Open,2,4,8,2,21,ح,8
711,"1,744",نُفُوذ,noun,4,D=,Open,2,1,8,2,42,ن,14
710,"1,746",بَرّ,noun,1,D=,Open,1,1,8,2,17,و,6
708,"1,747",مُضِيف,noun,2,D=,Open,2,1,8,2,26,ي,10
707,"1,748",أَبِيّ,adj,4,MSA,Open,2,4,8,2,54,س,15
707,"1,748",ٱِنْسِحَاب,noun,3,D=,Open,3,1,8,2,35,ل,12
707,"1,748",حَفْل,noun,1,D=,Open,1,1,8,2,17,و,6
706,"1,751",ٱِحْتَلّ,verb,3,D=,Open,2,1,8,2,34,ل,12
705,"1,752",مُبَاشَرَة,noun,3,D=,Open,4,1,8,2,36,ل,12
705,"1,752",مَوْرِد,noun,4,D=,Open,2,1,8,2,42,ن,14
705,"1,752",أَبَى,verb,3,MSA,Open,2,4,8,2,43,ن,14
703,"1,755",طَالَمَا,conj_sub,1,MSA,Closed,3,4,8,1,21,ح,8
703,"1,755",تَوْجِيه,noun,3,D=,Open,2,1,8,2,34,ل,12
703,"1,755",لِبَاس,noun,2,D=,Open,2,1,8,2,26,ي,10
702,"1,758",تَنَاوُل,noun,1,MSA,Open,3,4,8,2,22,ح,8
702,"1,758",مَرّ,noun,3,D=,Open,1,1,8,2,33,ل,12
702,"1,758",شُغْل,noun,1,D=,Open,1,1,8,2,17,و,6
698,"1,761",حَرْف,noun,1,D=,Open,1,1,8,2,17,و,6
697,"1,762",مَجْد,noun,3,D=,Open,1,1,8,2,33,ل,12
697,"1,762",إِعْدَام,noun,3,D=,Open,2,1,8,2,34,ل,12
697,"1,762",هَدِيَّة,noun,1,D=,Open,2,1,8,2,18,و,6
696,"1,765",أَمَانَة,noun,1,D=,Open,3,1,8,2,19,ز,7
696,"1,765",مُذَكِّرَة,noun,2,D~,Open,4,2,8,2,30,ك,11
696,"1,765",فَات,verb,3,D=,Open,2,1,8,2,34,ل,12
695,"1,768",نَاصِر,noun,3,D=,Open,2,1,8,2,34,ل,12
694,"1,769",مِصْبَاح,noun,1,MSA,Open,2,4,8,2,21,ح,8
694,"1,769",وَثِق,verb,2,D~,Open,3,2,8,2,29,ك,11
694,"1,769",هَبّ,verb,4,D=,Open,1,1,8,2,41,م,13
694,"1,769",جَدَل,noun,4,D=,Open,2,1,8,2,42,ن,14
694,"1,769",ٱِنْتِقَاد,noun,4,D=,Open,3,1,8,2,43,ن,14
693,"1,774",ٱِنْقَطَع,verb,2,D~,Open,3,2,8,2,29,ك,11
692,"1,775",ٱِمْتَدّ,verb,3,D=,Open,3,1,8,2,35,ل,12
692,"1,775",ٱِسْتِقَالَة,noun,4,D=,Open,4,1,8,2,44,ن,14
692,"1,775",مَصْنَع,noun,2,D=,Open,2,1,8,2,26,ي,10
691,"1,778",أَيَّد,verb,3,D=,Open,3,1,8,2,35,ل,12
690,"1,779",سَجِين,noun,1,D=,Open,2,1,8,2,18,و,6
688,"1,780",مُسْتَعِدّ,adj,1,D=,Open,3,1,8,2,19,ز,7
688,"1,780",بِتْرُول,noun,3,D=,Open,2,1,8,2,34,ل,12
688,"1,780",لَذَّة,noun,3,D~,Open,2,2,8,2,37,م,13
688,"1,780",مُضْطَرِب,adj,4,D=,Open,3,1,8,2,43,ن,14
686,"1,784",مَحَبَّة,noun,1,D=,Open,3,1,8,2,19,ز,7
686,"1,784",وِجْهَة,noun,3,D=,Open,2,1,8,2,34,ل,12
686,"1,784",شَوْط,noun,1,D=,Open,1,1,8,2,17,و,6
686,"1,784",ضَمِير,noun,2,D=,Open,2,1,8,2,26,ي,10
685,"1,788",حِينَئِذٍ,adv,4,MSA,Closed,4,4,8,1,52,س,15
685,"1,788",فِتْنَة,noun,4,D=,Open,2,1,8,2,42,ن,14
685,"1,788",مَوْكِب,noun,4,D=,Open,2,1,8,2,42,ن,14
685,"1,788",بَنَى,verb,1,D=,Open,2,1,8,2,18,و,6
684,"1,792",مُبَكِّر,adj,1,D=,Open,3,1,8,2,19,ز,7
684,"1,792",تامّ,adj,3,MSA,Open,1,4,8,2,42,ن,14
684,"1,792",مُعَامَلَة,noun,2,D=,Open,4,1,8,2,28,ي,10
683,"1,795",جَسَد,noun,1,MSA,Open,2,4,8,2,21,ح,8
683,"1,795",جَرِيدَة,noun,1,D=,Open,3,1,8,2,19,ز,7
683,"1,795",مَسْعَى,noun,4,MSA,Open,2,4,8,2,54,س,15
683,"1,795",وَلِيّ,noun,4,D=,Open,2,1,8,2,42,ن,14
682,"1,799",هَادِئ,adj,1,D~,Open,2,2,8,2,19,ز,7
682,"1,799",أَوَان,noun,3,D=,Open,2,1,8,2,34,ل,12
682,"1,799",دَعْوَى,noun,4,D=,Open,2,1,8,2,42,ن,14
682,"1,799",مِعْيَار,noun,4,D=,Open,2,1,8,2,42,ن,14
682,"1,799",تِسْع,noun_num,1,D=,Closed,1,1,8,1,16,ه,5
682,"1,799",أَخْطَأ,verb,1,D=,Open,2,1,8,2,18,و,6
681,"1,805",ٱِرْتَدَى,verb,2,MSA,Open,3,4,8,2,33,ل,12
681,"1,805",ٱِسْتَقَرّ,verb,3,D=,Open,3,1,8,2,35,ل,12
681,"1,805",تَوَتُّر,noun,2,D=,Open,3,1,8,2,27,ي,10
680,"1,808",شَقِيق,noun,1,D=,Open,2,1,8,2,18,و,6
680,"1,808",صَبِيّ,noun,1,D=,Open,2,1,8,2,18,و,6
678,"1,810",عَلَامَة,noun,1,D=,Open,3,1,8,2,19,ز,7
678,"1,810",سَار,verb,5,MSA,Open,2,4,8,2,65,ف,17
678,"1,810",جَمِيل,noun,1,D=,Open,2,1,8,2,18,و,6
677,"1,813",ٱِنْطِلَاق,noun,4,D=,Open,3,1,8,2,43,ن,14
676,"1,814",نَفَقَة,noun,4,D~,Open,3,2,8,2,47,ن,14
676,"1,814",جَرِيح,noun,2,D=,Open,2,1,8,2,26,ي,10
675,"1,816",غِنَاء,noun,1,D~,Open,2,2,8,2,19,ز,7
674,"1,817",مُدَافِع,noun,1,D=,Open,3,1,8,2,19,ز,7
674,"1,817",مُقَرَّر,adj,3,D=,Open,3,1,8,2,35,ل,12
674,"1,817",رَاكِب,noun,1,D=,Open,2,1,8,2,18,و,6
674,"1,817",حَرَس,noun,2,D=,Open,2,1,8,2,26,ي,10
673,"1,821",ضَرُورِيّ,adj,1,D=,Open,3,1,8,2,19,ز,7
673,"1,821",جَبِين,noun,1,D=,Open,2,1,8,2,18,و,6
672,"1,823",سَار,verb,3,D=,Open,1,1,8,2,33,ل,12
672,"1,823",صَيْف,noun,1,D=,Open,1,1,8,2,17,و,6
671,"1,825",بَيْنِيّ,adj,4,MSA,Open,2,4,8,2,54,س,15
671,"1,825",كَرَامَة,noun,3,D=,Open,3,1,8,2,35,ل,12
671,"1,825",مَرِيض,noun,2,D=,Open,2,1,8,2,26,ي,10
670,"1,828",ٱِحْتِجاب,noun,5,MSA,Open,3,4,8,2,66,ف,17
670,"1,828",عَائِد,noun,3,MSA,Open,2,4,8,2,43,ن,14
668,"1,830",إِخْلَاص,noun,3,D=,Open,2,1,8,2,34,ل,12
668,"1,830",قُرَابَة,noun_quant,3,MSA,Closed,3,4,8,1,41,م,13
668,"1,830",بَارِد,adj,1,D=,Open,2,1,8,2,18,و,6
667,"1,833",ٱِسْتَدْعَى,verb,3,D=,Open,3,1,8,2,35,ل,12
666,"1,834",تَقْرِيب,noun,2,D~,Open,2,2,8,2,28,ي,10
665,"1,835",لُطْف,noun,2,D=,Open,1,1,8,2,25,ط,9
665,"1,835",طِبّ,noun,1,D=,Open,1,1,8,2,17,و,6
663,"1,837",لِوَاء,noun,4,D=,Open,2,1,8,2,42,ن,14
662,"1,838",صَدَارَة,noun,4,D=,Open,3,1,8,2,43,ن,14
662,"1,838",قَضَائِيّ,adj,4,D=,Open,3,1,8,2,43,ن,14
662,"1,838",دَاعِي,noun,2,D=,Open,2,1,8,2,26,ي,10
660,"1,841",ٱِطِّلَاع,noun,4,D=,Open,3,1,8,2,43,ن,14
660,"1,841",حَضْرَة,noun,2,D=,Open,2,1,8,2,26,ي,10
659,"1,843",ظُلْم,noun,2,D=,Open,1,1,8,2,25,ط,9
659,"1,843",ٱِفْتَتَح,verb,3,D=,Open,3,1,8,2,35,ل,12
659,"1,843",بَرْد,noun,1,D=,Open,1,1,8,2,17,و,6
658,"1,846",أَقْدَم,verb,4,MSA,Open,2,4,8,2,54,س,15
658,"1,846",ٱِسْتَوْلَى,verb,3,D=,Open,3,1,8,2,35,ل,12
658,"1,846",عُود,noun,1,D=,Open,1,1,8,2,17,و,6
657,"1,849",لَاحِق,adj,3,D~,Open,2,2,8,2,37,م,13
657,"1,849",خَضَع,verb,3,MSA,Open,3,4,8,2,44,ن,14
656,"1,851",رِبْح,noun,3,D=,Open,1,1,8,2,33,ل,12
656,"1,851",فَارَق,verb,3,D~,Open,3,2,8,2,38,م,13
656,"1,851",ٱِسْتَغْرَق,verb,3,MSA,Open,3,4,8,2,44,ن,14
656,"1,851",آلَة,noun,1,D=,Open,2,1,8,2,18,و,6
655,"1,855",مُعَالَجَة,noun,1,D=,Open,4,1,8,2,20,ز,7
655,"1,855",إِضَافِيّ,adj,3,D=,Open,3,1,8,2,35,ل,12
655,"1,855",إِدَارِيّ,adj,4,D=,Open,3,1,8,2,43,ن,14
655,"1,855",نِيَابَة,noun,4,D=,Open,3,1,8,2,43,ن,14
655,"1,855",عَكْس,noun,1,D=,Open,1,1,8,2,17,و,6
655,"1,855",صَلَّى,verb,1,D=,Open,2,1,8,2,18,و,6
655,"1,855",تَعْلِيمِيّ,adj,2,D=,Open,3,1,8,2,27,ي,10
654,"1,862",فَرْع,noun,3,D=,Open,1,1,8,2,33,ل,12
654,"1,862",صَوَاب,noun,2,D=,Open,2,1,8,2,26,ي,10
653,"1,864",كَلَّم,verb,1,MSA,Open,2,4,8,2,21,ح,8
653,"1,864",سَمْع,noun,2,D=,Open,1,1,8,2,25,ط,9
653,"1,864",خَاض,verb,3,D=,Open,2,1,8,2,34,ل,12
653,"1,864",كُلْوَة,noun,3,D=,Open,2,1,8,2,34,ل,12
653,"1,864",جَارِيَة,noun,3,D=,Open,3,1,8,2,35,ل,12
653,"1,864",صِدْق,noun,1,D~,Open,1,2,8,2,18,و,6
653,"1,864",لُعْبَة,noun,1,D=,Open,2,1,8,2,18,و,6
652,"1,871",سَرِقَة,noun,1,D~,Open,3,2,8,2,20,ز,7
652,"1,871",تَعَهَّد,verb,4,D=,Open,2,1,8,2,42,ن,14
652,"1,871",مِهْنَة,noun,2,D=,Open,2,1,8,2,26,ي,10
650,"1,874",مُصِيبَة,noun,1,D=,Open,3,1,8,2,19,ز,7
650,"1,874",رَافَق,verb,3,D=,Open,3,1,8,2,35,ل,12
649,"1,876",حِصَّة,noun,1,D=,Open,2,1,9,2,19,ز,7
649,"1,876",دَافَع,verb,1,D=,Open,3,1,9,2,20,ز,7
649,"1,876",عَجْز,noun,3,D=,Open,1,1,9,2,34,ل,12
649,"1,876",هَمّ,verb,4,D=,Open,2,1,9,2,43,ن,14
649,"1,876",مُعَيَّن,adj,2,D=,Open,2,1,9,2,27,ي,10
648,"1,881",إِلْغَاء,noun,1,MSA,Open,2,4,9,2,22,ح,8
648,"1,881",حِفْظ,noun,3,D=,Open,1,1,9,2,34,ل,12
648,"1,881",نَوَى,verb,3,D=,Open,2,1,9,2,35,ل,12
648,"1,881",مِثْل,noun,2,D~,Closed,1,2,9,1,26,ي,10
646,"1,885",ٱِشْتَغَل,verb,1,D=,Open,3,1,9,2,20,ز,7
646,"1,885",تِكْنُولُوجِيَا,noun,2,D=,Open,5,1,9,2,30,ك,11
646,"1,885",إِخْرَاج,noun,2,D=,Open,2,1,9,2,27,ي,10
645,"1,888",ٱِنْتِقَال,noun,2,MSA,Open,3,4,9,2,34,ل,12
644,"1,889",شَبَح,noun,1,D=,Open,2,1,9,2,19,ز,7
644,"1,889",عَادِيّ,adj,1,D=,Open,2,1,9,2,19,ز,7
644,"1,889",ٱِحْتِجَاج,noun,3,D=,Open,3,1,9,2,36,ل,12
644,"1,889",حِفَاظ,noun,2,D=,Open,2,1,9,2,27,ي,10
644,"1,889",أَسَاء,verb,2,D=,Open,3,1,9,2,28,ي,10
643,"1,894",مَتَى,adv_rel,1,D~,Closed,2,2,9,1,19,ز,7
643,"1,894",أَدَاة,noun,2,MSA,Open,2,4,9,2,33,ل,12
643,"1,894",وَكِيل,noun,4,D=,Open,2,1,9,2,43,ن,14
642,"1,897",بَادَر,verb,4,MSA,Open,2,4,9,2,55,ع,16
642,"1,897",مالك,noun_prop,3,D=,Open,2,1,9,2,35,ل,12
642,"1,897",مَادِّيّ,adj,4,D=,Open,2,1,9,2,43,ن,14
642,"1,897",وَاسِطَة,noun,4,D=,Open,3,1,9,2,44,ن,14
641,"1,901",هَاتِف,noun,1,MSA,Open,2,4,9,2,22,ح,8
641,"1,901",نَاظِر,noun,2,D~,Open,2,2,9,2,29,ك,11
641,"1,901",حُجَّة,noun,3,D=,Open,2,1,9,2,35,ل,12
640,"1,904",خَلْق,noun,1,D~,Open,1,2,9,2,19,ز,7
640,"1,904",قَلْعَة,noun,2,D~,Open,2,2,9,2,29,ك,11
640,"1,904",نُسْخَة,noun,2,D=,Open,2,1,9,2,27,ي,10
639,"1,907",ٱِنْضِمَام,noun,3,D=,Open,3,1,9,2,36,ل,12
638,"1,908",أَوْشَك,verb,2,MSA,Open,2,4,9,2,33,ل,12
638,"1,908",رَحِيل,noun,3,D=,Open,2,1,9,2,35,ل,12
638,"1,908",خَصْم,noun,4,D=,Open,1,1,9,2,42,ن,14
637,"1,911",يَأْس,noun,3,D=,Open,1,1,9,2,34,ل,12
637,"1,911",لَائِحَة,noun,4,D=,Open,3,1,9,2,44,ن,14
635,"1,913",نَيْل,noun,4,MSA,Open,1,4,9,2,54,س,15
635,"1,913",عَادِل,noun_prop,3,D=,Open,2,1,9,2,35,ل,12
635,"1,913",كُتْلَة,noun,3,D=,Open,2,1,9,2,35,ل,12
634,"1,916",حَادِي,adj_num,2,D=,Closed,2,1,9,1,25,ط,9
633,"1,917",تُجَاه,noun,3,D~,Closed,2,2,9,1,35,ل,12
633,"1,917",ٱِنْقِلَاب,noun,4,D=,Open,3,1,9,2,44,ن,14
632,"1,919",حِمَار,noun,1,D=,Open,2,1,9,2,19,ز,7
632,"1,919",فَرْط,noun,4,MSA,Open,1,4,9,2,54,س,15
632,"1,919",أَتَمّ,verb,3,MSA,Open,2,4,9,2,44,ن,14
632,"1,919",تَصَوُّر,noun,2,D=,Open,3,1,9,2,28,ي,10
630,"1,923",شِعَار,noun,4,D=,Open,2,1,9,2,43,ن,14
630,"1,923",أَنْف,noun,1,D=,Open,1,1,9,2,18,و,6
630,"1,923",تَسَبَّب,verb,2,D=,Open,2,1,9,2,27,ي,10
628,"1,926",تَأْجِيل,noun,1,D=,Open,2,1,9,2,19,ز,7
627,"1,927",بَرِيد,noun,1,D=,Open,2,1,9,2,19,ز,7
627,"1,927",إِجَابَة,noun,1,D=,Open,3,1,9,2,20,ز,7
627,"1,927",طَرْد,noun,2,D=,Open,1,1,9,2,26,ي,10
626,"1,930",أَقْسَم,verb,1,D=,Open,2,1,9,2,19,ز,7
626,"1,930",رِيَاضَة,noun,1,D=,Open,3,1,9,2,20,ز,7
626,"1,930",مَحْدُود,adj,4,D=,Open,2,1,9,2,43,ن,14
625,"1,933",تَشْجِيع,noun,1,D=,Open,2,1,9,2,19,ز,7
625,"1,933",حَدِيد,noun,1,D=,Open,2,1,9,2,19,ز,7
625,"1,933",وَرَد,verb,4,D=,Open,3,1,9,2,44,ن,14
623,"1,936",تَعَلَّم,verb,1,D=,Open,2,1,9,2,19,ز,7
623,"1,936",مَذْهَب,noun,5,D~,Open,2,2,9,2,56,ع,16
623,"1,936",بَرِح,verb,5,MSA,Closed,3,4,9,1,62,ع,16
622,"1,939",ضَيْعَة,noun,3,D=,Open,2,1,9,2,35,ل,12
622,"1,939",سِيَاحِيّ,adj,3,D=,Open,3,1,9,2,36,ل,12
622,"1,939",مَلِك,noun,4,D=,Open,1,1,9,2,42,ن,14
621,"1,942",ٱِنْضَمّ,verb,3,D=,Open,3,1,9,2,36,ل,12
621,"1,942",لَجَأ,verb,4,D=,Open,2,1,9,2,43,ن,14
621,"1,942",مَسْؤُول,adj,2,D=,Open,2,1,9,2,27,ي,10
620,"1,945",زَهْر,noun,1,D=,Open,2,1,9,2,19,ز,7
620,"1,945",تِمْثَال,noun,1,D~,Open,2,2,9,2,20,ز,7
620,"1,945",سَيْطَر,verb,1,D=,Open,3,1,9,2,20,ز,7
620,"1,945",طَرْح,noun,4,MSA,Open,1,4,9,2,54,س,15
620,"1,945",حَلِيف,noun,4,MSA,Open,2,4,9,2,55,ع,16
620,"1,945",عَاشِق,noun,2,D~,Open,2,2,9,2,29,ك,11
620,"1,945",تَعْوِيض,noun,3,D=,Open,2,1,9,2,35,ل,12
619,"1,952",إِزَاء,noun,4,MSA,Closed,2,4,9,1,51,س,15
619,"1,952",مُسَلَّح,noun,3,D=,Open,3,1,9,2,36,ل,12
619,"1,952",نَمُوذَج,noun,3,D~,Open,3,2,9,2,39,م,13
619,"1,952",تَأَثُّر,noun,3,MSA,Open,3,4,9,2,45,ن,14
618,"1,956",أَصْفَر,adj,1,D=,Open,2,1,9,2,19,ز,7
617,"1,957",طَار,verb,1,D=,Open,2,1,9,2,19,ز,7
617,"1,957",مَرِيض,adj,1,D=,Open,2,1,9,2,19,ز,7
617,"1,957",بَارِز,adj,3,D=,Open,2,1,9,2,35,ل,12
616,"1,960",مَجَلَّة,noun,1,D=,Open,3,1,9,2,20,ز,7
615,"1,961",سَاء,verb,1,D=,Open,2,1,9,2,19,ز,7
614,"1,962",مِفْتَاح,noun,1,D=,Open,2,1,9,2,19,ز,7
614,"1,962",كَمِّيَّة,noun,1,D=,Open,3,1,9,2,20,ز,7
614,"1,962",أَسْمَع,verb,4,MSA,Open,2,4,9,2,55,ع,16
614,"1,962",إِيمَان,noun_prop,2,D=,Open,2,1,9,2,27,ي,10
613,"1,966",سَاق,noun,1,D~,Open,1,2,9,2,19,ز,7
613,"1,966",مُوَضِّح,adj,3,MSA,Open,3,4,9,2,45,ن,14
613,"1,966",تَرَدُّد,noun,2,D=,Open,3,1,9,2,28,ي,10
612,"1,969",فَقِير,noun,1,D~,Open,2,2,9,2,20,ز,7
612,"1,969",رَاتِب,noun,2,D=,Open,2,1,9,2,27,ي,10
611,"1,971",عَرُوس,noun,1,D=,Open,2,1,9,2,19,ز,7
611,"1,971",مَسِير,noun,4,MSA,Open,2,4,9,2,55,ع,16
611,"1,971",عائِش,noun,4,D~,Open,2,2,9,2,47,ن,14
611,"1,971",ٱِنْتَشَر,verb,2,D=,Open,3,1,9,2,28,ي,10
610,"1,975",عَرَض,noun,4,MSA,Open,1,4,9,2,54,س,15
610,"1,975",خِتَام,noun,4,MSA,Open,2,4,9,2,55,ع,16
609,"1,977",نِيَابِيّ,adj,5,MSA,Open,3,4,9,2,67,ف,17
608,"1,978",سِينَمَا,noun,1,D=,Open,3,1,9,2,20,ز,7
608,"1,978",صَرَخ,verb,1,D=,Open,3,1,9,2,20,ز,7
608,"1,978",سَاهَم,verb,3,D=,Open,3,1,9,2,36,ل,12
608,"1,978",خَدّ,noun,1,D=,Open,1,1,9,2,18,و,6
608,"1,978",خَمْر,noun,2,D=,Open,1,1,9,2,26,ي,10
608,"1,978",رَاضِي,adj,2,D=,Open,2,1,9,2,27,ي,10
608,"1,978",تَصَوَّر,verb,2,D=,Open,3,1,9,2,28,ي,10
608,"1,978",وَفَّر,verb,2,D=,Open,3,1,9,2,28,ي,10
607,"1,986",سَكَن,noun,1,D=,Open,2,1,9,2,19,ز,7
607,"1,986",مَزْرَع,noun,5,MSA,Open,2,4,9,2,66,ف,17
606,"1,988",رَائِحَة,noun,1,D~,Open,3,2,9,2,21,ح,8
606,"1,988",تَوَافُق,noun,4,MSA,Open,3,4,9,2,56,ع,16
606,"1,988",مُخْتَلِف,noun,3,D=,Open,3,1,9,2,36,ل,12
605,"1,991",عَظْم,noun,1,D~,Open,1,2,9,2,19,ز,7
605,"1,991",لَاجِئ,noun,4,D=,Open,2,1,9,2,43,ن,14
604,"1,993",صُدُور,noun,4,MSA,Open,2,4,9,2,55,ع,16
604,"1,993",أَنْهَى,verb,3,MSA,Open,2,4,9,2,44,ن,14
604,"1,993",غَابَة,noun,2,D=,Open,2,1,9,2,27,ي,10
603,"1,996",مَال,noun,1,D=,Open,2,1,9,2,19,ز,7
603,"1,996",مَرْء,noun,3,MSA,Open,1,4,9,2,43,ن,14
603,"1,996",مَارِس,noun_prop,4,D=,Open,3,1,9,2,44,ن,14
602,"1,999",ذَاهِب,adj,1,MSA,Open,2,4,9,2,22,ح,8
602,"1,999",عَلا,verb,3,D=,Open,2,1,9,2,35,ل,12
602,"1,999",غَارَة,noun,4,D=,Open,2,1,9,2,43,ن,14
602,"1,999",قَصْف,noun,4,D~,Open,1,2,9,2,46,ن,14
601,"2,003",أَقْفَل,verb,1,MSA,Open,2,4,9,2,22,ح,8
601,"2,003",طُنّ,noun,3,D=,Open,1,1,9,2,34,ل,12
600,"2,005",إِحْسَاس,noun,1,D=,Open,2,1,9,2,19,ز,7
600,"2,005",خَطِيب,noun,1,D=,Open,2,1,9,2,19,ز,7
600,"2,005",رَيْثَمَا,conj_sub,4,MSA,Closed,3,4,9,1,52,س,15
600,"2,005",لَيّ,noun,4,MSA,Open,1,4,9,2,54,س,15
600,"2,005",شِبْه,noun,3,D~,Closed,1,2,9,1,34,ل,12
600,"2,005",قَائِمَة,noun,3,D=,Open,3,1,9,2,36,ل,12
599,"2,011",نَظِيف,adj,1,D~,Open,2,2,9,2,20,ز,7
599,"2,011",حَادّ,adj,2,D~XP,Open,1,3,9,2,30,ك,11
598,"2,013",ثُنَائِيّ,adj,3,D~,Open,3,2,9,2,39,م,13
598,"2,013",خَفِيّ,adj,3,D~XP,Open,2,3,9,2,41,م,13
597,"2,015",عَاقِبَة,noun,4,MSA,Open,3,4,9,2,56,ع,16
597,"2,015",ٱِسْتِئْنَاف,noun,4,D=,Open,3,1,9,2,44,ن,14
596,"2,017",مَقْتَل,noun,1,D=,Open,3,1,9,2,20,ز,7
596,"2,017",مُتَقَدِّم,adj,4,D~,Open,4,2,9,2,49,س,15
596,"2,017",إِنْهَاء,noun,3,MSA,Open,2,4,9,2,44,ن,14
596,"2,017",تَوَقُّع,noun,2,D=,Open,3,1,9,2,28,ي,10
594,"2,021",شَنّ,verb,5,MSA,Open,2,4,9,2,66,ف,17
594,"2,021",دَقِيق,adj,2,D=,Open,2,1,9,2,27,ي,10
593,"2,023",كُلِّيَّة,noun,3,D=,Open,2,1,9,2,35,ل,12
593,"2,023",نَاخِب,noun,4,D=,Open,2,1,9,2,43,ن,14
593,"2,023",وَدَاع,noun,2,D=,Open,2,1,9,2,27,ي,10
592,"2,026",ٱِسْتَعَدّ,verb,1,D=,Open,3,1,9,2,20,ز,7
592,"2,026",نَصّ,verb,4,MSA,Open,2,4,9,2,55,ع,16
592,"2,026",صَيْد,noun,1,D=,Open,1,1,9,2,18,و,6
591,"2,029",دَهْر,noun,4,D=,Open,1,1,9,2,42,ن,14
591,"2,029",حَاكِم,noun_prop,4,D=,Open,2,1,9,2,43,ن,14
591,"2,029",جَهِل,verb,4,D=,Open,3,1,9,2,44,ن,14
591,"2,029",سَحْب,noun,1,D=,Open,1,1,9,2,18,و,6
590,"2,033",رَبَط,verb,1,D=,Open,3,1,9,2,20,ز,7
590,"2,033",مَنْزِلَة,noun,4,D=,Open,3,1,9,2,44,ن,14
589,"2,035",تَحَوُّل,noun,1,D=,Open,3,1,9,2,20,ز,7
589,"2,035",وَقُود,noun,2,MSA,Open,2,4,9,2,33,ل,12
589,"2,035",سُكُون,noun,3,D=,Open,2,1,9,2,35,ل,12
589,"2,035",رَهِينَة,noun,4,D=,Open,3,1,9,2,44,ن,14
589,"2,035",النادرة,noun_prop,2,D=,Open,2,1,9,2,27,ي,10
588,"2,040",رَكَّب,verb,1,D=,Open,3,1,9,2,20,ز,7
588,"2,040",بَاقِي,adj,2,D~,Open,2,2,9,2,29,ك,11
588,"2,040",تَطَلَّب,verb,3,D=,Open,2,1,9,2,35,ل,12
588,"2,040",تَوَلِّي,noun,3,MSA,Open,3,4,9,2,45,ن,14
588,"2,040",سَهْل,adj,1,D=,Open,1,1,9,2,18,و,6
588,"2,040",ضَرَر,noun,2,D=,Open,2,1,9,2,27,ي,10
587,"2,046",مُفَوَّضِيَّة,noun,5,MSA,Open,5,4,9,2,69,ف,17
587,"2,046",عَار,noun,3,D=,Open,1,1,9,2,34,ل,12
586,"2,048",مُشَارِك,noun,1,D=,Open,3,1,9,2,20,ز,7
586,"2,048",مِقَمَّة,noun,5,MSA,Open,3,4,9,2,67,ف,17
586,"2,048",أَنْفَق,verb,3,MSA,Open,2,4,9,2,44,ن,14
585,"2,051",تَسَاءَل,verb,2,D=,Open,4,1,9,2,29,ك,11
585,"2,051",هَاتِف,noun,2,MSA,Open,3,4,9,2,34,ل,12
585,"2,051",صَحّ,verb,3,D=,Open,2,1,9,2,35,ل,12
585,"2,051",مُتَعَدِّد,adj,3,D=,Open,4,1,9,2,37,م,13
585,"2,051",مَهَمَّة,noun,4,D=,Open,3,1,9,2,44,ن,14
584,"2,056",سَكِينَة,noun,3,D=,Open,3,1,9,2,36,ل,12
584,"2,056",جَامِعِيّ,adj,4,D=,Open,3,1,9,2,44,ن,14
583,"2,058",دَرَس,verb,1,D=,Open,3,1,9,2,20,ز,7
583,"2,058",بادية,noun_prop,4,D=,Open,2,1,9,2,43,ن,14
583,"2,058",تَشْغِيل,noun,2,D=,Open,2,1,9,2,27,ي,10
582,"2,061",مَا,pron_rel,3,MSA,Closed,1,4,9,1,40,م,13
581,"2,062",أَنْتُمْ,pron,1,D~,Closed,2,2,9,1,19,ز,7
581,"2,062",إِشْرَاف,noun,3,D=,Open,2,1,9,2,35,ل,12
581,"2,062",رُعْب,noun,1,D=,Open,1,1,9,2,18,و,6
580,"2,065",أَفْضَل,adj_comp,5,D=,Open,2,1,9,2,51,س,15
580,"2,065",عَدَا,verb,5,D=,Open,2,1,9,2,51,س,15
580,"2,065",أَنّ,verb,4,D=,Open,2,1,9,2,43,ن,14
580,"2,065",قَبْضَة,noun,4,D~,Open,2,2,9,2,47,ن,14
579,"2,069",ٱِسْتَفَاد,verb,1,D=,Open,4,1,9,2,21,ح,8
579,"2,069",مُضِيف,adj,4,MSA,Open,2,4,9,2,55,ع,16
579,"2,069",عُمْلَة,noun,2,D=,Open,2,1,9,2,27,ي,10
579,"2,069",مُرْتَفِع,adj,2,D=,Open,3,1,9,2,28,ي,10
578,"2,073",فَرَاغ,noun,1,D=,Open,2,1,9,2,19,ز,7
578,"2,073",ثَمَّةَ,adv,4,MSA,Closed,3,4,9,1,52,س,15
578,"2,073",دِيوَان,noun,4,D=,Open,2,1,9,2,43,ن,14
578,"2,073",تَحَمَّل,verb,2,D=,Open,2,1,9,2,27,ي,10
577,"2,077",مُجْرِم,noun,1,D=,Open,2,1,9,2,19,ز,7
576,"2,078",حَقْل,noun,1,D~,Open,1,2,9,2,19,ز,7
576,"2,078",رَاقَب,verb,1,D=,Open,3,1,9,2,20,ز,7
576,"2,078",فُسْطَاط,noun,5,MSA,Open,2,4,9,2,66,ف,17
576,"2,078",نَسَب,verb,4,D=,Open,2,1,9,2,43,ن,14
576,"2,078",أُجْرَة,noun,2,D=,Open,2,1,9,2,27,ي,10
575,"2,083",تَعَادَل,verb,1,D=,Open,3,1,9,2,20,ز,7
575,"2,083",نَصِيب,noun,3,D=,Open,2,1,9,2,35,ل,12
575,"2,083",جَلْد,noun,4,D=,Open,1,1,9,2,42,ن,14
575,"2,083",كَيْفِيَّة,noun,4,D=,Open,3,1,9,2,44,ن,14
575,"2,083",عَمَى,noun,2,D=,Open,2,1,9,2,27,ي,10
574,"2,088",زِرَاعَة,noun,1,D=,Open,3,1,9,2,20,ز,7
574,"2,088",إِقْنَاع,noun,2,D=,Open,2,1,9,2,27,ي,10
573,"2,090",زَاوِيَة,noun,1,D=,Open,3,1,9,2,20,ز,7
573,"2,090",كَرِه,verb,1,D=,Open,3,1,9,2,20,ز,7
573,"2,090",هانئة,noun_prop,4,MSA,Open,2,4,9,2,55,ع,16
573,"2,090",شَرِيعَة,noun,3,D=,Open,3,1,9,2,36,ل,12
572,"2,094",تَوَفَّى,verb,1,D=,Open,2,1,9,2,19,ز,7
572,"2,094",حَرَارَة,noun,1,D=,Open,3,1,9,2,20,ز,7
572,"2,094",دَرَأ,verb,4,MSA,Open,2,4,9,2,55,ع,16
572,"2,094",رَايَة,noun,3,D=,Open,2,1,9,2,35,ل,12
572,"2,094",تَعْب,noun,1,D=,Open,1,1,9,2,18,و,6
572,"2,094",غُصْن,noun,2,D=,Open,1,1,9,2,26,ي,10
571,"2,100",رَدَّد,verb,1,D=,Open,3,1,9,2,20,ز,7
571,"2,100",عِمَاد,noun_prop,4,MSA,Open,2,4,9,2,55,ع,16
571,"2,100",أَيَّتُهَا,part_voc,2,MSA,Closed,3,4,9,1,32,ك,11
571,"2,100",رَكْل,noun,2,MSA,Open,1,4,9,2,32,ك,11
571,"2,100",عَهِد,verb,4,D=,Open,3,1,9,2,44,ن,14
571,"2,100",سَائِح,noun,2,D=,Open,2,1,9,2,27,ي,10
570,"2,106",حِجَاب,noun,1,D=,Open,2,1,9,2,19,ز,7
570,"2,106",تَوْسِيع,noun,3,D=,Open,2,1,9,2,35,ل,12
570,"2,106",مُتَوَقَّع,adj,3,D=,Open,4,1,9,2,37,م,13
569,"2,109",حَامِل,noun,1,D=,Open,2,1,9,2,19,ز,7
569,"2,109",صَبَر,verb,1,D=,Open,3,1,9,2,20,ز,7
569,"2,109",صَفْقَة,noun,4,D=,Open,2,1,9,2,43,ن,14
568,"2,112",أَمَان,noun,1,D=,Open,2,1,9,2,19,ز,7
568,"2,112",إِصْدَار,noun,3,D=,Open,2,1,9,2,35,ل,12
567,"2,114",إِسْعَاف,noun,1,D=,Open,2,1,9,2,19,ز,7
567,"2,114",ضَرِيبَة,noun,4,D=,Open,3,1,9,2,44,ن,14
567,"2,114",سَهْل,noun,1,D=,Open,1,1,9,2,18,و,6
566,"2,117",شَهِير,adj,3,D=,Open,2,1,9,2,35,ل,12
566,"2,117",مَسَار,noun,3,D=,Open,2,1,9,2,35,ل,12
566,"2,117",سَاحِل,noun,2,D=,Open,2,1,9,2,27,ي,10
564,"2,120",قُبَّعَة,noun,1,MSA,Open,3,4,9,2,23,ط,9
564,"2,120",نَجَاة,noun,2,D=,Open,2,1,9,2,27,ي,10
563,"2,122",تَقْلِيد,noun,1,D=,Open,2,1,9,2,19,ز,7
563,"2,122",فَضِيلَة,noun,5,D=,Open,3,1,9,2,52,س,15
563,"2,122",تَصْوِيت,noun,3,D=,Open,2,1,9,2,35,ل,12
562,"2,125",نَفَس,noun,1,D=,Open,1,1,10,2,19,ز,7
562,"2,125",يَقِين,noun,4,D=,Open,2,1,10,2,44,ن,14
561,"2,127",أَعْلَم,verb,3,MSA,Open,2,4,10,2,45,ن,14
560,"2,128",ٱِحْتَمَل,verb,1,D=,Open,3,1,10,2,21,ح,8
560,"2,128",جَدّ,noun,1,D=,Open,1,1,10,2,19,ز,7
560,"2,128",عِلْم,noun,1,D=,Open,1,1,10,2,19,ز,7
560,"2,128",غَطَّى,verb,1,D=,Open,2,1,10,2,20,ز,7
560,"2,128",سَاد,verb,4,MSA,Open,2,4,10,2,56,ع,16
559,"2,133",رَائِع,adj,1,D=,Open,2,1,10,2,20,ز,7
559,"2,133",أَطَاق,verb,4,MSA,Open,3,4,10,2,57,ع,16
559,"2,133",ٱِنْتَقَد,verb,4,D=,Open,3,1,10,2,45,ن,14
559,"2,133",الريحانة,noun_prop,2,D=,Open,2,1,10,2,28,ي,10
558,"2,137",ثابت,noun_prop,1,D~,Open,2,2,10,2,21,ح,8
558,"2,137",شَكَا,verb,1,D=,Open,2,1,10,2,20,ز,7
558,"2,137",بَاحِث,noun,4,D~,Open,2,2,10,2,48,س,15
558,"2,137",عَزَّز,verb,4,MSA,Open,3,4,10,2,57,ع,16
558,"2,137",ضِيق,noun,4,D~,Open,1,2,10,2,47,ن,14
557,"2,142",بَرِيء,adj,1,D=,Open,2,1,10,2,20,ز,7
557,"2,142",جَدْوَل,noun,1,D=,Open,2,1,10,2,20,ز,7
557,"2,142",نِهَائِيّ,noun,3,D=,Open,3,1,10,2,37,م,13
556,"2,145",صَدَاقَة,noun,1,D~,Open,3,2,10,2,22,ح,8
556,"2,145",نَبِيّ,noun,1,D=,Open,2,1,10,2,20,ز,7
556,"2,145",مِحْوَر,noun,4,D=,Open,2,1,10,2,44,ن,14
556,"2,145",أَيْقَن,verb,3,MSA,Open,2,4,10,2,45,ن,14
555,"2,149",خَطَر,noun,2,D=,Open,3,1,10,2,29,ك,11
555,"2,149",مُسْرِع,noun,3,D=,Open,2,1,10,2,36,ل,12
554,"2,151",مَجْمُوع,noun,1,D=,Open,2,1,10,2,20,ز,7
554,"2,151",وَاقِع,noun,1,D=,Open,2,1,10,2,20,ز,7
554,"2,151",بَاقِي,adj,2,D~,Open,2,2,10,2,30,ك,11
553,"2,154",ٱِعْتَذَر,verb,1,D~,Open,3,2,10,2,22,ح,8
553,"2,154",عِقَاب,noun,1,D=,Open,2,1,10,2,20,ز,7
553,"2,154",حَيَاء,noun,2,D~,Open,2,2,10,2,30,ك,11
553,"2,154",سَدَّد,verb,3,D=,Open,3,1,10,2,37,م,13
553,"2,154",مُتَخَصِّص,adj,3,D=,Open,4,1,10,2,38,م,13
552,"2,159",أَرْبَعُون,noun_num,1,D=,Closed,4,1,10,1,21,ح,8
552,"2,159",جاز,verb,3,D=,Open,2,1,10,2,36,ل,12
551,"2,161",مُرَاقِب,noun,2,D=,Open,3,1,10,2,29,ك,11
551,"2,161",ٱِسْتِغْلَال,noun,4,D=,Open,3,1,10,2,45,ن,14
551,"2,161",خَجَل,noun,2,D=,Open,2,1,10,2,28,ي,10
550,"2,164",هَاجَم,verb,2,D=,Open,3,1,10,2,29,ك,11
550,"2,164",تَغَيُّر,noun,3,D=,Open,3,1,10,2,37,م,13
550,"2,164",مُرْتَبِط,adj,3,D=,Open,3,1,10,2,37,م,13
550,"2,164",نَصْر,noun,4,D=,Open,1,1,10,2,43,ن,14
550,"2,164",تَفَاوُض,noun,4,D=,Open,3,1,10,2,45,ن,14
549,"2,169",ثَقِيل,adj,1,D~,Open,2,2,10,2,21,ح,8
549,"2,169",عُدْوَان,noun_prop,4,D=,Open,2,1,10,2,44,ن,14
549,"2,169",عَاجِل,adj,3,MSA,Open,2,4,10,2,45,ن,14
549,"2,169",مُعْتَبِر,adj,4,D=,Open,3,1,10,2,45,ن,14
549,"2,169",مَسْكَن,noun,2,D=,Open,2,1,10,2,28,ي,10
548,"2,174",قَوِيّ,adj,1,D~,Open,2,2,10,2,21,ح,8
548,"2,174",تَبَنَّى,verb,3,D=,Open,2,1,10,2,36,ل,12
547,"2,176",قَائِم,adj,4,MSA,Open,2,4,10,2,56,ع,16
547,"2,176",خَدَع,verb,2,D=,Open,3,1,10,2,29,ك,11
547,"2,176",تَهْدِئَة,noun,3,MSA,Open,3,4,10,2,46,ن,14
546,"2,179",آبِي,noun,4,MSA,Open,2,4,10,2,56,ع,16
546,"2,179",مُحِيط,noun,3,D=,Open,2,1,10,2,36,ل,12
545,"2,181",تَرْشِيح,noun,3,D=,Open,2,1,10,2,36,ل,12
544,"2,182",مُسْتَحِيل,adj,2,D=,Open,3,1,10,2,29,ك,11
544,"2,182",ٱِفْتَرَض,verb,3,D=,Open,3,1,10,2,37,م,13
544,"2,182",عَجِيب,adj,2,D=,Open,2,1,10,2,28,ي,10
543,"2,185",مَدْخَل,noun,1,D=,Open,2,1,10,2,20,ز,7
543,"2,185",ضَرْغَم,noun,5,MSA,Open,2,4,10,2,67,ف,17
543,"2,185",ٱِنْهِيَار,noun,2,D=,Open,3,1,10,2,29,ك,11
543,"2,185",تَوْفِيق,noun,2,D~,Open,2,2,10,2,30,ك,11
543,"2,185",تَخَلَّى,verb,3,D=,Open,2,1,10,2,36,ل,12
543,"2,185",سَلْبِيّ,adj,3,D=,Open,2,1,10,2,36,ل,12
543,"2,185",حَضَارَة,noun,3,D=,Open,3,1,10,2,37,م,13
543,"2,185",لَفَت,verb,4,D=,Open,2,1,10,2,44,ن,14
542,"2,193",سِيَاق,noun,4,D=,Open,2,1,10,2,44,ن,14
542,"2,193",وَفَاء,noun,4,D=,Open,2,1,10,2,44,ن,14
541,"2,195",أَحْضَر,verb,1,MSA,Open,2,4,10,2,23,ط,9
541,"2,195",أَيْسَر,noun,1,MSA,Open,2,4,10,2,23,ط,9
541,"2,195",راهِن,adj,4,MSA,Open,2,4,10,2,56,ع,16
541,"2,195",ٱِنْتَمَى,verb,3,D=,Open,3,1,10,2,37,م,13
540,"2,199",زَعَم,verb,4,D=,Open,3,1,10,2,45,ن,14
540,"2,199",شَكْوَى,noun,2,D=,Open,2,1,10,2,28,ي,10
539,"2,201",إِذَاعَة,noun,1,D~,Open,3,2,10,2,22,ح,8
539,"2,201",حَقِيبَة,noun,1,MSA,Open,3,4,10,2,24,ط,9
539,"2,201",دَوِيّ,noun,4,MSA,Open,2,4,10,2,56,ع,16
539,"2,201",مَكَانَة,noun,3,D=,Open,3,1,10,2,37,م,13
538,"2,205",ٱِسْتَأْذَن,verb,1,D~,Open,3,2,10,2,22,ح,8
538,"2,205",وَهْم,noun,2,D=,Open,1,1,10,2,27,ي,10
538,"2,205",عَنِيف,adj,2,D=,Open,2,1,10,2,28,ي,10
537,"2,208",سُكُوت,noun,1,D=,Open,2,1,10,2,20,ز,7
537,"2,208",وُدّ,noun,4,D=,Open,1,1,10,2,43,ن,14
537,"2,208",وَفَى,verb,4,D=,Open,2,1,10,2,44,ن,14
537,"2,208",أَصَرّ,verb,2,D=,Open,2,1,10,2,28,ي,10
536,"2,212",ٱِنْصِرَاف,noun,1,D=,Open,3,1,10,2,21,ح,8
536,"2,212",خَشَب,noun,1,D=,Open,2,1,10,2,20,ز,7
536,"2,212",شَيْطَان,noun,1,D=,Open,2,1,10,2,20,ز,7
536,"2,212",مُسَافِر,noun,2,D=,Open,3,1,10,2,29,ك,11
536,"2,212",عَطْف,noun,3,D=,Open,1,1,10,2,35,ل,12
536,"2,212",عَمِيل,noun,4,D=,Open,2,1,10,2,44,ن,14
535,"2,218",شَرْعِيَّة,noun,5,MSA,Open,3,4,10,2,68,ف,17
535,"2,218",حَذَّر,verb,4,D~,Open,1,2,10,2,47,ن,14
533,"2,220",كَارِثَة,noun,3,D~,Open,3,2,10,2,40,م,13
532,"2,221",بُسْتَان,noun,1,D=,Open,2,1,10,2,20,ز,7
532,"2,221",عَبَث,noun,4,D~,Open,2,2,10,2,48,س,15
531,"2,223",ذَات,noun,4,MSA,Open,2,4,10,2,56,ع,16
531,"2,223",فَصِيل,noun,5,MSA,Open,2,4,10,2,67,ف,17
531,"2,223",مَفْهُوم,noun,3,D=,Open,2,1,10,2,36,ل,12
531,"2,223",سِينَمَائِيّ,adj,3,D=,Open,4,1,10,2,38,م,13
531,"2,223",تَسَلَّم,verb,4,D=,Open,2,1,10,2,44,ن,14
531,"2,223",صَحِب,verb,3,MSA,Open,3,4,10,2,46,ن,14
529,"2,229",تُرَاب,noun,1,D=,Open,2,1,10,2,20,ز,7
529,"2,229",تَجَاوَز,verb,3,D=,Open,3,1,10,2,37,م,13
529,"2,229",أَوْلَوِيَّة,noun,3,D=,Open,4,1,10,2,38,م,13
529,"2,229",تَغَلَّب,verb,2,D=,Open,2,1,10,2,28,ي,10
527,"2,233",أَخِير,noun,1,D=,Open,2,1,10,2,20,ز,7
526,"2,234",بَحْرِيّ,adj,3,D=,Open,2,1,10,2,36,ل,12
526,"2,234",تَوَالَى,verb,3,MSA,Open,3,4,10,2,46,ن,14
525,"2,236",حارث,noun_prop,3,D~,Open,2,2,10,2,39,م,13
524,"2,237",أَبْعَد,verb,2,D=,Open,2,1,10,2,28,ي,10
523,"2,238",حَلْقَة,noun,1,D~,Open,2,2,10,2,21,ح,8
523,"2,238",ٱِسْتَرَاح,verb,1,D=,Open,4,1,10,2,22,ح,8
523,"2,238",جَامِع,noun,1,D=,Open,2,1,10,2,20,ز,7
523,"2,238",إِعْطَاء,noun,1,MSA,Open,2,4,10,2,23,ط,9
523,"2,238",عَدَالَة,noun,2,D=,Open,3,1,10,2,29,ك,11
523,"2,238",أَنْشَأ,verb,3,D=,Open,2,1,10,2,36,ل,12
523,"2,238",سَرَى,verb,4,D=,Open,2,1,10,2,44,ن,14
522,"2,245",عِبَادَة,noun,1,D=,Open,3,1,10,2,21,ح,8
522,"2,245",إِلْقَاء,noun,3,D=,Open,2,1,10,2,36,ل,12
521,"2,247",سُلُوك,noun,1,D=,Open,2,1,10,2,20,ز,7
521,"2,247",ضَاع,verb,1,D=,Open,2,1,10,2,20,ز,7
521,"2,247",تَأْيِيد,noun,3,D=,Open,2,1,10,2,36,ل,12
521,"2,247",رَصَاص,noun,3,D=,Open,2,1,10,2,36,ل,12
521,"2,247",مُنَاخ,noun,3,D=,Open,2,1,10,2,36,ل,12
520,"2,252",فَقِير,adj,1,D~,Open,2,2,10,2,21,ح,8
520,"2,252",نَاقَش,verb,3,D=,Open,3,1,10,2,37,م,13
520,"2,252",رَابِطَة,noun,4,D=,Open,3,1,10,2,45,ن,14
519,"2,255",نَاشِط,noun,5,D=,Open,2,1,10,2,52,س,15
519,"2,255",حَاضَر,verb,2,D=,Open,2,1,10,2,28,ي,10
519,"2,255",عَابِد,noun_prop,2,D=,Open,2,1,10,2,28,ي,10
518,"2,258",ٱِبْتِسام,noun,1,D=,Open,3,1,10,2,21,ح,8
518,"2,258",ٱِحْتِيَاج,noun,2,D=,Open,3,1,10,2,29,ك,11
518,"2,258",ٱِرْتِيَاح,noun,2,D=,Open,3,1,10,2,29,ك,11
518,"2,258",قِلَّة,noun,3,D~,Open,2,2,10,2,39,م,13
518,"2,258",تَقْنِيّ,adj,4,D=,Open,2,1,10,2,44,ن,14
517,"2,263",شَجَاعَة,noun,1,D=,Open,3,1,10,2,21,ح,8
517,"2,263",هَرَم,noun,1,D=,Open,2,1,10,2,20,ز,7
517,"2,263",لَفْظ,noun,3,D~,Open,1,2,10,2,38,م,13
517,"2,263",نِطَاق,noun,4,D=,Open,2,1,10,2,44,ن,14
516,"2,267",نِعْمَة,noun,1,D=,Open,2,1,10,2,20,ز,7
516,"2,267",إِغْلَاق,noun,1,MSA,Open,2,4,10,2,23,ط,9
516,"2,267",هَوَى,verb,4,D=,Open,2,1,10,2,44,ن,14
516,"2,267",طَوَال,noun,2,D~,Closed,2,2,10,1,28,ي,10
515,"2,271",حَصِيلَة,noun,4,D=,Open,3,1,10,2,45,ن,14
514,"2,272",صَلُح,verb,4,D=,Open,3,1,10,2,45,ن,14
514,"2,272",نَفْطِيّ,adj,3,MSA,Open,2,4,10,2,45,ن,14
513,"2,274",خَفَّف,verb,2,D=,Open,3,1,10,2,29,ك,11
513,"2,274",صَالِح,noun_prop,3,D=,Open,2,1,10,2,36,ل,12
513,"2,274",مُعَاهَدَة,noun,4,D=,Open,4,1,10,2,46,ن,14
512,"2,277",غِطَاء,noun,1,D~,Open,2,2,10,2,21,ح,8
512,"2,277",يَوْمَئِذٍ,adv,4,MSA,Closed,4,4,10,1,54,س,15
512,"2,277",لَعْل,noun,5,MSA,Open,1,4,10,2,66,ف,17
512,"2,277",لَاقَى,verb,2,D~,Open,2,2,10,2,30,ك,11
511,"2,281",أَصْغَر,adj_comp,1,D=,Open,2,1,10,2,20,ز,7
511,"2,281",قَصِيدَة,noun,2,D=,Open,3,1,10,2,29,ك,11
511,"2,281",مُطْمَئِنّ,adj,2,D~XP,Open,3,3,10,2,33,ل,12
511,"2,281",عَقَبَة,noun,4,D=,Open,3,1,10,2,45,ن,14
510,"2,285",فَاجَأ,verb,1,D=,Open,3,1,10,2,21,ح,8
510,"2,285",ٱِسْتِفَادَة,noun,1,D=,Open,4,1,10,2,22,ح,8
510,"2,285",مَعْنِيّ,adj,4,MSA,Open,2,4,10,2,56,ع,16
510,"2,285",أَنْبَأ,verb,3,MSA,Open,2,4,10,2,45,ن,14
509,"2,289",صُبَاح,noun_prop,5,MSA,Open,2,4,10,2,67,ف,17
509,"2,289",خَصَّص,verb,2,D=,Open,3,1,10,2,29,ك,11
509,"2,289",حِدَّة,noun,3,D=,Open,2,1,10,2,36,ل,12
509,"2,289",عَكَس,verb,3,D=,Open,3,1,10,2,37,م,13
508,"2,293",أَجْفَل,verb,4,MSA,Open,2,4,10,2,56,ع,16
508,"2,293",خَصّ,verb,4,D=,Open,2,1,10,2,44,ن,14
508,"2,293",شَهِيد,noun,2,D=,Open,2,1,10,2,28,ي,10
507,"2,296",حَمَى,verb,1,D=,Open,2,1,10,2,20,ز,7
507,"2,296",فَاق,verb,4,MSA,Open,2,4,10,2,56,ع,16
507,"2,296",فَسَّر,verb,2,D=,Open,3,1,10,2,29,ك,11
507,"2,296",ذَا,pron_dem,3,D~,Closed,1,2,10,1,35,ل,12
507,"2,296",ضَبْط,noun,3,D=,Open,1,1,10,2,35,ل,12
507,"2,296",حَيّ,noun,4,D=,Open,2,1,10,2,44,ن,14
507,"2,296",هِجْرَة,noun,4,D=,Open,2,1,10,2,44,ن,14
507,"2,296",هَامّ,adj,2,D=,Open,1,1,10,2,27,ي,10
505,"2,304",جَرَّاء,noun,4,MSA,Closed,2,4,10,1,52,س,15
505,"2,304",ٱِنْقَلَب,verb,2,D~,Open,3,2,10,2,31,ك,11
505,"2,304",تَجْدِيد,noun,3,D=,Open,2,1,10,2,36,ل,12
504,"2,307",بَثّ,verb,4,D~,Open,2,2,10,2,48,س,15
504,"2,307",بَرْلَمانِيّ,adj,5,MSA,Open,4,4,10,2,69,ف,17
504,"2,307",وَصِيَّة,noun,3,D=,Open,3,1,10,2,37,م,13
504,"2,307",ٱِنْتِقَالِيّ,adj,4,D=,Open,4,1,10,2,46,ن,14
503,"2,311",ضَمِن,verb,4,D=,Open,2,1,10,2,44,ن,14
502,"2,312",سِجْن,noun,3,D=,Open,1,1,10,2,35,ل,12
502,"2,312",شِرَاكَة,noun,4,D=,Open,3,1,10,2,45,ن,14
501,"2,314",مُبَاحَثَة,noun,5,D~,Open,4,2,10,2,59,ع,16
501,"2,314",تَوّ,noun,2,MSA,Open,1,4,10,2,33,ل,12
501,"2,314",سَاء,verb,3,D=,Closed,2,1,10,1,33,ل,12
501,"2,314",مَلْء,noun,2,MSA,Open,1,4,10,2,33,ل,12
501,"2,314",دَاعِي,noun,3,D=,Open,2,1,10,2,36,ل,12
501,"2,314",مُطَالَبَة,noun,3,D=,Open,4,1,10,2,38,م,13
501,"2,314",صادِر,noun,4,D=,Open,2,1,10,2,44,ن,14
500,"2,321",قَارِب,noun,1,D=,Open,2,1,10,2,20,ز,7
500,"2,321",مِرَار,noun,4,MSA,Open,2,4,10,2,56,ع,16
500,"2,321",إِكْرَام,noun,3,D=,Open,2,1,10,2,36,ل,12
499,"2,324",ثَبَت,verb,1,D~,Open,2,2,10,2,21,ح,8
499,"2,324",سَمّ,noun,1,D=,Open,1,1,10,2,19,ز,7
499,"2,324",حَمَّام,noun,1,D=,Open,2,1,10,2,20,ز,7
499,"2,324",مَقَام,noun,4,D=,Open,2,1,10,2,44,ن,14
498,"2,328",ثَلَاثُون,noun_num,1,D~,Closed,4,2,10,1,22,ح,8
498,"2,328",مَجْنُون,noun,1,D=,Open,2,1,10,2,20,ز,7
498,"2,328",ٱِشْتِرَاكِيّ,adj,5,D=,Open,4,1,10,2,54,س,15
498,"2,328",عَمَد,verb,4,MSA,Open,3,4,10,2,57,ع,16
498,"2,328",مُنَافِس,noun,2,D=,Open,3,1,10,2,29,ك,11
498,"2,328",جَال,verb,4,D=,Open,2,1,10,2,44,ن,14
497,"2,334",شَدّ,verb,1,D=,Open,2,1,10,2,20,ز,7
497,"2,334",بَلَدِيَّة,noun,4,D=,Open,4,1,10,2,46,ن,14
496,"2,336",سَاق,noun,1,D~,Open,2,2,10,2,21,ح,8
496,"2,336",مَكْتَبَة,noun,1,D=,Open,3,1,10,2,21,ح,8
496,"2,336",آخَر,adj_comp,1,MSA,Open,2,4,10,2,23,ط,9
496,"2,336",تَغْطِيَة,noun,3,D=,Open,3,1,10,2,37,م,13
496,"2,336",غَزْو,noun,4,D=,Open,1,1,10,2,43,ن,14
495,"2,341",ثَعْلَب,noun,1,D~,Open,2,2,10,2,21,ح,8
495,"2,341",ٱِقْتَضَى,verb,4,MSA,Open,3,4,10,2,57,ع,16
495,"2,341",فَهْم,noun,2,D=,Open,1,1,10,2,27,ي,10
494,"2,344",فَشِل,verb,1,D=,Open,3,1,10,2,21,ح,8
494,"2,344",تَفَاهُم,noun,2,D=,Open,3,1,10,2,29,ك,11
494,"2,344",حَفِظ,verb,3,D=,Open,3,1,10,2,37,م,13
493,"2,347",لَمَّح,verb,3,D=,Open,3,1,10,2,37,م,13
492,"2,348",إِقْبَال,noun,4,D=,Open,2,1,10,2,44,ن,14
492,"2,348",سِلْعَة,noun,4,D=,Open,2,1,10,2,44,ن,14
491,"2,350",غَنَّى,verb,1,D=,Open,2,1,10,2,20,ز,7
491,"2,350",ضَاحِيَة,noun,4,D=,Open,3,1,10,2,45,ن,14
491,"2,350",نَقْص,noun,4,D~,Open,1,2,10,2,47,ن,14
490,"2,353",خَائِف,adj,1,D~,Open,2,2,10,2,21,ح,8
490,"2,353",رَأَس,verb,4,D~,Open,3,2,10,2,49,س,15
490,"2,353",تَحْلِيل,noun,3,D=,Open,2,1,10,2,36,ل,12
490,"2,353",جَاسُوس,noun,3,D=,Open,2,1,10,2,36,ل,12
490,"2,353",تَفْتِيش,noun,2,D=,Open,2,1,10,2,28,ي,10
489,"2,358",صَدَد,noun,4,MSA,Open,2,4,10,2,56,ع,16
489,"2,358",مُوجِب,noun,5,MSA,Open,2,4,10,2,67,ف,17
489,"2,358",عَصَا,noun,2,MSA,Open,2,4,10,2,34,ل,12
488,"2,361",تَوْقِيت,noun,1,D~,Open,2,2,10,2,21,ح,8
488,"2,361",مُرَاجَعَة,noun,1,D=,Open,4,1,10,2,22,ح,8
488,"2,361",شَرِيط,noun,1,D=,Open,2,1,10,2,20,ز,7
488,"2,361",مُثِير,adj,4,D~,Open,2,2,10,2,48,س,15
488,"2,361",مُصَاب,noun,3,D=,Open,2,1,10,2,36,ل,12
488,"2,361",نَصَب,verb,4,D=,Open,2,1,10,2,44,ن,14
487,"2,367",أَقْنَع,verb,1,D=,Open,2,1,10,2,20,ز,7
487,"2,367",تَصْوِير,noun,1,D=,Open,2,1,10,2,20,ز,7
487,"2,367",بَال,noun,5,MSA,Open,2,4,10,2,67,ف,17
487,"2,367",لَوَّح,verb,2,D=,Open,3,1,10,2,29,ك,11
486,"2,371",أَغَار,verb,4,MSA,Open,3,4,10,2,57,ع,16
486,"2,371",أَطَاع,verb,2,MSA,Open,3,4,10,2,35,ل,12
485,"2,373",سَرَق,verb,1,D~,Open,3,2,10,2,22,ح,8
485,"2,373",تَرْكِيز,noun,3,D=,Open,2,1,10,2,36,ل,12
484,"2,375",قَدْر,noun,1,D~,Open,3,2,11,2,23,ط,9
484,"2,375",أَوْحَى,verb,3,D=,Open,2,1,11,2,37,م,13
484,"2,375",ٱِنْحَنَى,verb,3,D=,Open,3,1,11,2,38,م,13
483,"2,378",تَكْوِين,noun,2,D=,Open,2,1,11,2,29,ك,11
483,"2,378",لِحْيَة,noun,2,D=,Open,2,1,11,2,29,ك,11
483,"2,378",كِتْمَان,noun,3,D=,Open,2,1,11,2,37,م,13
483,"2,378",رَفِيع,adj,4,D=,Open,2,1,11,2,45,ن,14
482,"2,382",عَالَج,verb,1,D=,Open,3,1,11,2,22,ح,8
482,"2,382",مَهَارَة,noun,2,D=,Open,3,1,11,2,30,ك,11
482,"2,382",عُمُومِيّ,adj,3,D=,Open,3,1,11,2,38,م,13
482,"2,382",عَجِز,verb,4,D=,Open,3,1,11,2,46,ن,14
481,"2,386",مَطَر,noun,1,D=,Open,2,1,11,2,21,ح,8
481,"2,386",حَارَب,verb,1,D=,Open,3,1,11,2,22,ح,8
481,"2,386",قَهْوَة,noun,1,D~,Open,2,2,11,2,22,ح,8
481,"2,386",جَنْب,noun,1,D=,Open,1,1,11,2,20,ز,7
481,"2,386",ٱِنْقَضّ,verb,3,D=,Open,2,1,11,2,37,م,13
481,"2,386",تَأْسِيس,noun,3,D=,Open,2,1,11,2,37,م,13
480,"2,392",ثَلَاثُون,noun_num,1,D~,Closed,4,2,11,1,23,ط,9
480,"2,392",تَارَة,noun,4,MSA,Open,3,4,11,2,58,ع,16
480,"2,392",إِجْمَالِيّ,noun,3,D=,Open,3,1,11,2,38,م,13
479,"2,395",خَاتَم,noun,1,D=,Open,2,1,11,2,21,ح,8
479,"2,395",قَاسِي,adj,1,D~,Open,2,2,11,2,22,ح,8
479,"2,395",ٱِسْتَمَع,verb,1,MSA,Open,3,4,11,2,25,ط,9
479,"2,395",أَدَان,verb,4,MSA,Open,3,4,11,2,58,ع,16
478,"2,399",مِرْآَة,noun,1,MSA,Open,2,4,11,2,24,ط,9
478,"2,399",دِبلُومَاسِيّ,noun,5,D=,Open,4,1,11,2,55,ع,16
478,"2,399",مَسّ,verb,4,D=,Open,2,1,11,2,45,ن,14
478,"2,399",ٱِسْتَأْنَف,verb,4,D=,Open,3,1,11,2,46,ن,14
478,"2,399",تَرْك,noun,2,D=,Open,1,1,11,2,28,ي,10
477,"2,404",صُعُود,noun,1,MSA,Open,2,4,11,2,24,ط,9
477,"2,404",عُذْر,noun,2,D~,Open,1,2,11,2,30,ك,11
477,"2,404",تَمَيَّز,verb,2,D~,Open,3,2,11,2,32,ك,11
477,"2,404",ٱِمْتَلَك,verb,3,D=,Open,3,1,11,2,38,م,13
477,"2,404",مُؤَخَّر,adj,4,D=,Open,3,1,11,2,46,ن,14
477,"2,404",مُصَالَحَة,noun,4,D=,Open,4,1,11,2,47,ن,14
476,"2,410",حَاجِز,noun,1,D=,Open,2,1,11,2,21,ح,8
476,"2,410",رَكَّز,verb,1,D=,Open,3,1,11,2,22,ح,8
476,"2,410",شَوْق,noun,3,D~,Open,1,2,11,2,39,م,13
476,"2,410",جِنَائِيّ,adj,4,D=,Open,3,1,11,2,46,ن,14
475,"2,414",جَدِيد,noun,1,D=,Open,2,1,11,2,21,ح,8
475,"2,414",مُكَرَّم,adj,2,D=,Open,3,1,11,2,30,ك,11
475,"2,414",سَحَر,noun_prop,4,D=,Open,1,1,11,2,44,ن,14
474,"2,417",كَمَن,verb,4,MSA,Open,3,4,11,2,58,ع,16
474,"2,417",ٱِبْتَدَر,verb,5,MSA,Open,3,4,11,2,69,ف,17
473,"2,419",شَجَّع,verb,1,D=,Open,3,1,11,2,22,ح,8
473,"2,419",نَحْل,noun,1,D=,Open,1,1,11,2,20,ز,7
473,"2,419",بَغْتَة,noun,4,MSA,Open,2,4,11,2,57,ع,16
473,"2,419",مَصْرِفِيّ,noun,4,MSA,Open,3,4,11,2,58,ع,16
473,"2,419",مَهْجَر,noun,3,D=,Open,3,1,11,2,38,م,13
473,"2,419",ضَاق,verb,3,D~,Open,2,2,11,2,40,م,13
473,"2,419",لَاقَى,verb,3,D~,Open,2,2,11,2,40,م,13
473,"2,419",دَهَاء,noun,3,MSA,Open,2,4,11,2,46,ن,14
473,"2,419",أَجْر,noun,2,D=,Open,1,1,11,2,28,ي,10
472,"2,428",كَرَّر,verb,1,D=,Open,3,1,11,2,22,ح,8
471,"2,429",ٱِقْتَصَر,verb,4,D=,Open,3,1,11,2,46,ن,14
471,"2,429",تَمَرُّد,noun,4,D=,Open,3,1,11,2,46,ن,14
471,"2,429",مُفَخَّخ,adj,4,D=,Open,3,1,11,2,46,ن,14
471,"2,429",جَمْر,noun,2,D=,Open,1,1,11,2,28,ي,10
470,"2,433",رَبِيع,noun,1,D=,Open,2,1,11,2,21,ح,8
470,"2,433",تَضَامُن,noun,4,D=,Open,3,1,11,2,46,ن,14
470,"2,433",تَوْصِيَة,noun,4,D=,Open,3,1,11,2,46,ن,14
470,"2,433",إِزَالَة,noun,3,MSA,Open,3,4,11,2,47,ن,14
469,"2,437",ٱِنْتَقَم,verb,1,D=,Open,3,1,11,2,22,ح,8
469,"2,437",أَبْقَى,verb,1,MSA,Open,2,4,11,2,24,ط,9
469,"2,437",مِطْرَق,noun,4,MSA,Open,2,4,11,2,57,ع,16
468,"2,440",حَبّ,verb,1,D=,Open,2,1,11,2,21,ح,8
468,"2,440",ميمونة,noun_prop,5,D=,Open,2,1,11,2,53,س,15
468,"2,440",تَدَاوُل,noun,4,MSA,Open,3,4,11,2,58,ع,16
468,"2,440",إِدَانَة,noun,4,D=,Open,3,1,11,2,46,ن,14
467,"2,444",طَلِيعَة,noun,5,D=,Open,3,1,11,2,54,س,15
467,"2,444",بَدَن,noun,2,D=,Open,2,1,11,2,29,ك,11
467,"2,444",غِنَى,noun,2,D=,Open,2,1,11,2,29,ك,11
467,"2,444",مُرَاسِل,noun,3,D=,Open,3,1,11,2,38,م,13
466,"2,448",غِذَاء,noun,1,D~,Open,2,2,11,2,22,ح,8
466,"2,448",حَقّ,verb,4,D~,Open,2,2,11,2,49,س,15
466,"2,448",تَفَرَّس,verb,5,MSA,Open,4,4,11,2,70,ص,18
465,"2,451",ظَاهِر,noun,1,D~,Open,2,2,11,2,22,ح,8
465,"2,451",نُهُوض,noun,2,MSA,Open,2,4,11,2,35,ل,12
465,"2,451",جَمَاعِيّ,adj,3,D=,Open,3,1,11,2,38,م,13
465,"2,451",مُسَاهَمَة,noun,3,D=,Open,4,1,11,2,39,م,13
464,"2,455",عَجَلَة,noun,1,D=,Open,3,1,11,2,22,ح,8
464,"2,455",رَبْط,noun,1,D=,Open,1,1,11,2,20,ز,7
464,"2,455",تِلْفِزيُونِيّ,adj,3,D=,Open,4,1,11,2,39,م,13
464,"2,455",صَالِح,noun_prop,4,D=,Open,2,1,11,2,45,ن,14
464,"2,455",عَارِض,noun,4,D=,Open,3,1,11,2,46,ن,14
463,"2,460",ٱِبْتَعَد,verb,2,D=,Open,3,1,11,2,30,ك,11
463,"2,460",خَلِيَّة,noun,3,D=,Open,3,1,11,2,38,م,13
462,"2,462",يَسَار,noun,1,D=,Open,2,1,11,2,21,ح,8
462,"2,462",شِتَاء,noun,1,D~,Open,2,2,11,2,22,ح,8
462,"2,462",أَفْضَى,verb,5,MSA,Open,2,4,11,2,68,ف,17
462,"2,462",إِرْهَابِيّ,noun,2,D=,Open,3,1,11,2,30,ك,11
462,"2,462",مُخَصَّص,adj,2,D=,Open,3,1,11,2,30,ك,11
462,"2,462",عِلَّة,noun,3,D=,Open,2,1,11,2,37,م,13
462,"2,462",ٱِسْتِعَادَة,noun,3,D=,Open,4,1,11,2,39,م,13
461,"2,469",سَلَّة,noun,1,D=,Open,2,1,11,2,21,ح,8
461,"2,469",صَلِيب,noun,1,D=,Open,2,1,11,2,21,ح,8
461,"2,469",قَارَّة,noun,3,D=,Open,2,1,11,2,37,م,13
461,"2,469",رَقَابَة,noun,4,D=,Open,3,1,11,2,46,ن,14
460,"2,473",أَشَاد,verb,4,MSA,Open,3,4,11,2,58,ع,16
459,"2,474",تَعْذِيب,noun,2,D~,Open,2,2,11,2,31,ك,11
459,"2,474",هَدَأ,verb,2,MSA,Open,2,4,11,2,35,ل,12
459,"2,474",أَدِيب,noun,3,D=,Open,2,1,11,2,37,م,13
459,"2,474",ٱِقْتِرَاع,noun,4,D=,Open,3,1,11,2,46,ن,14
458,"2,478",نَصِيحَة,noun,1,D=,Open,3,1,11,2,22,ح,8
458,"2,478",صَدِيق,adj,3,D=,Open,2,1,11,2,37,م,13
458,"2,478",إِبْقَاء,noun,3,MSA,Open,2,4,11,2,46,ن,14
457,"2,481",شِفَاء,noun,1,D=,Open,2,1,11,2,21,ح,8
457,"2,481",ٱِكْتِشَاف,noun,1,D=,Open,3,1,11,2,22,ح,8
457,"2,481",دَقّ,verb,2,D~,Open,2,2,11,2,31,ك,11
457,"2,481",بَاكِي,noun,3,D=,Open,2,1,11,2,37,م,13
457,"2,481",تَسْهِيل,noun,3,D=,Open,2,1,11,2,37,م,13
456,"2,486",عَرِيض,adj,2,D=,Open,2,1,11,2,29,ك,11
456,"2,486",ٱِنْتِمَاء,noun,3,D=,Open,3,1,11,2,38,م,13
456,"2,486",تَوَازُن,noun,3,D=,Open,3,1,11,2,38,م,13
456,"2,486",صَلَاحِيَّة,noun,4,D=,Open,4,1,11,2,47,ن,14
456,"2,486",نَزْع,noun,2,D=,Open,1,1,11,2,28,ي,10
455,"2,491",هَرَب,verb,1,D=,Open,3,1,11,2,22,ح,8
455,"2,491",تَأَخَّر,verb,1,D~,Open,4,2,11,2,24,ط,9
454,"2,493",أَسْوَأ,adj_comp,2,D=,Open,2,1,11,2,29,ك,11
454,"2,493",بِئْر,noun,2,D~,Open,1,2,11,2,30,ك,11
454,"2,493",إِدْخَال,noun,2,MSA,Open,2,4,11,2,35,ل,12
454,"2,493",أَجْل,noun,3,D=,Open,1,1,11,2,36,ل,12
454,"2,493",مُقَرَّر,noun,3,D=,Open,3,1,11,2,38,م,13
454,"2,493",أَحّ,noun,4,D=,Open,2,1,11,2,45,ن,14
453,"2,499",مَتْحَف,noun,1,D=,Open,2,1,11,2,21,ح,8
453,"2,499",قَاطِع,adj,4,D~,Open,3,2,11,2,50,س,15
453,"2,499",رَان,verb,5,MSA,Open,2,4,11,2,68,ف,17
453,"2,499",مُوَجَّه,adj,2,D=,Open,3,1,11,2,30,ك,11
453,"2,499",جِنْس,noun,3,D=,Open,1,1,11,2,36,ل,12
453,"2,499",دَبَّر,verb,3,D=,Open,3,1,11,2,38,م,13
453,"2,499",حُدُوث,noun,3,MSA,Open,2,4,11,2,46,ن,14
452,"2,506",جُوع,noun,1,D=,Open,1,1,11,2,20,ز,7
452,"2,506",وُسْع,noun,3,D=,Open,1,1,11,2,36,ل,12
451,"2,508",عَاصِفَة,noun,2,D=,Open,3,1,11,2,30,ك,11
451,"2,508",ٱِسْتَعَاد,verb,2,D=,Open,4,1,11,2,31,ك,11
451,"2,508",رَمْز,noun,3,D=,Open,1,1,11,2,36,ل,12
450,"2,511",قَابِل,adj,3,D~,Open,2,2,11,2,40,م,13
449,"2,512",سِبَاق,noun,1,D=,Open,2,1,11,2,21,ح,8
449,"2,512",ظَالِم,noun,3,D~,Open,2,2,11,2,40,م,13
448,"2,514",سِتُّون,noun_num,1,D=,Closed,3,1,11,1,21,ح,8
448,"2,514",شَفَى,verb,1,D=,Open,2,1,11,2,21,ح,8
448,"2,514",رَسَم,verb,1,D=,Open,3,1,11,2,22,ح,8
448,"2,514",فُرَات,noun_prop,5,MSA,Open,2,4,11,2,68,ف,17
448,"2,514",تَفْعِيل,noun,3,D=,Open,2,1,11,2,37,م,13
448,"2,514",حَزْم,noun,4,D=,Open,1,1,11,2,44,ن,14
447,"2,520",مَنْدِيل,noun,1,D=,Open,2,1,11,2,21,ح,8
447,"2,520",ٱِخْتَفَى,verb,1,D=,Open,3,1,11,2,22,ح,8
447,"2,520",طَمَع,noun,2,D=,Open,2,1,11,2,29,ك,11
447,"2,520",نَهْج,noun,4,D=,Open,1,1,11,2,44,ن,14
446,"2,524",تَبَع,noun,2,D=,Open,2,1,11,2,29,ك,11
446,"2,524",بَدِيل,noun,3,D=,Open,2,1,11,2,37,م,13
446,"2,524",ٱِسْتَحَال,verb,4,D=,Open,4,1,11,2,47,ن,14
446,"2,524",مُتَوَقَّع,noun,4,D=,Open,4,1,11,2,47,ن,14
445,"2,528",تَعِب,verb,1,D=,Open,2,1,11,2,21,ح,8
445,"2,528",حَاسِم,adj,3,D=,Open,2,1,11,2,37,م,13
445,"2,528",هَبَط,verb,3,D=,Open,3,1,11,2,38,م,13
445,"2,528",قِيَاسِيّ,adj,3,MSA,Open,3,4,11,2,47,ن,14
444,"2,532",ٱِكْتَشَف,verb,1,D=,Open,3,1,11,2,22,ح,8
444,"2,532",ٱِعْتِرَاض,noun,2,D=,Open,3,1,11,2,30,ك,11
443,"2,534",مَدَام,noun,5,MSA,Open,2,4,11,2,68,ف,17
443,"2,534",لَزِم,verb,3,D=,Open,3,1,11,2,38,م,13
443,"2,534",أَجْلَس,verb,3,MSA,Open,2,4,11,2,46,ن,14
442,"2,537",نَقْدِيّ,adj,4,D~,Open,2,2,11,2,49,س,15
442,"2,537",ٱِسْتَيْقَظ,verb,1,MSA,Open,3,4,11,2,25,ط,9
442,"2,537",قُبَّة,noun,3,D=,Open,2,1,11,2,37,م,13
442,"2,537",مُؤَامَرَة,noun,4,D=,Open,4,1,11,2,47,ن,14
441,"2,541",حَزِين,adj,1,D=,Open,2,1,11,2,21,ح,8
441,"2,541",رَقْص,noun,1,D~,Open,1,2,11,2,21,ح,8
441,"2,541",ٱِخْتِبَار,noun,1,D=,Open,3,1,11,2,22,ح,8
441,"2,541",عِلْم,noun,1,D=,Open,3,1,11,2,22,ح,8
441,"2,541",نَفَع,verb,1,D=,Open,3,1,11,2,22,ح,8
441,"2,541",طَوْر,noun,5,MSA,Open,1,4,11,2,67,ف,17
441,"2,541",مدل,noun_prop,5,MSA,Open,2,4,11,2,68,ف,17
441,"2,541",عَتَبَة,noun,2,D=,Open,3,1,11,2,30,ك,11
441,"2,541",ٱِسْتَعَان,verb,3,D=,Open,4,1,11,2,39,م,13
441,"2,541",تَطَلَّع,verb,4,D=,Open,2,1,11,2,45,ن,14
441,"2,541",دِهْلِيز,noun,4,D=,Open,2,1,11,2,45,ن,14
441,"2,541",تَمالَك,verb,4,D=,Open,4,1,11,2,47,ن,14
440,"2,553",مُهِمّ,noun,1,D=,Open,2,1,11,2,21,ح,8
440,"2,553",حَائِط,noun,1,D~,Open,2,2,11,2,22,ح,8
440,"2,553",وِلَادَة,noun,1,D=,Open,3,1,11,2,22,ح,8
440,"2,553",شِيعَة,noun,5,D=,Open,2,1,11,2,53,س,15
440,"2,553",فَحْص,noun,3,D=,Open,1,1,11,2,36,ل,12
440,"2,553",ثِقَل,noun,3,D~,Open,1,2,11,2,39,م,13
439,"2,559",لَوْحَة,noun,1,D=,Open,2,1,11,2,21,ح,8
439,"2,559",مُفِيد,adj,1,D=,Open,2,1,11,2,21,ح,8
439,"2,559",مَرْتَبَة,noun,1,D=,Open,3,1,11,2,22,ح,8
439,"2,559",تَخَلُّص,noun,2,D=,Open,3,1,11,2,30,ك,11
439,"2,559",تَخْفِيف,noun,3,D=,Open,2,1,11,2,37,م,13
439,"2,559",بُورْصَة,noun,4,D=,Open,2,1,11,2,45,ن,14
438,"2,565",بَرَكَة,noun,1,D=,Open,2,1,11,2,21,ح,8
438,"2,565",ٱِحْتَفَل,verb,1,D=,Open,3,1,11,2,22,ح,8
438,"2,565",أَدَبِيّ,adj,3,D=,Open,3,1,11,2,38,م,13
438,"2,565",دُوَلِيّ,adj,4,D=,Open,2,1,11,2,45,ن,14
438,"2,565",مَجْرَى,noun,4,D=,Open,2,1,11,2,45,ن,14
438,"2,565",أَفْسَد,verb,3,MSA,Open,2,4,11,2,46,ن,14
437,"2,571",قُرْعَة,noun,2,D=,Open,2,1,11,2,29,ك,11
437,"2,571",حِقْد,noun,3,D=,Open,1,1,11,2,36,ل,12
437,"2,571",جُرْأَة,noun,3,D=,Open,2,1,11,2,37,م,13
437,"2,571",إِتْمَام,noun,3,MSA,Open,2,4,11,2,46,ن,14
436,"2,575",طَرَق,verb,1,D~,Open,3,2,11,2,23,ط,9
436,"2,575",زِرَاعِيّ,adj,3,D=,Open,3,1,11,2,38,م,13
435,"2,577",صُحُفِيّ,adj,5,D=,Open,3,1,11,2,54,س,15
435,"2,577",كَتِيبَة,noun,5,D=,Open,3,1,11,2,54,س,15
435,"2,577",مُقَدَّم,adj,3,D=,Open,3,1,11,2,38,م,13
435,"2,577",ٱِسْتَبْعَد,verb,4,D=,Open,3,1,11,2,46,ن,14
434,"2,581",ٱِحْتَفَظ,verb,1,D~,Open,3,2,11,2,23,ط,9
434,"2,581",مُخَيَّم,noun,3,D=,Open,3,1,11,2,38,م,13
434,"2,581",فِكْرِيّ,adj,4,D=,Open,2,1,11,2,45,ن,14
433,"2,584",قَلَب,verb,1,D~,Open,3,2,11,2,23,ط,9
433,"2,584",مَبِيع,adj,3,MSA,Open,2,4,11,2,46,ن,14
432,"2,586",عَيْب,noun,1,D=,Open,1,1,11,2,20,ز,7
432,"2,586",ٱِلْتَزَم,verb,2,D=,Open,3,1,11,2,30,ك,11
432,"2,586",عَاقِل,adj,2,D~,Open,2,2,11,2,31,ك,11
432,"2,586",تَأَثَّر,verb,3,D~,Open,2,2,11,2,40,م,13
432,"2,586",نَبِيل,adj,4,D=,Open,2,1,11,2,45,ن,14
431,"2,591",ٱِحْتَرَم,verb,1,D=,Open,3,1,11,2,22,ح,8
431,"2,591",زَهْر,noun,1,D=,Open,1,1,11,2,20,ز,7
431,"2,591",وَحْش,noun,1,D=,Open,1,1,11,2,20,ز,7
431,"2,591",مَنْظُومَة,noun,5,D=,Open,3,1,11,2,54,س,15
431,"2,591",بَرِّيّ,adj,3,D=,Open,2,1,11,2,37,م,13
431,"2,591",لَيْتَ,verb_pseudo,3,MSA,Closed,2,4,11,1,43,ن,14
431,"2,591",ظَفِر,verb,4,D=,Open,3,1,11,2,46,ن,14
430,"2,598",مُشَاهِد,noun,1,D=,Open,4,1,11,2,23,ط,9
430,"2,598",ٱِرْتَعَد,verb,4,MSA,Open,3,4,11,2,58,ع,16
429,"2,600",هَمْس,noun,3,D=,Open,1,1,11,2,36,ل,12
429,"2,600",فِرَاق,noun,3,D~,Open,2,2,11,2,40,م,13
429,"2,600",جَهْل,noun,2,D=,Open,1,1,11,2,28,ي,10
427,"2,603",ٱِرْتَعَش,verb,1,D=,Open,3,1,11,2,22,ح,8
427,"2,603",لَاح,verb,5,D=,Open,2,1,11,2,53,س,15
427,"2,603",أَشْبَه,adj_comp,4,MSA,Open,2,4,11,2,57,ع,16
427,"2,603",تَدَخَّل,verb,2,D~,Open,2,2,11,2,31,ك,11
426,"2,607",سَاكِن,noun,1,D=,Open,2,1,11,2,21,ح,8
426,"2,607",شَمْعَة,noun,1,D=,Open,2,1,11,2,21,ح,8
426,"2,607",قَامَة,noun,4,D~,Open,2,2,11,2,49,س,15
426,"2,607",قَعَد,verb,1,D~,Open,3,2,11,2,23,ط,9
426,"2,607",وَحَى,verb,4,MSA,Open,2,4,11,2,57,ع,16
426,"2,607",حَرَم,noun,2,D=,Open,2,1,11,2,29,ك,11
426,"2,607",تَوَقُّف,noun,2,D=,Open,3,1,11,2,30,ك,11
426,"2,607",تَحْدِيث,noun,3,D~,Open,2,2,11,2,40,م,13
426,"2,607",تَوَصَّل,verb,3,D~,Open,2,2,11,2,40,م,13
426,"2,607",وَثَب,verb,3,MSA,Open,3,4,11,2,47,ن,14
425,"2,617",مُحَلِّل,noun,5,D=,Open,3,1,11,2,54,س,15
425,"2,617",حَدِيدِيّ,adj,2,D=,Open,3,1,11,2,30,ك,11
425,"2,617",طَرَد,verb,2,D=,Open,3,1,11,2,30,ك,11
425,"2,617",مُتَمَيِّز,adj,3,D=,Open,4,1,11,2,39,م,13
425,"2,617",مَعْبَر,noun,4,D=,Open,2,1,11,2,45,ن,14
424,"2,622",رَمْل,noun,1,D=,Open,1,1,11,2,20,ز,7
424,"2,622",ثَمَّ,adv,4,MSA,Closed,2,4,11,1,53,س,15
424,"2,622",جِدِّيّ,adj,2,D=,Open,2,1,11,2,29,ك,11
424,"2,622",عَصَب,noun,2,D=,Open,2,1,11,2,29,ك,11
424,"2,622",ثَمِين,adj,2,D~,Open,2,2,11,2,31,ك,11
424,"2,622",إِنْفَاق,noun,3,D=,Open,2,1,11,2,37,م,13
424,"2,622",تَصْدِير,noun,3,D=,Open,2,1,11,2,37,م,13
424,"2,622",رَاحِل,noun,3,D=,Open,2,1,11,2,37,م,13
424,"2,622",آل,noun,2,D=,Open,1,1,11,2,28,ي,10
423,"2,631",جَفْن,noun,1,D=,Open,1,1,12,2,21,ح,8
423,"2,631",فَارِغ,adj,1,D=,Open,2,1,12,2,22,ح,8
423,"2,631",مُغَادَرَة,noun,2,D=,Open,4,1,12,2,32,ك,11
422,"2,634",إِرَم,noun,5,MSA,Open,2,4,12,2,69,ف,17
422,"2,634",هِلَّم,noun,5,MSA,Open,2,4,12,2,69,ف,17
422,"2,634",أَسْعَد,adj_comp,2,D=,Open,2,1,12,2,30,ك,11
422,"2,634",وُضُوح,noun,2,D=,Open,2,1,12,2,30,ك,11
422,"2,634",أَشْفَق,verb,3,D=,Open,2,1,12,2,38,م,13
422,"2,634",طُمُوح,noun,3,D=,Open,2,1,12,2,38,م,13
421,"2,640",عَتَاد,noun,2,D=,Open,3,1,12,2,31,ك,11
421,"2,640",حِرَاسَة,noun,2,D=,Open,3,1,12,2,31,ك,11
420,"2,642",مَوْجَة,noun,1,D=,Open,2,1,12,2,22,ح,8
420,"2,642",نَطَق,verb,1,D~,Open,2,2,12,2,23,ط,9
420,"2,642",حُمَّى,noun,3,D=,Open,2,1,12,2,38,م,13
420,"2,642",مُقَاطَعَة,noun,3,D=,Open,4,1,12,2,40,م,13
420,"2,642",رَشَد,noun,4,D=,Open,1,1,12,2,45,ن,14
420,"2,642",أَسْهَم,verb,4,D=,Open,2,1,12,2,46,ن,14
419,"2,648",ثَأَر,verb,4,D~,Open,2,2,12,2,50,س,15
419,"2,648",ٱِرْتِكَاب,noun,3,D=,Open,3,1,12,2,39,م,13
419,"2,648",فَرِح,verb,3,D=,Open,3,1,12,2,39,م,13
419,"2,648",غَالِب,noun_prop,4,D=,Open,2,1,12,2,46,ن,14
418,"2,652",تَراوَح,verb,4,MSA,Open,3,4,12,2,59,ع,16
418,"2,652",قُبَيْل,noun,3,D~,Closed,2,2,12,1,38,م,13
418,"2,652",تَرْجَمَة,noun,3,D=,Open,3,1,12,2,39,م,13
418,"2,652",نَسَمَة,noun,3,D=,Open,3,1,12,2,39,م,13
417,"2,656",رَحَل,verb,1,D=,Open,3,1,12,2,23,ط,9
417,"2,656",تَعَامُل,noun,1,D~,Open,3,2,12,2,24,ط,9
417,"2,656",مَثَابَة,noun,5,D~,Open,3,2,12,2,60,ع,16
417,"2,656",فَضَائِيّ,adj,2,D=,Open,3,1,12,2,31,ك,11
417,"2,656",بُرْهان,noun,3,D=,Open,2,1,12,2,38,م,13
417,"2,656",تَخَلِّي,noun,3,D=,Open,3,1,12,2,39,م,13
417,"2,656",خَالَف,verb,3,D=,Open,3,1,12,2,39,م,13
417,"2,656",أَدْلَى,verb,4,D=,Open,2,1,12,2,46,ن,14
417,"2,656",إِدْرَاك,noun,4,D=,Open,2,1,12,2,46,ن,14
416,"2,665",جَرَس,noun,1,D=,Open,1,1,12,2,21,ح,8
416,"2,665",حَدَق,verb,3,MSA,Open,3,4,12,2,48,س,15
416,"2,665",حَوَّل,verb,1,D=,Open,3,1,12,2,23,ط,9
416,"2,665",مُلَاحَظَة,noun,2,D~,Open,4,2,12,2,34,ل,12
416,"2,665",ٱِحْتَوَى,verb,3,D=,Open,3,1,12,2,39,م,13
416,"2,665",نَدْوَة,noun,4,D=,Open,2,1,12,2,46,ن,14
415,"2,671",رَكِب,verb,1,D=,Open,3,1,12,2,23,ط,9
415,"2,671",مُنْتَظَر,adj,4,MSA,Open,3,4,12,2,59,ع,16
415,"2,671",تَدْمِير,noun,2,D=,Open,2,1,12,2,30,ك,11
415,"2,671",مَنْشُور,adj,2,D=,Open,2,1,12,2,30,ك,11
415,"2,671",فَوْضَى,noun,3,D=,Open,2,1,12,2,38,م,13
415,"2,671",مَعْرِض,noun,3,D=,Open,3,1,12,2,39,م,13
415,"2,671",دِقَّة,noun,4,D=,Open,2,1,12,2,46,ن,14
415,"2,671",هَامِش,noun,4,D=,Open,2,1,12,2,46,ن,14
414,"2,679",شِعْر,noun,1,D=,Open,1,1,12,2,21,ح,8
414,"2,679",خَفِي,verb,1,D=,Open,2,1,12,2,22,ح,8
414,"2,679",مَطْعَم,noun,1,D=,Open,2,1,12,2,22,ح,8
414,"2,679",تَقْيِيم,noun,3,D=,Open,2,1,12,2,38,م,13
414,"2,679",طَاهِر,noun_prop,3,D=,Open,2,1,12,2,38,م,13
414,"2,679",هُدْنَة,noun,4,D=,Open,2,1,12,2,46,ن,14
413,"2,685",خَزَّان,noun,1,D=,Open,2,1,12,2,22,ح,8
413,"2,685",مُمَاثِل,adj,4,D~,Open,3,2,12,2,51,س,15
413,"2,685",فَقِيه,noun,5,D=,Open,2,1,12,2,54,س,15
413,"2,685",مُكَافَأَة,noun,1,D=,Open,3,1,12,2,23,ط,9
413,"2,685",جَذْب,noun,4,MSA,Open,1,4,12,2,57,ع,16
413,"2,685",مَتَاع,noun,4,MSA,Open,2,4,12,2,58,ع,16
413,"2,685",نَعَم,verb,4,MSA,Open,2,4,12,2,58,ع,16
413,"2,685",مَسْرُور,adj,2,D=,Open,2,1,12,2,30,ك,11
413,"2,685",شُرْفَة,noun,2,MSA,Open,2,4,12,2,36,ل,12
413,"2,685",إِهَانَة,noun,3,D=,Open,3,1,12,2,39,م,13
413,"2,685",عَجِب,verb,4,D=,Open,3,1,12,2,47,ن,14
412,"2,696",ٱِعْتَزَم,verb,4,MSA,Open,3,4,12,2,59,ع,16
412,"2,696",قَطّ,noun,5,MSA,Open,1,4,12,2,68,ف,17
412,"2,696",تَجْهِيز,noun,2,D=,Open,2,1,12,2,30,ك,11
411,"2,699",شَرَع,verb,4,MSA,Open,3,4,12,2,59,ع,16
410,"2,700",قَسّ,noun,5,D=,Open,1,1,12,2,53,س,15
410,"2,700",الودية,noun_prop,5,MSA,Open,2,4,12,2,69,ف,17
410,"2,700",ثُلُث,noun_quant,2,D~,Closed,2,2,12,1,30,ك,11
410,"2,700",صَانِع,noun,2,D=,Open,2,1,12,2,30,ك,11
410,"2,700",نَسِيم,noun,2,D=,Open,2,1,12,2,30,ك,11
410,"2,700",إِثْم,noun,3,D~,Open,1,2,12,2,40,م,13
410,"2,700",ٱِسْتِفْتَاء,noun,4,D=,Open,3,1,12,2,47,ن,14
410,"2,700",دَعَّم,verb,4,D=,Open,3,1,12,2,47,ن,14
409,"2,708",أَذَى,noun,1,D~,Open,2,2,12,2,23,ط,9
409,"2,708",جَرَح,verb,1,D=,Open,3,1,12,2,23,ط,9
409,"2,708",شَرَح,verb,1,D=,Open,3,1,12,2,23,ط,9
409,"2,708",مُفَاجَأَة,noun,1,D=,Open,4,1,12,2,24,ط,9
409,"2,708",فِعْلِيّ,adj,3,D=,Open,2,1,12,2,38,م,13
409,"2,708",أَرْمَل,noun,3,D=,Open,3,1,12,2,39,م,13
409,"2,708",ٱِمْتِلَاك,noun,3,D=,Open,3,1,12,2,39,م,13
409,"2,708",ٱِنْدَفَع,verb,3,D=,Open,3,1,12,2,39,م,13
408,"2,716",قَصْد,noun,1,D~,Open,1,2,12,2,22,ح,8
408,"2,716",ٱِعْتِذَار,noun,1,D~,Open,3,2,12,2,24,ط,9
408,"2,716",مُوَازَنَة,noun,5,D=,Open,4,1,12,2,56,ع,16
408,"2,716",وَرَى,verb,5,MSA,Open,2,4,12,2,69,ف,17
408,"2,716",مُحِبّ,noun,3,D=,Open,2,1,12,2,38,م,13
408,"2,716",أَوْدَع,verb,4,D=,Open,2,1,12,2,46,ن,14
408,"2,716",مَكَّن,verb,4,D=,Open,3,1,12,2,47,ن,14
407,"2,723",مُغَنِّي,noun,1,D=,Open,2,1,12,2,22,ح,8
407,"2,723",نِدَاء,noun,1,D=,Open,2,1,12,2,22,ح,8
407,"2,723",معدة,noun_prop,5,D=,Open,2,1,12,2,54,س,15
407,"2,723",مَمْلُوك,noun,5,D=,Open,2,1,12,2,54,س,15
407,"2,723",طَائِفِيّ,adj,5,D=,Open,3,1,12,2,55,ع,16
407,"2,723",دِرْهَم,noun,2,D=,Open,2,1,12,2,30,ك,11
407,"2,723",كِيَان,noun,4,D=,Open,2,1,12,2,46,ن,14
407,"2,723",مُؤَيِّد,adj,4,D=,Open,3,1,12,2,47,ن,14
406,"2,731",تَظَاهُرَة,noun,4,D~,Open,4,2,12,2,52,س,15
406,"2,731",بُحَيْرَة,noun,1,D=,Open,3,1,12,2,23,ط,9
406,"2,731",سِكَّة,noun,2,D=,Open,2,1,12,2,30,ك,11
406,"2,731",مَلَكِيّ,adj,2,D=,Open,2,1,12,2,30,ك,11
406,"2,731",زَمَنِيّ,adj,3,D=,Open,2,1,12,2,38,م,13
405,"2,736",كَسْر,noun,1,D=,Open,1,1,12,2,21,ح,8
405,"2,736",مَقْبُول,adj,1,D~,Open,2,2,12,2,23,ط,9
405,"2,736",قَرُب,verb,4,MSA,Open,3,4,12,2,59,ع,16
405,"2,736",وَسَط,noun,3,D=,Closed,1,1,12,1,34,ل,12
405,"2,736",ٱِهْتَدَى,verb,3,D=,Open,3,1,12,2,39,م,13
404,"2,741",عَلْك,noun,3,D=,Open,1,1,12,2,37,م,13
404,"2,741",ٱِخْتَتَم,verb,3,D=,Open,3,1,12,2,39,م,13
404,"2,741",عِزَّة,noun,4,D=,Open,2,1,12,2,46,ن,14
403,"2,744",إِسْتاد,noun,1,D=,Open,2,1,12,2,22,ح,8
403,"2,744",قِبْلَة,noun,1,MSA,Open,2,4,12,2,25,ط,9
403,"2,744",فَعَّالِيَّة,noun,5,D=,Open,4,1,12,2,56,ع,16
403,"2,744",تَعْرِيف,noun,2,D=,Open,2,1,12,2,30,ك,11
402,"2,748",طَاف,verb,1,D=,Open,2,1,12,2,22,ح,8
402,"2,748",مُقِيم,noun,2,D=,Open,2,1,12,2,30,ك,11
402,"2,748",كَهْرَبَائِيّ,adj,2,D=,Open,4,1,12,2,32,ك,11
402,"2,748",فرَانك,noun_prop,4,D=,Open,2,1,12,2,46,ن,14
401,"2,752",خَطْف,noun,2,D=,Open,1,1,12,2,29,ك,11
401,"2,752",سماح,noun_prop,2,D=,Open,2,1,12,2,30,ك,11
401,"2,752",مُحَارَبَة,noun,2,D=,Open,4,1,12,2,32,ك,11
401,"2,752",ٱِسْتِهْلَاك,noun,3,D=,Open,3,1,12,2,39,م,13
401,"2,752",طِرَاز,noun,4,D=,Open,2,1,12,2,46,ن,14
401,"2,752",أَوَى,verb,3,MSA,Open,2,4,12,2,47,ن,14
400,"2,758",بَيْض,noun,1,D=,Open,1,1,12,2,21,ح,8
400,"2,758",ٱِرْتَاح,verb,1,D=,Open,3,1,12,2,23,ط,9
400,"2,758",شَقِيقَة,noun,1,D=,Open,3,1,12,2,23,ط,9
400,"2,758",إِخْفَاء,noun,2,D=,Open,2,1,12,2,30,ك,11
399,"2,762",خَالِي,adj,1,D=,Open,1,1,12,2,21,ح,8
399,"2,762",مُطْرِب,noun,1,D=,Open,2,1,12,2,22,ح,8
399,"2,762",تَعْقِيب,noun,5,D=,Open,2,1,12,2,54,س,15
399,"2,762",عَظْمَة,noun,1,D~,Open,2,2,12,2,23,ط,9
399,"2,762",سَكَنِيّ,adj,3,D=,Open,3,1,12,2,39,م,13
399,"2,762",مُخَدِّر,noun,3,D=,Open,3,1,12,2,39,م,13
399,"2,762",أَوْقَع,verb,3,MSA,Open,2,4,12,2,47,ن,14
399,"2,762",عَزَم,verb,4,D=,Open,3,1,12,2,47,ن,14
398,"2,770",شَقِيّ,adj,1,D~,Open,2,2,12,2,23,ط,9
398,"2,770",خُطُورَة,noun,2,D=,Open,3,1,12,2,31,ك,11
398,"2,770",فَرَّق,verb,2,D~,Open,3,2,12,2,33,ل,12
398,"2,770",أَغْضَب,verb,2,MSA,Open,2,4,12,2,36,ل,12
398,"2,770",تَفْسِير,noun,3,D=,Open,2,1,12,2,38,م,13
398,"2,770",صَدْرِيّ,adj,3,D=,Open,2,1,12,2,38,م,13
398,"2,770",مُتَّهَم,adj,3,D=,Open,3,1,12,2,39,م,13
397,"2,777",سَلِيم,adj,1,D=,Open,2,1,12,2,22,ح,8
397,"2,777",عَاوَد,verb,3,MSA,Open,3,4,12,2,48,س,15
396,"2,779",مُتَظَاهِر,noun,4,D~,Open,4,2,12,2,52,س,15
395,"2,780",كِيس,noun,1,D=,Open,1,1,12,2,21,ح,8
395,"2,780",مِيلِيشِيَا,noun,5,D=,Open,4,1,12,2,56,ع,16
395,"2,780",جَدَّد,verb,2,D=,Open,3,1,12,2,31,ك,11
394,"2,783",كِذْب,noun,1,D~,Open,1,2,12,2,22,ح,8
394,"2,783",أَنْزَل,verb,1,MSA,Open,2,4,12,2,25,ط,9
394,"2,783",تَجَلَّد,verb,4,MSA,Open,2,4,12,2,58,ع,16
394,"2,783",جاد,noun_prop,3,D=,Open,1,1,12,2,37,م,13
394,"2,783",حَشْد,noun,3,D=,Open,1,1,12,2,37,م,13
394,"2,783",رَعَى,verb,3,D=,Open,2,1,12,2,38,م,13
394,"2,783",مِهْنِيّ,adj,4,D=,Open,2,1,12,2,46,ن,14
393,"2,790",خَرِيطَة,noun,1,D=,Open,3,1,12,2,23,ط,9
393,"2,790",إِسْترَاتِيجِيّ,adj,5,D=,Open,4,1,12,2,56,ع,16
393,"2,790",أَخْفَق,verb,2,MSA,Open,2,4,12,2,36,ل,12
392,"2,793",تَحَسُّن,noun,1,D=,Open,3,1,12,2,23,ط,9
392,"2,793",كَتَم,verb,5,D=,Open,3,1,12,2,55,ع,16
392,"2,793",مَأْتَى,noun,5,MSA,Open,2,4,12,2,69,ف,17
392,"2,793",رَجَا,noun,3,D=,Open,2,1,12,2,38,م,13
392,"2,793",هَاج,verb,3,D=,Open,2,1,12,2,38,م,13
392,"2,793",ٱِرْتَبَط,verb,3,D=,Open,3,1,12,2,39,م,13
392,"2,793",صَحْوَة,noun,4,D=,Open,2,1,12,2,46,ن,14
392,"2,793",قِسِّيس,noun,4,D=,Open,2,1,12,2,46,ن,14
391,"2,801",مُحْتَمَل,adj,3,D=,Open,3,1,12,2,39,م,13
391,"2,801",عِبْء,noun,4,D=,Open,1,1,12,2,45,ن,14
391,"2,801",ٱِنْتِهَاك,noun,4,D=,Open,3,1,12,2,47,ن,14
390,"2,804",سُكَّر,noun,1,D=,Open,1,1,12,2,21,ح,8
390,"2,804",مَسَح,verb,1,D=,Open,3,1,12,2,23,ط,9
390,"2,804",سَلَّم,verb,3,D=,Open,1,1,12,2,37,م,13
390,"2,804",وَيْل,noun,3,D=,Open,1,1,12,2,37,م,13
390,"2,804",عِمَامَة,noun,3,D=,Open,3,1,12,2,39,م,13
390,"2,804",أَعْجَب,adj_comp,4,D=,Open,2,1,12,2,46,ن,14
390,"2,804",عَقَارِيّ,adj,4,D=,Open,3,1,12,2,47,ن,14
389,"2,811",صَرَف,verb,1,D=,Open,3,1,12,2,23,ط,9
389,"2,811",قَافِل,noun,5,MSA,Open,2,4,12,2,69,ف,17
389,"2,811",فَاعِل,noun,4,D=,Open,2,1,12,2,46,ن,14
388,"2,814",ٱِسْتَضَاف,verb,2,D=,Open,4,1,12,2,32,ك,11
388,"2,814",ٱِنْقِسَام,noun,3,D=,Open,3,1,12,2,39,م,13
388,"2,814",دُرّ,noun,4,D=,Open,1,1,12,2,45,ن,14
387,"2,817",ٱِنْفَجَر,verb,1,D=,Open,3,1,12,2,23,ط,9
387,"2,817",خَلْع,noun,2,D=,Open,1,1,12,2,29,ك,11
387,"2,817",وَرْشَة,noun,2,D=,Open,2,1,12,2,30,ك,11
387,"2,817",كِيلُومِتر,noun,2,D=,Open,3,1,12,2,31,ك,11
387,"2,817",ٱِتَّبَع,verb,3,D=,Open,2,1,12,2,38,م,13
387,"2,817",تَقْوِيم,noun,3,D=,Open,2,1,12,2,38,م,13
387,"2,817",كِبْرِيَاء,noun,3,D=,Open,3,1,12,2,39,م,13
387,"2,817",عُمُوم,noun,4,D=,Open,2,1,12,2,46,ن,14
386,"2,825",ٱِسْتِثْنَاء,noun,4,D~,Open,3,2,12,2,51,س,15
386,"2,825",مَسْرَحِيَّة,noun,1,D=,Open,4,1,12,2,24,ط,9
386,"2,825",مَلِك,noun,2,D=,Open,1,1,12,2,29,ك,11
386,"2,825",صَرِيح,adj,3,D=,Open,2,1,12,2,38,م,13
385,"2,829",عَجُوز,noun,1,D=,Open,2,1,12,2,22,ح,8
385,"2,829",حِيَال,noun,4,MSA,Closed,2,4,12,1,54,س,15
385,"2,829",تَوَارَى,verb,4,MSA,Open,3,4,12,2,59,ع,16
385,"2,829",صِيغَة,noun,4,D=,Open,2,1,12,2,46,ن,14
385,"2,829",أَسْبَق,adj_comp,3,MSA,Open,2,4,12,2,47,ن,14
385,"2,829",خَلَص,verb,1,MSA,Open,3,4,12,2,26,ي,10
384,"2,835",صَرّ,verb,5,D=,Open,2,1,12,2,54,س,15
384,"2,835",مُؤَلِّف,noun,2,D=,Open,3,1,12,2,31,ك,11
384,"2,835",ٱِرْتِبَاط,noun,3,D=,Open,3,1,12,2,39,م,13
384,"2,835",جُمْهُورِيّ,adj,3,D=,Open,3,1,12,2,39,م,13
383,"2,839",برنس,noun_prop,2,D=,Open,2,1,12,2,30,ك,11
383,"2,839",نَدِم,verb,3,D=,Open,2,1,12,2,38,م,13
383,"2,839",مُحْتَلّ,adj,4,D=,Open,2,1,12,2,46,ن,14
383,"2,839",زُجَاجَة,noun,1,MSA,Open,3,4,12,2,26,ي,10
382,"2,843",تَخْطِيط,noun,1,D=,Open,2,1,12,2,22,ح,8
382,"2,843",صَغِير,noun,1,D=,Open,2,1,12,2,22,ح,8
382,"2,843",مَكْتُوب,adj,1,D=,Open,2,1,12,2,22,ح,8
382,"2,843",ٱِتَّسَع,verb,3,MSA,Open,3,4,12,2,48,س,15
382,"2,843",سُهُولَة,noun,1,D=,Open,3,1,12,2,23,ط,9
382,"2,843",هَوْل,noun,5,MSA,Open,1,4,12,2,68,ف,17
382,"2,843",دَمَار,noun,2,D=,Open,2,1,12,2,30,ك,11
382,"2,843",نَشَأ,verb,3,D=,Open,2,1,12,2,38,م,13
381,"2,851",عِزّ,noun,5,D=,Open,1,1,12,2,53,س,15
381,"2,851",أَهْدَى,verb,1,MSA,Open,2,4,12,2,25,ط,9
381,"2,851",مُغْلَق,adj,1,MSA,Open,2,4,12,2,25,ط,9
381,"2,851",مُخابَرَة,noun,5,D=,Open,4,1,12,2,56,ع,16
381,"2,851",تَطَرَّق,verb,4,MSA,Open,2,4,12,2,58,ع,16
381,"2,851",تَخْفِيض,noun,2,D=,Open,2,1,12,2,30,ك,11
381,"2,851",نِقَاش,noun,2,D=,Open,2,1,12,2,30,ك,11
381,"2,851",ذَاكِرَة,noun,2,D~,Open,3,2,12,2,33,ل,12
381,"2,851",أَقَلّ,verb,3,D=,Open,2,1,12,2,38,م,13
381,"2,851",أَوْلَى,verb,4,D=,Open,2,1,12,2,46,ن,14
380,"2,861",بِضَاعَة,noun,1,D=,Open,3,1,12,2,23,ط,9
380,"2,861",قَفَص,noun,1,D~,Open,2,2,12,2,23,ط,9
380,"2,861",يُورَانِيُوم,noun,5,D=,Open,4,1,12,2,56,ع,16
380,"2,861",تَجَاهَل,verb,3,D~,Open,4,2,12,2,43,ن,14
380,"2,861",رائِد,noun,4,D=,Open,2,1,12,2,46,ن,14
379,"2,866",فَضِيحَة,noun,3,D=,Open,3,1,12,2,39,م,13
379,"2,866",أَمَّن,verb,4,D=,Open,2,1,12,2,46,ن,14
379,"2,866",أَحْرَز,verb,3,MSA,Open,2,4,12,2,47,ن,14
379,"2,866",أَمْضَى,verb,3,MSA,Open,2,4,12,2,47,ن,14
378,"2,870",مَجْمَع,noun,5,D=,Open,2,1,12,2,54,س,15
378,"2,870",دُخَان,noun,1,D~,Open,2,2,12,2,23,ط,9
378,"2,870",بَائِع,noun,1,D~XP,Open,2,3,12,2,24,ط,9
378,"2,870",عِنْدَئِذٍ,adv,4,MSA,Closed,4,4,12,1,56,ع,16
378,"2,870",مُصَاب,noun,2,D=,Open,2,1,12,2,30,ك,11
378,"2,870",زَعَامَة,noun,3,D=,Open,3,1,12,2,39,م,13
377,"2,876",حَاشِيَة,noun,4,D=,Open,3,1,13,2,48,س,15
377,"2,876",مُنْفَرِد,adj,4,D=,Open,3,1,13,2,48,س,15
377,"2,876",ٱِسْتِثْمَارِيّ,adj,4,D~,Open,4,2,13,2,53,س,15
377,"2,876",حَرِير,noun,2,D=,Open,2,1,13,2,31,ك,11
377,"2,876",شُهْرَة,noun,2,D=,Open,2,1,13,2,31,ك,11
376,"2,881",مُسْتَهْلِك,noun,4,D=,Open,3,1,13,2,48,س,15
376,"2,881",رَقَص,verb,1,D=,Open,3,1,13,2,24,ط,9
376,"2,881",صَرَاحَة,noun,1,D=,Open,3,1,13,2,24,ط,9
376,"2,881",طُفُولَة,noun,1,D=,Open,3,1,13,2,24,ط,9
376,"2,881",فَتَّش,verb,1,D=,Open,3,1,13,2,24,ط,9
376,"2,881",فَصَل,verb,1,D=,Open,3,1,13,2,24,ط,9
376,"2,881",حَان,verb,4,D=,Open,1,1,13,2,46,ن,14
376,"2,881",مَنْطِق,noun,4,D=,Open,2,1,13,2,47,ن,14
375,"2,889",سِيَاسِيّ,noun,4,D=,Open,3,1,13,2,48,س,15
375,"2,889",فَضَّل,verb,1,D=,Open,3,1,13,2,24,ط,9
375,"2,889",كَسَب,verb,1,D=,Open,3,1,13,2,24,ط,9
375,"2,889",أَوَّلِيّ,adj,2,D=,Open,2,1,13,2,31,ك,11
375,"2,889",أَرْضِيّ,adj,3,D=,Open,2,1,13,2,39,م,13
375,"2,889",سِنّ,noun,4,D=,Open,1,1,13,2,46,ن,14
374,"2,895",أَكْل,noun,1,D=,Open,1,1,13,2,22,ح,8
374,"2,895",سُمِّيّ,adj,3,MSA,Open,2,4,13,2,48,س,15
374,"2,895",بَرَز,verb,3,MSA,Open,3,4,13,2,49,س,15
374,"2,895",أَصِيل,adj,3,D=,Open,2,1,13,2,39,م,13
374,"2,895",عَزِيمَة,noun,3,D=,Open,3,1,13,2,40,م,13
374,"2,895",عَقَار,noun,4,D=,Open,2,1,13,2,47,ن,14
373,"2,901",غَائِب,adj,2,D~,Open,2,2,13,2,33,ل,12
373,"2,901",بَنْد,noun,4,D=,Open,1,1,13,2,46,ن,14
373,"2,901",مُحِيط,adj,4,D=,Open,2,1,13,2,47,ن,14
372,"2,904",ٱِشْتِبَاك,noun,4,D=,Open,3,1,13,2,48,س,15
372,"2,904",ٱِنْتِبَاه,noun,1,D=,Open,3,1,13,2,24,ط,9
372,"2,904",قَلِق,adj,1,D~XP,Open,2,3,13,2,25,ط,9
372,"2,904",ضَمّ,noun,2,D=,Open,1,1,13,2,30,ك,11
372,"2,904",غُرُوب,noun,2,D=,Open,2,1,13,2,31,ك,11
372,"2,904",حَرِص,verb,3,D=,Open,3,1,13,2,40,م,13
372,"2,904",خَلَع,verb,1,MSA,Open,3,4,13,2,27,ي,10
371,"2,911",تَجَنُّب,noun,3,MSA,Open,3,4,13,2,49,س,15
371,"2,911",عَمُود,noun,1,D=,Open,2,1,13,2,23,ط,9
371,"2,911",كَذَب,verb,1,D~,Open,3,2,13,2,25,ط,9
371,"2,911",مَذْكُور,adj,2,D~,Open,2,2,13,2,33,ل,12
371,"2,911",لَافِت,adj,4,D=,Open,2,1,13,2,47,ن,14
370,"2,916",ٱِسْتَطْلَع,verb,4,D=,Open,3,1,13,2,48,س,15
370,"2,916",قِدِّيس,noun,5,D=,Open,2,1,13,2,55,ع,16
370,"2,916",ٱِخْتَطَف,verb,2,D=,Open,3,1,13,2,32,ك,11
370,"2,916",صِنْف,noun,3,D=,Open,1,1,13,2,38,م,13
370,"2,916",شِعْرِيّ,adj,3,D=,Open,2,1,13,2,39,م,13
370,"2,916",تَأْهِيل,noun,4,D=,Open,2,1,13,2,47,ن,14
369,"2,922",ٱِسْتِعْمَال,noun,1,D=,Open,3,1,13,2,24,ط,9
369,"2,922",تَعَرُّف,noun,2,D=,Open,3,1,13,2,32,ك,11
369,"2,922",حَرَم,verb,2,D=,Open,3,1,13,2,32,ك,11
369,"2,922",ٱِنْخَفَض,verb,2,MSA,Open,3,4,13,2,38,م,13
369,"2,922",مَنْدُوب,noun,4,D=,Open,2,1,13,2,47,ن,14
369,"2,922",ذَاهِب,adj,1,MSA,Open,2,4,13,2,26,ي,10
368,"2,928",مُنْتَدَى,noun,5,D=,Open,3,1,13,2,56,ع,16
368,"2,928",وَعْي,noun,3,D=,Open,1,1,13,2,38,م,13
368,"2,928",تَصْمِيم,noun,3,D=,Open,2,1,13,2,39,م,13
367,"2,931",ٱِسْمِيّ,adj,3,MSA,Open,2,4,13,2,48,س,15
367,"2,931",مُقَرَّب,adj,3,MSA,Open,3,4,13,2,49,س,15
367,"2,931",صَبّ,verb,1,D=,Open,2,1,13,2,23,ط,9
367,"2,931",ضَحْكَة,noun,1,D=,Open,2,1,13,2,23,ط,9
367,"2,931",مَقْهَى,noun,2,D=,Open,2,1,13,2,31,ك,11
367,"2,931",إِصْرَار,noun,3,D=,Open,2,1,13,2,39,م,13
367,"2,931",مُتَوَاصِل,adj,3,D=,Open,4,1,13,2,41,م,13
367,"2,931",خَلْوَة,noun,4,D=,Open,2,1,13,2,47,ن,14
367,"2,931",عَنَاء,noun,4,D=,Open,2,1,13,2,47,ن,14
367,"2,931",أَبْعَد,adj_comp,1,MSA,Open,2,4,13,2,26,ي,10
366,"2,941",كَنْز,noun,1,D=,Open,1,1,13,2,22,ح,8
366,"2,941",عَمّ,noun,1,D=,Open,2,1,13,2,23,ط,9
366,"2,941",مَشْهُور,adj,1,D=,Open,2,1,13,2,23,ط,9
366,"2,941",سَدّ,noun,3,D=,Open,1,1,13,2,38,م,13
366,"2,941",إِنْكَار,noun,3,D=,Open,2,1,13,2,39,م,13
366,"2,941",جَدِير,adj,3,D=,Open,2,1,13,2,39,م,13
366,"2,941",رُبَّان,noun,3,D=,Open,2,1,13,2,39,م,13
366,"2,941",بُلُوغ,noun,4,D=,Open,2,1,13,2,47,ن,14
365,"2,949",خُبْز,noun,1,D=,Open,1,1,13,2,22,ح,8
365,"2,949",قَبْو,noun,4,D~,Open,1,2,13,2,50,س,15
365,"2,949",هَجَم,verb,5,MSA,Open,3,4,13,2,71,ص,18
365,"2,949",رَقِيق,noun,4,MSA,Open,2,4,13,2,59,ع,16
365,"2,949",لَحْن,noun,2,D=,Open,1,1,13,2,30,ك,11
365,"2,949",مِرْفَق,noun,3,D=,Open,3,1,13,2,40,م,13
365,"2,949",شَهْوَة,noun,4,D=,Open,2,1,13,2,47,ن,14
364,"2,956",كَثِيف,adj,4,D~,Open,2,2,13,2,51,س,15
364,"2,956",أَوْمَأ,verb,4,MSA,Open,2,4,13,2,59,ع,16
364,"2,956",أَصْلِيّ,adj,2,D=,Open,2,1,13,2,31,ك,11
364,"2,956",بَسَاطَة,noun,2,D=,Open,3,1,13,2,32,ك,11
364,"2,956",مُخْطِئ,adj,2,MSA,Open,2,4,13,2,37,م,13
364,"2,956",طَابِع,noun,3,D=,Open,2,1,13,2,39,م,13
363,"2,962",هَزّ,noun,1,D=,Open,1,1,13,2,22,ح,8
363,"2,962",قُرْصَان,noun,2,D=,Open,2,1,13,2,31,ك,11
363,"2,962",ٱِسْتِكْمَال,noun,3,D=,Open,3,1,13,2,40,م,13
363,"2,962",ثَبَات,noun,3,D~,Open,2,2,13,2,42,ن,14
362,"2,966",حَافِلَة,noun,1,MSA,Open,3,4,13,2,27,ي,10
361,"2,967",شُرْب,noun,1,D=,Open,1,1,13,2,22,ح,8
361,"2,967",مير,noun_prop,5,MSA,Open,2,4,13,2,70,ص,18
361,"2,967",بَوَّاب,noun,1,D=,Open,2,1,13,2,23,ط,9
361,"2,967",فِرْقَة,noun,1,D~,Open,1,2,13,2,23,ط,9
361,"2,967",مَتْجَر,noun,1,D=,Open,2,1,13,2,23,ط,9
361,"2,967",أَيْقَظ,verb,2,MSA,Open,2,4,13,2,37,م,13
361,"2,967",خَيْرِيّ,adj,3,D=,Open,2,1,13,2,39,م,13
361,"2,967",يَئِس,verb,3,D=,Open,3,1,13,2,40,م,13
360,"2,975",مَوْج,noun,1,D=,Open,1,1,13,2,22,ح,8
360,"2,975",ٱِنْقَضَى,verb,4,D=,Open,3,1,13,2,48,س,15
360,"2,975",بَتّ,noun,5,D=,Open,1,1,13,2,54,س,15
360,"2,975",سَهَّل,verb,1,D=,Open,3,1,13,2,24,ط,9
360,"2,975",أَعْظَم,adj_comp,2,D=,Open,2,1,13,2,31,ك,11
360,"2,975",دِرْع,noun,3,D=,Open,1,1,13,2,38,م,13
360,"2,975",شَهْرِيّ,adj,3,D=,Open,2,1,13,2,39,م,13
360,"2,975",أَسْر,noun,4,D=,Open,1,1,13,2,46,ن,14
360,"2,975",تَأَكَّد,verb,1,D~,Open,4,2,13,2,26,ي,10
359,"2,984",بَغَى,verb,3,MSA,Open,2,4,13,2,48,س,15
359,"2,984",نِقَابَة,noun,4,D=,Open,3,1,13,2,48,س,15
359,"2,984",عَقِب,noun,4,MSA,Closed,1,4,13,1,54,س,15
359,"2,984",لَبْس,noun,5,D=,Open,1,1,13,2,54,س,15
359,"2,984",تَعَرَّف,verb,1,D~,Open,2,2,13,2,24,ط,9
359,"2,984",حَلَم,verb,1,D=,Open,3,1,13,2,24,ط,9
359,"2,984",تَسَاؤُل,noun,2,D=,Open,3,1,13,2,32,ك,11
359,"2,984",هَيَّأ,verb,3,D=,Open,2,1,13,2,39,م,13
359,"2,984",تَعَرُّض,noun,3,D=,Open,3,1,13,2,40,م,13
358,"2,993",غَضّ,noun,5,D=,Open,1,1,13,2,54,س,15
358,"2,993",نَاوَل,verb,1,D=,Open,3,1,13,2,24,ط,9
357,"2,995",مُسَاوَاة,noun,4,D=,Open,3,1,13,2,48,س,15
357,"2,995",مُنْشَأَة,noun,4,D=,Open,3,1,13,2,48,س,15
357,"2,995",وَخَى,verb,5,MSA,Open,2,4,13,2,70,ص,18
357,"2,995",خَالَة,noun,1,D=,Open,2,1,13,2,23,ط,9
357,"2,995",آمَن,verb,2,D=,Open,2,1,13,2,31,ك,11
356,"3,000",ٱِمْتَنَع,verb,4,D=,Open,3,1,13,2,48,س,15
356,"3,000",تَوْقِيف,noun,4,D~,Open,2,2,13,2,51,س,15
356,"3,000",أَطَال,verb,2,D~XP,Open,2,3,13,2,35,ل,12
356,"3,000",تَصَدِّي,noun,3,D=,Open,3,1,13,2,40,م,13
355,"3,004",تَهَيَّأ,verb,3,MSA,Open,3,4,13,2,49,س,15
355,"3,004",إِثَارَة,noun,3,D~,Open,3,2,13,2,43,ن,14
354,"3,006",فَلْسَفَة,noun,4,D=,Open,3,1,13,2,48,س,15
354,"3,006",مُظَاهَرَة,noun,4,D~,Open,4,2,13,2,53,س,15
354,"3,006",رَهِيب,adj,1,D=,Open,2,1,13,2,23,ط,9
354,"3,006",مَاضِي,adj,1,D=,Open,2,1,13,2,23,ط,9
354,"3,006",أَلْغَى,verb,1,D~XP,Open,2,3,13,2,25,ط,9
354,"3,006",نِسْبِيّ,adj,5,D=,Open,2,1,13,2,55,ع,16
354,"3,006",أَيْض,noun,4,MSA,Open,1,4,13,2,58,ع,16
354,"3,006",شَقّ,noun,2,D~,Open,1,2,13,2,32,ك,11
354,"3,006",مُعَانَاة,noun,2,D=,Open,3,1,13,2,32,ك,11
354,"3,006",ذُعْر,noun,3,D~,Open,1,2,13,2,41,م,13
353,"3,016",ٱِنْقِطَاع,noun,4,D=,Open,3,1,13,2,48,س,15
353,"3,016",أَزْعَج,verb,1,D=,Open,2,1,13,2,23,ط,9
353,"3,016",ذِئْب,noun,1,D~,Open,1,2,13,2,23,ط,9
353,"3,016",طَبَق,noun,1,D~,Open,2,2,13,2,24,ط,9
353,"3,016",لَحَظ,verb,4,D~XP,Open,3,3,13,2,56,ع,16
353,"3,016",مُتَطَرِّف,adj,5,D=,Open,4,1,13,2,57,ع,16
353,"3,016",دَرْب,noun,2,D=,Open,1,1,13,2,30,ك,11
353,"3,016",غَارِق,adj,2,D~,Open,2,2,13,2,33,ل,12
353,"3,016",لُجُوء,noun,4,D=,Open,2,1,13,2,47,ن,14
352,"3,025",طَمِع,verb,4,D=,Open,3,1,13,2,48,س,15
352,"3,025",كَفّ,verb,3,MSA,Open,2,4,13,2,48,س,15
352,"3,025",عُطْلَة,noun,1,D=,Open,2,1,13,2,23,ط,9
352,"3,025",سَعَة,noun,4,MSA,Open,2,4,13,2,59,ع,16
352,"3,025",إِيقَاف,noun,3,D~XP,Open,2,3,13,2,45,ن,14
352,"3,025",دَهِش,verb,3,D~XP,Open,3,3,13,2,46,ن,14
352,"3,025",مَطْمَع,noun,4,D=,Open,2,1,13,2,47,ن,14
352,"3,025",نَسِيج,noun,4,D=,Open,2,1,13,2,47,ن,14
352,"3,025",هُنَالِكَ,adv,3,MSA,Closed,4,4,13,1,47,ن,14
351,"3,034",خَفّ,verb,1,D=,Open,2,1,13,2,23,ط,9
351,"3,034",غَدَاء,noun,1,D~,Open,2,2,13,2,24,ط,9
351,"3,034",نَصَح,verb,2,D=,Open,2,1,13,2,31,ك,11
351,"3,034",نَغْمَة,noun,2,D=,Open,2,1,13,2,31,ك,11
351,"3,034",حَافِظ,noun_prop,2,D~,Open,3,2,13,2,34,ل,12
351,"3,034",مَشَقَّة,noun,3,D=,Open,2,1,13,2,39,م,13
351,"3,034",ٱِسْتَنَد,verb,3,D=,Open,3,1,13,2,40,م,13
350,"3,041",لَبَن,noun,1,D=,Open,1,1,13,2,22,ح,8
350,"3,041",ٱِغْتَنَم,verb,4,D=,Open,3,1,13,2,48,س,15
350,"3,041",أَزْرَق,adj,1,D~,Open,2,2,13,2,24,ط,9
350,"3,041",مَلَأ,noun,4,D~XP,Open,2,3,13,2,55,ع,16
349,"3,045",أَكْمَل,verb,2,D~XP,Open,2,3,13,2,35,ل,12
349,"3,045",ٱِرْتَجَف,verb,2,D~XP,Open,3,3,13,2,36,ل,12
349,"3,045",هَيْبَة,noun,4,D=,Open,2,1,13,2,47,ن,14
348,"3,048",رِيش,noun,1,D=,Open,1,1,13,2,22,ح,8
348,"3,048",رَجَّح,verb,4,D=,Open,3,1,13,2,48,س,15
348,"3,048",قَذِيفَة,noun,4,D~,Open,3,2,13,2,52,س,15
348,"3,048",أَيْنَ,adv_rel,1,MSA,Closed,2,4,13,1,25,ط,9
348,"3,048",كَسْب,noun,3,D=,Open,1,1,13,2,38,م,13
347,"3,053",كَفَاءَة,noun,4,D=,Open,3,1,13,2,48,س,15
347,"3,053",دَفَن,verb,1,D=,Open,2,1,13,2,23,ط,9
347,"3,053",عَبْوَة,noun,5,D=,Open,2,1,13,2,55,ع,16
347,"3,053",غَدْر,noun,3,D=,Open,1,1,13,2,38,م,13
347,"3,053",تَبَنِّي,noun,3,D=,Open,3,1,13,2,40,م,13
347,"3,053",حَثّ,verb,3,D~,Open,2,2,13,2,42,ن,14
347,"3,053",نُزُول,noun,1,MSA,Open,2,4,13,2,26,ي,10
346,"3,060",رُقاد,noun,3,MSA,Open,2,4,13,2,48,س,15
346,"3,060",أَلَحّ,verb,3,D=,Open,2,1,13,2,39,م,13
346,"3,060",النادرة,noun_prop,3,D=,Open,2,1,13,2,39,م,13
346,"3,060",حَرَص,verb,3,D=,Open,3,1,13,2,40,م,13
346,"3,060",ثَأْر,noun,3,D~,Open,1,2,13,2,41,م,13
346,"3,060",بَلَاء,noun,4,D=,Open,2,1,13,2,47,ن,14
345,"3,066",تَاج,noun,1,D=,Open,1,1,13,2,22,ح,8
345,"3,066",مَكِيدَة,noun,4,D=,Open,3,1,13,2,48,س,15
345,"3,066",سَكّ,verb,5,MSA,Open,2,4,13,2,70,ص,18
345,"3,066",نَزَع,verb,2,D=,Open,3,1,13,2,32,ك,11
345,"3,066",ٱِنْحَدَر,verb,3,D=,Open,3,1,13,2,40,م,13
344,"3,071",بَالِغ,adj,4,D=,Open,3,1,13,2,48,س,15
344,"3,071",وَعَى,verb,4,D~,Open,2,2,13,2,51,س,15
344,"3,071",وَزَّع,verb,1,D=,Open,3,1,13,2,24,ط,9
344,"3,071",عَاهِل,noun,5,D=,Open,2,1,13,2,55,ع,16
344,"3,071",مُسْتَوْطَنَة,noun,5,D=,Open,4,1,13,2,57,ع,16
344,"3,071",زَبُون,noun,2,D=,Open,2,1,13,2,31,ك,11
344,"3,071",حَكِيم,noun,3,D=,Open,2,1,13,2,39,م,13
344,"3,071",صَدْمَة,noun,3,D=,Open,2,1,13,2,39,م,13
344,"3,071",قُطْب,noun,4,D=,Open,1,1,13,2,46,ن,14
344,"3,071",إِسْكَان,noun,4,D=,Open,2,1,13,2,47,ن,14
343,"3,081",بِطَالَة,noun,4,D=,Open,3,1,13,2,48,س,15
343,"3,081",ذَرِّيّ,adj,4,MSA,Open,2,4,13,2,59,ع,16
343,"3,081",وَقِيعَة,noun,4,MSA,Open,3,4,13,2,60,ع,16
342,"3,084",مَتْن,noun,4,MSA,Open,1,4,13,2,58,ع,16
342,"3,084",ٱِجْتَاز,verb,2,D=,Open,3,1,13,2,32,ك,11
342,"3,084",ظُهْر,noun,3,D~,Open,2,2,13,2,42,ن,14
342,"3,084",نُصْرَة,noun,4,D=,Open,2,1,13,2,47,ن,14
341,"3,088",وَزْن,noun,1,D=,Open,1,1,13,2,22,ح,8
341,"3,088",ٱِمْتَثَل,verb,4,D~,Open,3,2,13,2,52,س,15
341,"3,088",بَعُد,verb,4,D~XP,Open,3,3,13,2,56,ع,16
341,"3,088",غُضُون,noun,3,D~,Open,2,2,13,2,42,ن,14
341,"3,088",جَدْوَى,noun,4,D=,Open,2,1,13,2,47,ن,14
340,"3,093",مُفَكِّر,noun,4,D=,Open,3,1,13,2,48,س,15
340,"3,093",سَام,noun_prop,2,D=,Open,1,1,13,2,30,ك,11
340,"3,093",مُتَنَكِّر,noun,2,D=,Open,4,1,13,2,33,ل,12
340,"3,093",ٱِسْتَغَلّ,verb,3,D=,Open,3,1,13,2,40,م,13
339,"3,097",مُتَنَبِّيّ,noun_prop,5,MSA,Open,4,4,13,2,72,ص,18
339,"3,097",أَحْسَن,verb,1,D=,Open,2,1,13,2,23,ط,9
339,"3,097",ٱِسْتَعْمَل,verb,1,D=,Open,3,1,13,2,24,ط,9
339,"3,097",غَاضِب,adj,1,D~XP,Open,2,3,13,2,25,ط,9
339,"3,097",وَقْع,noun,4,MSA,Open,1,4,13,2,58,ع,16
339,"3,097",أَحْيَى,verb,2,D=,Open,2,1,13,2,31,ك,11
339,"3,097",أَحْدَث,adj_comp,2,D~,Open,2,2,13,2,33,ل,12
339,"3,097",قَدْر,noun,3,D=,Open,1,1,13,2,38,م,13
339,"3,097",طَمْأَن,verb,3,D~XP,Open,3,3,13,2,46,ن,14
338,"3,106",مُكَلَّف,adj,4,D=,Open,3,1,13,2,48,س,15
338,"3,106",قَذَف,verb,4,D~,Open,3,2,13,2,52,س,15
338,"3,106",صَاحِي,adj,1,D=,Open,2,1,13,2,23,ط,9
338,"3,106",عُلْبَة,noun,1,D=,Open,2,1,13,2,23,ط,9
338,"3,106",كَعْبَة,noun,1,D=,Open,2,1,13,2,23,ط,9
338,"3,106",قَمِيص,noun,1,D~,Open,2,2,13,2,24,ط,9
338,"3,106",مُتَاح,adj,2,D=,Open,2,1,13,2,31,ك,11
338,"3,106",مُقِيم,adj,2,D=,Open,2,1,13,2,31,ك,11
338,"3,106",رَاقِص,noun,2,D~XP,Open,2,3,13,2,35,ل,12
338,"3,106",هُبُوط,noun,3,D=,Open,2,1,13,2,39,م,13
338,"3,106",هناء,noun_prop,3,D=,Open,2,1,13,2,39,م,13
338,"3,106",ٱِنْثَنَى,verb,3,D~,Open,3,2,13,2,43,ن,14
337,"3,118",صِيَانَة,noun,4,D=,Open,3,1,13,2,48,س,15
337,"3,118",بَذْل,noun,4,D~,Open,1,2,13,2,50,س,15
337,"3,118",رَمْي,noun,2,D=,Open,1,1,13,2,30,ك,11
337,"3,118",دَافَع,verb,2,D=,Open,2,1,13,2,31,ك,11
337,"3,118",هَمَس,verb,2,D=,Open,3,1,13,2,32,ك,11
337,"3,118",ثُغْرَة,noun,3,D~,Open,2,2,13,2,42,ن,14
336,"3,124",حَامِل,noun,2,D=,Open,2,1,13,2,31,ك,11
336,"3,124",هَتَف,verb,3,D=,Open,3,1,13,2,40,م,13
336,"3,124",مَعْقُول,adj,3,D~,Open,2,2,13,2,42,ن,14
336,"3,124",شَفَق,noun,3,D~XP,Open,2,3,13,2,45,ن,14
335,"3,128",وَارِد,noun,4,D=,Open,2,1,14,2,48,س,15
335,"3,128",حَرَام,noun,1,D=,Open,2,1,14,2,24,ط,9
335,"3,128",عَوَّل,verb,5,D=,Open,3,1,14,2,57,ع,16
335,"3,128",مُتَصَدِّر,adj,5,D=,Open,4,1,14,2,58,ع,16
335,"3,128",تَخَلَّص,verb,2,D~,Open,2,2,14,2,34,ل,12
335,"3,128",غِذَاء,noun,2,D~,Open,3,2,14,2,35,ل,12
335,"3,128",أَشْعَل,verb,2,D~XP,Open,2,3,14,2,36,ل,12
335,"3,128",أَفْرَج,verb,3,D=,Open,2,1,14,2,40,م,13
335,"3,128",تَأَمُّل,noun,3,D=,Open,3,1,14,2,41,م,13
334,"3,137",تَخْصِيص,noun,4,D=,Open,2,1,14,2,48,س,15
334,"3,137",فَنَاء,noun,4,D=,Open,2,1,14,2,48,س,15
334,"3,137",مُسْبَق,adj,4,D=,Open,2,1,14,2,48,س,15
334,"3,137",ٱِنْتَفَض,verb,4,D=,Open,3,1,14,2,49,س,15
334,"3,137",خَشْيَة,noun,3,MSA,Open,2,4,14,2,49,س,15
334,"3,137",نَزْل,noun,5,MSA,Open,1,4,14,2,70,ص,18
334,"3,137",عِبْرَة,noun,5,MSA,Open,2,4,14,2,71,ص,18
334,"3,137",شُرْطِيّ,noun,1,D=,Open,2,1,14,2,24,ط,9
334,"3,137",مُمَيَّز,adj,2,D=,Open,3,1,14,2,33,ل,12
334,"3,137",إِبْدَاع,noun,3,D=,Open,2,1,14,2,40,م,13
334,"3,137",خَوْض,noun,4,D=,Open,1,1,14,2,47,ن,14
333,"3,148",مُحْتَرِف,noun,4,D=,Open,3,1,14,2,49,س,15
333,"3,148",ثَانَوِيّ,adj,4,D~,Open,3,2,14,2,53,س,15
333,"3,148",زِينَة,noun,1,D=,Open,2,1,14,2,24,ط,9
333,"3,148",إِيَاب,noun,4,MSA,Open,2,4,14,2,60,ع,16
333,"3,148",ٱِنْفِرَاد,noun,3,D=,Open,3,1,14,2,41,م,13
333,"3,148",بَلَدِيّ,adj,3,D=,Open,3,1,14,2,41,م,13
333,"3,148",حَيَوِيّ,adj,3,D=,Open,3,1,14,2,41,م,13
332,"3,155",تَصْفِيَة,noun,4,D=,Open,3,1,14,2,49,س,15
332,"3,155",مَلّ,verb,1,D=,Open,2,1,14,2,24,ط,9
332,"3,155",إِيرَاد,noun,5,D=,Open,2,1,14,2,56,ع,16
332,"3,155",خَرْج,noun,5,D~XP,Open,1,3,14,2,65,ف,17
332,"3,155",مَجْهُول,adj,2,D=,Open,2,1,14,2,32,ك,11
332,"3,155",فَرِيد,adj,3,D=,Open,2,1,14,2,40,م,13
332,"3,155",ٱِنْعَكَس,verb,3,D=,Open,3,1,14,2,41,م,13
332,"3,155",لَحِق,verb,1,D~,Open,3,2,14,2,26,ي,10
331,"3,163",طَاوِلَة,noun,1,D=,Open,3,1,14,2,25,ط,9
331,"3,163",مُسَدَّس,noun,1,D=,Open,3,1,14,2,25,ط,9
331,"3,163",مُلْتَقَى,noun,4,MSA,Open,3,4,14,2,61,ع,16
331,"3,163",قُرْص,noun,2,D~,Open,1,2,14,2,33,ل,12
330,"3,167",رَصَد,noun,5,MSA,Open,1,4,14,2,70,ص,18
330,"3,167",أَرْشَد,verb,2,D=,Open,2,1,14,2,32,ك,11
330,"3,167",مَنْهَج,noun,2,D=,Open,2,1,14,2,32,ك,11
330,"3,167",أَبْصَر,verb,2,MSA,Open,2,4,14,2,38,م,13
330,"3,167",أَغْرَى,verb,3,D=,Open,2,1,14,2,40,م,13
330,"3,167",غَنَّى,verb,3,D=,Open,2,1,14,2,40,م,13
330,"3,167",تَمْيِيز,noun,3,D=,Open,2,1,14,2,40,م,13
330,"3,167",هَدْي,noun,4,D=,Open,1,1,14,2,47,ن,14
330,"3,167",مُتَأَخِّر,adj,1,D=,Open,4,1,14,2,26,ي,10
329,"3,176",مُتَبَادَل,adj,4,D=,Open,4,1,14,2,50,س,15
329,"3,176",نَقْض,noun,4,D~,Open,1,2,14,2,51,س,15
329,"3,176",سَبْعُون,noun_num,1,D=,Closed,3,1,14,1,24,ط,9
329,"3,176",مُسْتَوْطِن,noun,5,D=,Open,3,1,14,2,57,ع,16
329,"3,176",إنجل,noun_prop,5,CA,Open,2,5,14,2,76,ق,19
328,"3,181",ٱِشْتَبَه,verb,4,D=,Open,3,1,14,2,49,س,15
328,"3,181",خَطِيبَة,noun,1,D=,Open,3,1,14,2,25,ط,9
328,"3,181",عَبِث,verb,5,D~,Open,3,2,14,2,62,ع,16
328,"3,181",حَرْبِيّ,adj,2,D=,Open,2,1,14,2,32,ك,11
328,"3,181",صَدَى,noun,2,D=,Open,2,1,14,2,32,ك,11
328,"3,181",ٱِنْتَخَب,verb,2,D=,Open,3,1,14,2,33,ل,12
328,"3,181",هَنَّأ,verb,2,D~,Open,2,2,14,2,34,ل,12
328,"3,181",طَبَّق,verb,3,D~,Open,3,2,14,2,44,ن,14
328,"3,181",حَظْر,noun,4,D=,Open,1,1,14,2,47,ن,14
327,"3,190",قَاسِي,adj,4,D~,Open,2,2,14,2,52,س,15
327,"3,190",حَرَّك,verb,1,D=,Open,3,1,14,2,25,ط,9
327,"3,190",بَرِيق,noun,3,D=,Open,2,1,14,2,40,م,13
327,"3,190",عَطَاء,noun,3,D=,Open,2,1,14,2,40,م,13
327,"3,190",تَعَوَّد,verb,1,D~XP,Open,3,3,14,2,27,ي,10
326,"3,195",عَمِيد,noun,4,D=,Open,2,1,14,2,48,س,15
326,"3,195",نَامِي,adj,4,D=,Open,2,1,14,2,48,س,15
326,"3,195",نُخْبَة,noun,4,D=,Open,2,1,14,2,48,س,15
326,"3,195",ٱِخْتَلَج,verb,5,MSA,Open,3,4,14,2,72,ص,18
326,"3,195",صَوَّر,verb,1,D=,Open,3,1,14,2,25,ط,9
326,"3,195",أَلْحَق,verb,4,MSA,Open,2,4,14,2,60,ع,16
326,"3,195",أَزَال,verb,2,MSA,Open,3,4,14,2,39,م,13
326,"3,195",مُؤَثِّر,adj,3,D~,Open,3,2,14,2,44,ن,14
326,"3,195",قَاتِل,noun,1,D~,Open,3,2,14,2,26,ي,10
325,"3,204",شَنّ,noun,5,MSA,Open,1,4,14,2,70,ص,18
325,"3,204",تَأْلِيف,noun,2,D=,Open,2,1,14,2,32,ك,11
325,"3,204",رِدَاء,noun,2,MSA,Open,2,4,14,2,38,م,13
325,"3,204",وِزَارِيّ,adj,3,D=,Open,3,1,14,2,41,م,13
324,"3,208",إِجْمَاع,noun,4,D=,Open,2,1,14,2,48,س,15
324,"3,208",تَكْرِيم,noun,1,D=,Open,2,1,14,2,24,ط,9
324,"3,208",إِنْذَار,noun,1,D~,Open,2,2,14,2,25,ط,9
324,"3,208",طَرَب,noun,3,D=,Open,2,1,14,2,40,م,13
324,"3,208",مُثَقَّف,noun,3,D~,Open,3,2,14,2,44,ن,14
323,"3,213",سَكَن,noun,1,D=,Open,2,1,14,2,24,ط,9
323,"3,213",فَائِز,noun,1,D~,Open,2,2,14,2,25,ط,9
323,"3,213",دَمَّر,verb,2,D=,Open,3,1,14,2,33,ل,12
322,"3,216",رَاعِي,noun,4,D=,Open,2,1,14,2,48,س,15
322,"3,216",ٱِهْتَزّ,verb,1,D=,Open,3,1,14,2,25,ط,9
322,"3,216",أَثْنَى,verb,3,D~,Open,2,2,14,2,43,ن,14
322,"3,216",تَقَرَّر,verb,3,D~XP,Open,2,3,14,2,46,ن,14
322,"3,216",أَفَاق,verb,3,D~XP,Open,3,3,14,2,47,ن,14
321,"3,221",تَنَازُل,noun,4,D=,Open,3,1,14,2,49,س,15
321,"3,221",نَقَّاب,noun,5,MSA,Open,2,4,14,2,71,ص,18
321,"3,221",خَصِيّ,noun,5,D~XP,Open,2,3,14,2,66,ف,17
321,"3,221",تَوَاصُل,noun,2,D=,Open,3,1,14,2,33,ل,12
321,"3,221",أَوْصَل,verb,2,D~XP,Open,2,3,14,2,36,ل,12
321,"3,221",مُسْتَقْبَلِيّ,adj,3,D=,Open,4,1,14,2,42,ن,14
321,"3,221",خَامّ,adj,4,D=,Open,1,1,14,2,47,ن,14
320,"3,228",عَشِيرَة,noun,4,D=,Open,3,1,14,2,49,س,15
320,"3,228",خَيْط,noun,1,D=,Open,1,1,14,2,23,ط,9
320,"3,228",مُتَشَدِّد,adj,5,D=,Open,4,1,14,2,58,ع,16
320,"3,228",نَار,noun,2,D=,Open,2,1,14,2,32,ك,11
320,"3,228",أُسْبُوعِيّ,adj,2,D=,Open,3,1,14,2,33,ل,12
320,"3,228",كَوَّن,verb,3,D=,Open,3,1,14,2,41,م,13
320,"3,228",ظُلْمَة,noun,3,D~,Open,2,2,14,2,43,ن,14
319,"3,235",مَنْصُور,noun_prop,4,D=,Open,2,1,14,2,48,س,15
319,"3,235",هِمَّة,noun,4,D=,Open,2,1,14,2,48,س,15
319,"3,235",عَشِيَّة,noun,4,D=,Open,3,1,14,2,49,س,15
319,"3,235",عَمَارَة,noun_prop,1,D=,Open,3,1,14,2,25,ط,9
319,"3,235",تَشْرِيع,noun,5,D=,Open,2,1,14,2,56,ع,16
319,"3,235",تَمَسُّك,noun,3,D=,Open,3,1,14,2,41,م,13
319,"3,235",خَلْفِيَّة,noun,3,D=,Open,3,1,14,2,41,م,13
319,"3,235",مُخَالَفَة,noun,3,D=,Open,4,1,14,2,42,ن,14
318,"3,243",تَوْحِيد,noun,4,D=,Open,2,1,14,2,48,س,15
318,"3,243",جَنَى,verb,4,D=,Open,2,1,14,2,48,س,15
318,"3,243",عَامِل,noun,1,D=,Open,3,1,14,2,25,ط,9
318,"3,243",عُضْوِيَّة,noun,4,MSA,Open,3,4,14,2,61,ع,16
318,"3,243",حَاسَّة,noun,2,D=,Open,2,1,14,2,32,ك,11
318,"3,243",حَمَاسَة,noun,2,D=,Open,3,1,14,2,33,ل,12
318,"3,243",عُثُور,noun,2,D~,Open,2,2,14,2,34,ل,12
318,"3,243",أَحْرَق,verb,2,D~XP,Open,2,3,14,2,36,ل,12
318,"3,243",مُؤَقَّت,adj,3,D=,Open,3,1,14,2,41,م,13
317,"3,252",حَكَى,verb,1,D=,Open,2,1,14,2,24,ط,9
317,"3,252",إِجَازَة,noun,1,D=,Open,3,1,14,2,25,ط,9
317,"3,252",رِقَّة,noun,1,D~,Open,2,2,14,2,25,ط,9
317,"3,252",أَعْمَل,verb,4,MSA,Open,2,4,14,2,60,ع,16
317,"3,252",أَسْعَد,verb,2,D=,Open,2,1,14,2,32,ك,11
317,"3,252",أَنْذَر,verb,2,D~,Open,2,2,14,2,34,ل,12
316,"3,258",قُبَيْل,noun,5,MSA,Open,2,4,14,2,71,ص,18
316,"3,258",ضَيِّق,adj,1,D~,Open,2,2,14,2,25,ط,9
316,"3,258",مُوسِيقِيّ,adj,1,D=,Open,3,1,14,2,25,ط,9
316,"3,258",خَمَّارَة,noun,5,D=,Open,3,1,14,2,57,ع,16
316,"3,258",جِنْسِيَّة,noun,2,D=,Open,3,1,14,2,33,ل,12
316,"3,258",ٱِحْتِفَاظ,noun,2,D~,Open,3,2,14,2,35,ل,12
316,"3,258",بَيَّن,verb,3,D=,Open,3,1,14,2,41,م,13
316,"3,258",مُتَكَامِل,adj,3,D=,Open,4,1,14,2,42,ن,14
315,"3,266",تَمَشَّى,verb,4,D=,Open,2,1,14,2,48,س,15
315,"3,266",إِفْرَنْجِيّ,noun,4,D=,Open,3,1,14,2,49,س,15
315,"3,266",مُعْجَب,adj,1,D=,Open,2,1,14,2,24,ط,9
314,"3,269",لَا,interj,1,D=,Closed,1,1,14,1,22,ح,8
314,"3,269",تَمْهِيد,noun,4,D=,Open,2,1,14,2,48,س,15
314,"3,269",كُوخ,noun,1,D=,Open,1,1,14,2,23,ط,9
314,"3,269",آسِف,noun,1,D=,Open,2,1,14,2,24,ط,9
314,"3,269",مِيزَان,noun,1,D=,Open,2,1,14,2,24,ط,9
314,"3,269",ٱِسْتِغْرَاب,noun,1,D=,Open,3,1,14,2,25,ط,9
314,"3,269",مَعْمَل,noun,2,D=,Open,2,1,14,2,32,ك,11
314,"3,269",ٱِطْمِئْنَان,noun,2,D=,Open,3,1,14,2,33,ل,12
314,"3,269",مُحْتَرَم,noun,2,D=,Open,3,1,14,2,33,ل,12
314,"3,269",كَاذِب,adj,2,D~XP,Open,2,3,14,2,36,ل,12
314,"3,269",ٱِتَّضَح,verb,3,D=,Open,3,1,14,2,41,م,13
314,"3,269",مُنْتَشِر,adj,3,D=,Open,3,1,14,2,41,م,13
314,"3,269",عُرْف,noun,4,D=,Open,1,1,14,2,47,ن,14
313,"3,282",رَعِيَّة,noun,4,D=,Open,3,1,14,2,49,س,15
313,"3,282",خَفْق,noun,4,D~,Open,1,2,14,2,51,س,15
313,"3,282",حَنْو,noun,5,MSA,Open,1,4,14,2,70,ص,18
313,"3,282",إِفْشِين,noun,5,MSA,Open,2,4,14,2,71,ص,18
313,"3,282",تَحْضِير,noun,1,D=,Open,2,1,14,2,24,ط,9
313,"3,282",شَقَّة,noun,1,D~,Open,2,2,14,2,25,ط,9
313,"3,282",نَقَص,verb,1,D~,Open,2,2,14,2,25,ط,9
313,"3,282",هآن,noun_prop,5,D=,Open,2,1,14,2,56,ع,16
313,"3,282",صَافِي,adj,2,D=,Open,2,1,14,2,32,ك,11
313,"3,282",مُفَاجِئ,adj,2,D=,Open,3,1,14,2,33,ل,12
313,"3,282",ٱِحْتِقَار,noun,3,D=,Open,3,1,14,2,41,م,13
312,"3,293",طَارِئ,adj,4,D=,Open,3,1,14,2,49,س,15
312,"3,293",ذَاق,verb,1,D~,Open,2,2,14,2,25,ط,9
312,"3,293",جَرّ,verb,2,D=,Open,2,1,14,2,32,ك,11
312,"3,293",صُحْبَة,noun,2,D=,Open,2,1,14,2,32,ك,11
312,"3,293",إِرْشَاد,noun,3,D=,Open,2,1,14,2,40,م,13
312,"3,293",إِسَاءَة,noun,3,D=,Open,3,1,14,2,41,م,13
311,"3,299",مَيْدَانِيّ,adj,5,MSA,Open,3,4,14,2,72,ص,18
311,"3,299",زَيْت,noun,1,D=,Open,1,1,14,2,23,ط,9
311,"3,299",سَوَاد,noun,1,D=,Open,2,1,14,2,24,ط,9
311,"3,299",شَاحِنَة,noun,1,D=,Open,3,1,14,2,25,ط,9
311,"3,299",تَضَخُّم,noun,5,D=,Open,3,1,14,2,57,ع,16
311,"3,299",تَوَسُّع,noun,3,D=,Open,3,1,14,2,41,م,13
311,"3,299",مَعِيشَة,noun,3,D=,Open,3,1,14,2,41,م,13
311,"3,299",ٱِسْتِثْنَائِيّ,adj,3,D~,Open,4,2,14,2,45,ن,14
310,"3,307",تَكْرَار,noun,1,D=,Open,2,1,14,2,24,ط,9
310,"3,307",شَقّ,verb,1,D~,Open,2,2,14,2,25,ط,9
310,"3,307",عَبايَة,noun,1,D=,Open,3,1,14,2,25,ط,9
310,"3,307",تَعَيَّن,verb,4,D~XP,Open,3,3,14,2,57,ع,16
310,"3,307",دَاء,noun,2,D=,Open,1,1,14,2,31,ك,11
310,"3,307",تِكْنُولُوجِيّ,adj,2,D=,Open,4,1,14,2,34,ل,12
309,"3,313",جِنْسِيّ,adj,4,D=,Open,2,1,14,2,48,س,15
309,"3,313",مُشْرِف,adj,4,D=,Open,2,1,14,2,48,س,15
309,"3,313",تَكَرَّر,verb,1,D=,Open,2,1,14,2,24,ط,9
309,"3,313",مَحْبُوب,noun,1,D=,Open,2,1,14,2,24,ط,9
309,"3,313",أُمْنِيَّة,noun,1,D=,Open,3,1,14,2,25,ط,9
309,"3,313",إِحْصَاء,noun,4,MSA,Open,2,4,14,2,60,ع,16
309,"3,313",إِمْدَاد,noun,4,MSA,Open,2,4,14,2,60,ع,16
309,"3,313",بَرَاءَة,noun,3,D=,Open,3,1,14,2,41,م,13
309,"3,313",تَأَكُّد,noun,3,D=,Open,3,1,14,2,41,م,13
308,"3,322",حَرِيص,adj,4,D=,Open,2,1,14,2,48,س,15
308,"3,322",سَالِم,noun_prop,4,D=,Open,2,1,14,2,48,س,15
308,"3,322",غَنِيمَة,noun,4,D=,Open,3,1,14,2,49,س,15
308,"3,322",غِرَار,noun,5,MSA,Open,2,4,14,2,71,ص,18
308,"3,322",عَرْقَلَة,noun,4,MSA,Open,3,4,14,2,61,ع,16
308,"3,322",نَمَا,verb,2,MSA,Open,2,4,14,2,38,م,13
308,"3,322",رِزْق,noun,3,D~,Open,1,2,14,2,42,ن,14
307,"3,329",رَاهِبَة,noun,4,D=,Open,3,1,14,2,49,س,15
307,"3,329",ضَغَط,verb,1,D=,Open,3,1,14,2,25,ط,9
307,"3,329",ٱِخْتَرَق,verb,4,MSA,Open,3,4,14,2,61,ع,16
307,"3,329",مَكَث,verb,4,MSA,Open,3,4,14,2,61,ع,16
307,"3,329",شارِب,noun,2,D=,Open,2,1,14,2,32,ك,11
307,"3,329",خَتَم,verb,3,D=,Open,3,1,14,2,41,م,13
307,"3,329",خَارِج,noun,1,MSA,Open,2,4,14,2,27,ي,10
306,"3,336",شَائِع,adj,4,D=,Open,2,1,14,2,48,س,15
306,"3,336",عَازِم,adj,4,D=,Open,2,1,14,2,48,س,15
306,"3,336",مُخَطَّط,noun,4,D=,Open,3,1,14,2,49,س,15
306,"3,336",مَزِيَّة,noun,5,D=,Open,3,1,14,2,57,ع,16
306,"3,336",رُؤْيَة,noun,4,MSA,Open,2,4,14,2,60,ع,16
306,"3,336",أَحَال,verb,4,MSA,Open,3,4,14,2,61,ع,16
306,"3,336",تَهْرِيب,noun,3,D=,Open,2,1,14,2,40,م,13
306,"3,336",ٱِفْتَرَق,verb,3,D~,Open,3,2,14,2,44,ن,14
305,"3,344",مَدَار,noun,4,D=,Open,2,1,14,2,48,س,15
305,"3,344",تَمَّام,noun_prop,1,D=,Open,2,1,14,2,24,ط,9
305,"3,344",حُفْرَة,noun,1,D=,Open,2,1,14,2,24,ط,9
305,"3,344",حَرِيق,noun,1,D~,Open,2,2,14,2,25,ط,9
305,"3,344",مُسَلْسَل,noun,1,D=,Open,3,1,14,2,25,ط,9
305,"3,344",أب,abbrev,5,CA,Open,2,5,14,2,76,ق,19
305,"3,344",سَأَل,verb,2,D=,Open,2,1,14,2,32,ك,11
305,"3,344",مَهْر,noun,4,D=,Open,1,1,14,2,47,ن,14
304,"3,352",فَعَّال,adj,4,D=,Open,2,1,14,2,48,س,15
304,"3,352",مَعْنِيّ,noun,4,MSA,Open,2,4,14,2,60,ع,16
304,"3,352",مُبَارَك,noun_prop,2,D=,Open,3,1,14,2,33,ل,12
304,"3,352",أَرْضَى,verb,2,D~XP,Open,2,3,14,2,36,ل,12
304,"3,352",مَعْبَد,noun,3,D=,Open,2,1,14,2,40,م,13
304,"3,352",تَضْحِيَة,noun,3,D=,Open,3,1,14,2,41,م,13
303,"3,358",تَدْرِيس,noun,1,D=,Open,2,1,14,2,24,ط,9
303,"3,358",غُبَار,noun,2,D=,Open,2,1,14,2,32,ك,11
303,"3,358",هَيَّأ,verb,1,MSA,Open,2,4,14,2,27,ي,10
302,"3,361",أَيّ,pron_rel,1,D=,Closed,1,1,14,1,22,ح,8
302,"3,361",وَالِي,noun,4,D=,Open,2,1,14,2,48,س,15
302,"3,361",ٱِسْتِجْوَاب,noun,4,D=,Open,3,1,14,2,49,س,15
302,"3,361",نَكَل,verb,5,MSA,Open,2,4,14,2,71,ص,18
302,"3,361",أَوْسَع,adj_comp,1,D=,Open,2,1,14,2,24,ط,9
301,"3,366",لَهْفَة,noun,4,D=,Open,2,1,14,2,48,س,15
301,"3,366",طَوَى,verb,1,D=,Open,2,1,14,2,24,ط,9
301,"3,366",طَلّ,verb,5,D=,Open,2,1,14,2,56,ع,16
301,"3,366",بُنْدُقِيَّة,noun,1,MSA,Open,4,4,14,2,29,ك,11
301,"3,366",حِمْل,noun,2,D=,Open,1,1,14,2,31,ك,11
301,"3,366",ٱِنْتَصَر,verb,2,D=,Open,3,1,14,2,33,ل,12
301,"3,366",مَشْهَد,noun,2,D=,Open,3,1,14,2,33,ل,12
301,"3,366",صَادَف,verb,3,D=,Open,3,1,14,2,41,م,13
301,"3,366",سَلْب,noun,4,D=,Open,1,1,14,2,47,ن,14
300,"3,375",إِجْمَالِيّ,noun,4,D=,Open,3,1,15,2,50,س,15
300,"3,375",مون,noun_prop,4,D=,Open,3,1,15,2,50,س,15
300,"3,375",جَذَب,verb,4,D~,Open,3,2,15,2,54,س,15
300,"3,375",شِفْت,noun,5,MSA,Open,1,4,15,2,71,ص,18
300,"3,375",تَخْصِيب,noun,5,MSA,Open,2,4,15,2,72,ص,18
300,"3,375",شَاي,noun,1,D=,Open,1,1,15,2,24,ط,9
300,"3,375",بِسَاط,noun,1,D=,Open,2,1,15,2,25,ط,9
300,"3,375",زَيْتُون,noun,1,D=,Open,2,1,15,2,25,ط,9
300,"3,375",مَاعِز,noun,4,D~XP,Open,1,3,15,2,56,ع,16
300,"3,375",ٱِنْتَزَع,verb,4,MSA,Open,3,4,15,2,62,ع,16
300,"3,375",أَلِيم,adj,2,D=,Open,2,1,15,2,33,ل,12
300,"3,375",غَرِيب,noun,2,D=,Open,2,1,15,2,33,ل,12
300,"3,375",طَابِق,noun,2,D~,Open,2,2,15,2,35,ل,12
300,"3,375",كَرَّم,verb,3,D=,Open,3,1,15,2,42,ن,14
300,"3,375",تَحْذِير,noun,1,D~,Open,2,2,15,2,26,ي,10
300,"3,375",لَمَس,verb,1,D=,Open,3,1,15,2,26,ي,10
299,"3,391",سَائِد,adj,4,MSA,Open,2,4,15,2,61,ع,16
299,"3,391",ٱِدِّعَاء,noun,4,MSA,Open,3,4,15,2,62,ع,16
299,"3,391",مَكْسَب,noun,2,D=,Open,2,1,15,2,33,ل,12
299,"3,391",قَسْوَة,noun,2,D~,Open,2,2,15,2,35,ل,12
299,"3,391",حَائِر,adj,3,D~,Open,2,2,15,2,44,ن,14
299,"3,391",مُنَفِّذ,noun,3,D~,Open,2,2,15,2,44,ن,14
299,"3,391",حَبَس,verb,1,D=,Open,3,1,15,2,26,ي,10
299,"3,391",ذَكِيّ,adj,1,D~,Open,2,2,15,2,26,ي,10
299,"3,391",أَضَاء,verb,1,D~XP,Open,3,3,15,2,28,ي,10
298,"3,400",مَطْرُوح,adj,4,D=,Open,2,1,15,2,49,س,15
298,"3,400",أَغْلَب,noun_quant,1,D=,Closed,2,1,15,1,24,ط,9
298,"3,400",تَأْخِير,noun,1,D=,Open,2,1,15,2,25,ط,9
298,"3,400",فَلَاح,noun,1,D=,Open,2,1,15,2,25,ط,9
298,"3,400",تَقْلِيص,noun,4,MSA,Open,2,4,15,2,61,ع,16
298,"3,400",صُلْح,noun,3,D=,Open,1,1,15,2,40,م,13
298,"3,400",خَالِص,adj,3,D=,Open,2,1,15,2,41,م,13
298,"3,400",خَان,noun_prop,3,D=,Open,2,1,15,2,41,م,13
298,"3,400",عَارِي,adj,3,D=,Open,2,1,15,2,41,م,13
298,"3,400",ثَمَر,noun,1,D~,Open,2,2,15,2,26,ي,10
297,"3,410",وُدّ,noun,4,D=,Open,2,1,15,2,49,س,15
297,"3,410",حَوْض,noun,1,D=,Open,1,1,15,2,24,ط,9
297,"3,410",مُخَالِف,adj,2,D=,Open,3,1,15,2,34,ل,12
297,"3,410",ٱِرْتِبَاك,noun,3,D=,Open,3,1,15,2,42,ن,14
297,"3,410",صَفَّق,verb,1,D~,Open,3,2,15,2,27,ي,10
296,"3,415",تَخَلَّل,verb,4,D=,Open,2,1,15,2,49,س,15
296,"3,415",تَمْدِيد,noun,4,D=,Open,2,1,15,2,49,س,15
296,"3,415",نِقْمَة,noun,4,D=,Open,2,1,15,2,49,س,15
296,"3,415",مَعْقِل,noun,5,MSA,Open,2,4,15,2,72,ص,18
296,"3,415",خَلَاص,noun,1,D=,Open,2,1,15,2,25,ط,9
296,"3,415",دُكَّان,noun,1,D=,Open,2,1,15,2,25,ط,9
296,"3,415",كافور,noun_prop,5,D=,Open,2,1,15,2,57,ع,16
296,"3,415",مُوَالِي,adj,5,D=,Open,3,1,15,2,58,ع,16
296,"3,415",تَبِعَة,noun,4,MSA,Open,3,4,15,2,62,ع,16
296,"3,415",رَام,noun_prop,5,CA,Open,2,5,15,2,77,ق,19
296,"3,415",رَاجِع,adj,2,D=,Open,3,1,15,2,34,ل,12
296,"3,415",أُمِّيَّة,noun,3,D=,Open,3,1,15,2,42,ن,14
296,"3,415",خَبِيث,adj,3,D~,Open,2,2,15,2,44,ن,14
296,"3,415",أَجْنَبِيّ,noun,1,D=,Open,3,1,15,2,26,ي,10
295,"3,429",خَلِيل,noun,4,MSA,Open,2,4,15,2,61,ع,16
295,"3,429",نَفْع,noun,2,D=,Open,1,1,15,2,32,ك,11
295,"3,429",آمِن,adj,2,D=,Open,2,1,15,2,33,ل,12
295,"3,429",عَاجِز,adj,2,D=,Open,2,1,15,2,33,ل,12
295,"3,429",نَدَم,noun,2,D=,Open,2,1,15,2,33,ل,12
295,"3,429",صَعُب,verb,3,D=,Open,3,1,15,2,42,ن,14
295,"3,429",مُتَّصِل,adj,3,D=,Open,3,1,15,2,42,ن,14
295,"3,429",مُرَبَّع,adj,1,D=,Open,3,1,15,2,26,ي,10
294,"3,437",مُخْتَصّ,adj,4,D=,Open,2,1,15,2,49,س,15
294,"3,437",مُبَرِّر,noun,4,D=,Open,3,1,15,2,50,س,15
294,"3,437",سَطْر,noun,1,D=,Open,1,1,15,2,24,ط,9
294,"3,437",مَائِيّ,adj,1,D=,Open,2,1,15,2,25,ط,9
294,"3,437",رِوَاق,noun,4,MSA,Open,2,4,15,2,61,ع,16
294,"3,437",تَلْبِيَة,noun,4,MSA,Open,3,4,15,2,62,ع,16
294,"3,437",فَقْرَة,noun,2,D=,Open,2,1,15,2,33,ل,12
294,"3,437",أَثَرِيّ,adj,3,D~,Open,3,2,15,2,45,ن,14
294,"3,437",بَاخِرَة,noun,1,D=,Open,3,1,15,2,26,ي,10
294,"3,437",غَرِق,verb,1,D~,Open,3,2,15,2,27,ي,10
293,"3,447",رَبْوَة,noun,4,D=,Open,2,1,15,2,49,س,15
293,"3,447",مُرَاد,noun_prop,4,D=,Open,2,1,15,2,49,س,15
293,"3,447",كِيلُو,noun,1,D=,Open,2,1,15,2,25,ط,9
293,"3,447",عَائِد,noun,4,MSA,Open,2,4,15,2,61,ع,16
293,"3,447",خَطِر,adj,2,D=,Open,2,1,15,2,33,ل,12
293,"3,447",كَوْكَب,noun,2,D=,Open,2,1,15,2,33,ل,12
293,"3,447",مُبَارَزَة,noun,2,D=,Open,4,1,15,2,35,ل,12
293,"3,447",زَوَّج,verb,1,D=,Open,3,1,15,2,26,ي,10
292,"3,455",تَدَهْوُر,noun,4,D=,Open,3,1,15,2,50,س,15
292,"3,455",حَمَاس,noun_prop,2,D=,Open,2,1,15,2,33,ل,12
292,"3,455",تَهْنِئَة,noun,2,D=,Open,3,1,15,2,34,ل,12
292,"3,455",لَهْو,noun,3,D=,Open,1,1,15,2,40,م,13
292,"3,455",مُتَزَايِد,adj,3,D=,Open,4,1,15,2,43,ن,14
292,"3,455",طَلَع,verb,1,D=,Open,3,1,15,2,26,ي,10
291,"3,461",مُفْتَرَض,adj,4,D=,Open,3,1,15,2,50,س,15
291,"3,461",مَقْبَر,noun,4,D~XP,Open,2,3,15,2,57,ع,16
291,"3,461",شَتَّى,noun,4,MSA,Open,2,4,15,2,61,ع,16
291,"3,461",ٱِقْتِرَان,noun,4,MSA,Open,3,4,15,2,62,ع,16
291,"3,461",مُقْتَرَح,noun,4,MSA,Open,3,4,15,2,62,ع,16
291,"3,461",بُرُود,noun,2,D=,Open,2,1,15,2,33,ل,12
291,"3,461",رَقَبَة,noun,1,D~,Open,2,2,15,2,26,ي,10
291,"3,461",عَسْكَرِيّ,noun,1,D=,Open,3,1,15,2,26,ي,10
290,"3,469",رُتْبَة,noun,4,D=,Open,2,1,15,2,49,س,15
290,"3,469",غَالِب,noun_prop,4,D=,Open,2,1,15,2,49,س,15
290,"3,469",شَرْح,noun,1,D=,Open,1,1,15,2,24,ط,9
290,"3,469",ضَحّاك,noun,4,MSA,Open,2,4,15,2,61,ع,16
290,"3,469",ٱِسْتِيطَان,noun,4,MSA,Open,3,4,15,2,62,ع,16
290,"3,469",ٱِشْتَرَك,verb,2,D=,Open,3,1,15,2,34,ل,12
289,"3,475",أُمّ,noun,5,MSA,Open,3,4,15,2,73,ص,18
289,"3,475",مَحَالَة,noun,5,MSA,Open,3,4,15,2,73,ص,18
289,"3,475",مِلَفَّة,noun,5,MSA,Open,3,4,15,2,73,ص,18
289,"3,475",حُرّ,adj,1,D=,Open,1,1,15,2,24,ط,9
289,"3,475",أَدْهَش,verb,1,D=,Open,2,1,15,2,25,ط,9
289,"3,475",حَنَان,noun_prop,1,D=,Open,2,1,15,2,25,ط,9
289,"3,475",قَصَب,noun,1,D~,Open,1,2,15,2,25,ط,9
289,"3,475",تَوْبَة,noun,2,D=,Open,2,1,15,2,33,ل,12
289,"3,475",طَارِئ,adj,3,D=,Open,2,1,15,2,41,م,13
289,"3,475",فَيْرُوس,noun,3,D=,Open,2,1,15,2,41,م,13
288,"3,485",حَوَى,verb,4,D=,Open,2,1,15,2,49,س,15
288,"3,485",خِفَّة,noun,4,D=,Open,2,1,15,2,49,س,15
288,"3,485",رُوحِيّ,adj,4,D=,Open,2,1,15,2,49,س,15
288,"3,485",مُنَضِّد,noun,5,MSA,Open,3,4,15,2,73,ص,18
288,"3,485",حَبْس,noun,1,D=,Open,1,1,15,2,24,ط,9
288,"3,485",مروه,noun_prop,4,MSA,Open,2,4,15,2,61,ع,16
288,"3,485",سَاخِر,adj,3,D=,Open,2,1,15,2,41,م,13
288,"3,485",كَبِد,noun,3,D=,Open,2,1,15,2,41,م,13
288,"3,485",ذَوْق,noun,3,D~,Open,1,2,15,2,43,ن,14
288,"3,485",مُظْلِم,adj,1,D~,Open,2,2,15,2,26,ي,10
287,"3,495",أَسْفَل,adj_comp,3,MSA,Open,2,4,15,2,50,س,15
287,"3,495",فَكّ,noun,1,D=,Open,1,1,15,2,24,ط,9
287,"3,495",صَفّ,verb,1,D=,Open,2,1,15,2,25,ط,9
287,"3,495",مُؤَسِّس,noun,4,MSA,Open,3,4,15,2,62,ع,16
287,"3,495",تَبَادُل,noun,2,D=,Open,3,1,15,2,34,ل,12
287,"3,495",مَوْهِبَة,noun,2,D=,Open,3,1,15,2,34,ل,12
287,"3,495",أَسَى,noun,3,D=,Open,2,1,15,2,41,م,13
287,"3,495",نَعِيم,noun,3,D=,Open,2,1,15,2,41,م,13
287,"3,495",ضَائِع,adj,1,D~,Open,2,2,15,2,26,ي,10
286,"3,504",تَصَدَّر,verb,4,D=,Open,2,1,15,2,49,س,15
286,"3,504",هِيَ,pron,5,MSA,Open,2,4,15,2,72,ص,18
286,"3,504",ثَلْج,noun,1,D~,Open,1,2,15,2,25,ط,9
286,"3,504",حِرْمَان,noun,3,D=,Open,2,1,15,2,41,م,13
286,"3,504",سَبَّب,verb,3,D=,Open,3,1,15,2,42,ن,14
285,"3,509",ٱِلْتَقَط,verb,3,D~XP,Open,3,3,15,2,48,س,15
285,"3,509",وِسَاطَة,noun,4,D=,Open,3,1,15,2,50,س,15
285,"3,509",مُضِيّ,noun,4,MSA,Open,2,4,15,2,61,ع,16
285,"3,509",تَزَعَّم,verb,3,D=,Open,2,1,15,2,41,م,13
285,"3,509",سَنَد,noun,3,D=,Open,2,1,15,2,41,م,13
285,"3,509",خَطَّط,verb,1,D=,Open,3,1,15,2,26,ي,10
284,"3,515",ضَاحِك,adj,3,MSA,Open,2,4,15,2,50,س,15
284,"3,515",فَيْلَسُوف,noun,4,D=,Open,3,1,15,2,50,س,15
284,"3,515",عَسَل,noun,1,D=,Open,2,1,15,2,25,ط,9
284,"3,515",إِحْرَاز,noun,4,MSA,Open,2,4,15,2,61,ع,16
284,"3,515",لَا,part_neg,5,MSA,Closed,2,4,15,1,67,ف,17
283,"3,520",هني,noun_prop,4,D=,Open,2,1,15,2,49,س,15
283,"3,520",حَكّ,verb,1,D=,Open,2,1,15,2,25,ط,9
283,"3,520",مُؤْلِم,adj,1,D=,Open,2,1,15,2,25,ط,9
283,"3,520",مَشْغُول,adj,1,D=,Open,2,1,15,2,25,ط,9
283,"3,520",تَسَلُّم,noun,4,D~XP,Open,3,3,15,2,58,ع,16
283,"3,520",ٱِمْتِدَاد,noun,4,MSA,Open,3,4,15,2,62,ع,16
283,"3,520",تَطَرُّف,noun,4,MSA,Open,3,4,15,2,62,ع,16
283,"3,520",مُسَجَّل,adj,2,D=,Open,3,1,15,2,34,ل,12
283,"3,520",ٱِرْتَدّ,verb,3,D=,Open,2,1,15,2,41,م,13
283,"3,520",مُدَرِّس,noun,1,D=,Open,3,1,15,2,26,ي,10
283,"3,520",قِسْم,noun,1,D~,Open,3,2,15,2,27,ي,10
283,"3,520",شَابَّة,noun,1,MSA,Open,2,4,15,2,28,ي,10
282,"3,532",ٱِحْتِيَاط,noun,4,D=,Open,3,1,15,2,50,س,15
282,"3,532",مُضَادّ,noun,3,MSA,Open,2,4,15,2,50,س,15
282,"3,532",نَكْل,noun,5,MSA,Open,1,4,15,2,71,ص,18
282,"3,532",دُعَاء,noun,1,D=,Open,2,1,15,2,25,ط,9
282,"3,532",تَمْكِين,noun,4,MSA,Open,2,4,15,2,61,ع,16
282,"3,532",إِحْسَان,noun_prop,2,D=,Open,2,1,15,2,33,ل,12
282,"3,532",وَدَّع,verb,3,D=,Open,3,1,15,2,42,ن,14
282,"3,532",خَطَف,verb,1,D=,Open,3,1,15,2,26,ي,10
281,"3,540",بَعْث,noun,4,D~,Open,1,2,15,2,52,س,15
281,"3,540",دَسِيسَة,noun,5,MSA,Open,3,4,15,2,73,ص,18
281,"3,540",مَرْكَب,noun,1,D=,Open,2,1,15,2,25,ط,9
281,"3,540",هُوَّة,noun,4,MSA,Open,2,4,15,2,61,ع,16
281,"3,540",مَطْلَب,noun,3,D=,Open,3,1,15,2,42,ن,14
281,"3,540",دِرَاسِيّ,adj,1,D=,Open,3,1,15,2,26,ي,10
280,"3,546",لَوْح,noun,1,D=,Open,1,1,15,2,24,ط,9
280,"3,546",حُدُودِيّ,adj,4,MSA,Open,3,4,15,2,62,ع,16
280,"3,546",أَنْتَج,verb,2,D=,Open,2,1,15,2,33,ل,12
280,"3,546",تَعْزِيَة,noun,2,D=,Open,3,1,15,2,34,ل,12
280,"3,546",شَهَامَة,noun,3,D=,Open,3,1,15,2,42,ن,14
280,"3,546",مُعَلَّق,adj,3,D~,Open,3,2,15,2,45,ن,14
280,"3,546",تَفَقَّد,verb,3,D~XP,Open,2,3,15,2,47,ن,14
280,"3,546",أَقْرَب,adj_comp,1,D~,Open,2,2,15,2,26,ي,10
279,"3,554",سَارَع,verb,3,MSA,Open,3,4,15,2,51,س,15
279,"3,554",ٱِنْبَعَث,verb,4,D~,Open,3,2,15,2,54,س,15
279,"3,554",هِلَال,noun_prop,1,D=,Open,2,1,15,2,25,ط,9
279,"3,554",عَجَل,noun,4,D~XP,Open,1,3,15,2,56,ع,16
279,"3,554",مَسْقَط,noun,4,MSA,Open,2,4,15,2,61,ع,16
279,"3,554",ٱِنْقِباض,noun,4,MSA,Open,3,4,15,2,62,ع,16
279,"3,554",تَفَادِي,noun,4,MSA,Open,3,4,15,2,62,ع,16
279,"3,554",سَلْطَنَة,noun,4,MSA,Open,3,4,15,2,62,ع,16
279,"3,554",إِسْترَاتِيجِيّ,adj,4,MSA,Open,5,4,15,2,64,ف,17
279,"3,554",مَحَّى,verb,5,D~XP,Open,2,3,15,2,67,ف,17
279,"3,554",تَوْظِيف,noun,3,D=,Open,2,1,15,2,41,م,13
278,"3,565",وَصْل,noun,4,D=,Open,1,1,15,2,48,س,15
278,"3,565",نَاقِد,noun,4,D=,Open,2,1,15,2,49,س,15
278,"3,565",لاهَى,verb,5,MSA,Open,2,4,15,2,72,ص,18
278,"3,565",جَرُؤ,verb,5,MSA,Open,3,4,15,2,73,ص,18
278,"3,565",شَفَّافِيَّة,noun,5,MSA,Open,4,4,15,2,74,ص,18
278,"3,565",فَرْحَة,noun,1,D=,Open,2,1,15,2,25,ط,9
278,"3,565",نَبَّه,verb,1,D=,Open,2,1,15,2,25,ط,9
278,"3,565",أَضْحَى,verb,4,MSA,Closed,2,4,15,1,57,ع,16
278,"3,565",سِينَارِيُو,noun,5,D=,Open,3,1,15,2,58,ع,16
278,"3,565",إِحْيَاء,noun,4,MSA,Open,2,4,15,2,61,ع,16
278,"3,565",تَلّ,noun,2,D=,Open,1,1,15,2,32,ك,11
278,"3,565",أَجْبَر,verb,2,D=,Open,2,1,15,2,33,ل,12
278,"3,565",هَدَّاف,noun,2,D=,Open,2,1,15,2,33,ل,12
278,"3,565",ٱِقْتَنَع,verb,2,D=,Open,3,1,15,2,34,ل,12
278,"3,565",شَغَب,noun,3,D=,Open,2,1,15,2,41,م,13
277,"3,580",جُرْم,noun,4,D=,Open,1,1,15,2,48,س,15
277,"3,580",مُتَتَالِي,adj,3,MSA,Open,4,4,15,2,52,س,15
277,"3,580",غَدَاة,noun,5,MSA,Open,2,4,15,2,72,ص,18
277,"3,580",جِسْر,noun,5,MSA,Open,3,4,15,2,73,ص,18
277,"3,580",أَنْتَ,pron,1,D=,Closed,2,1,15,1,24,ط,9
277,"3,580",تَجَمَّع,verb,1,D=,Open,2,1,15,2,25,ط,9
277,"3,580",مَاشِي,noun,1,D=,Open,2,1,15,2,25,ط,9
277,"3,580",مُؤَدِّي,adj,4,MSA,Open,3,4,15,2,62,ع,16
277,"3,580",أَثَاث,noun,2,D~,Open,2,2,15,2,35,ل,12
277,"3,580",تُرَاث,noun,3,D~,Open,2,2,15,2,44,ن,14
277,"3,580",ٱِمْتِحَان,noun,1,D=,Open,3,1,15,2,26,ي,10
277,"3,580",عَاقَب,verb,1,D=,Open,3,1,15,2,26,ي,10
276,"3,592",مُعْتَقَل,adj,4,D=,Open,3,1,15,2,50,س,15
276,"3,592",حَيَّة,noun,1,D=,Open,2,1,15,2,25,ط,9
276,"3,592",أَمْبِير,noun,5,D=,Open,2,1,15,2,57,ع,16
276,"3,592",كَدّ,verb,5,D=,Open,2,1,15,2,57,ع,16
276,"3,592",مَوَدَّة,noun,2,D=,Open,2,1,15,2,33,ل,12
276,"3,592",أَرْجَح,adj_comp,3,D=,Open,2,1,15,2,41,م,13
276,"3,592",تَمْرِيرَة,noun,3,D=,Open,3,1,15,2,42,ن,14
276,"3,592",غَفَر,verb,1,D=,Open,3,1,15,2,26,ي,10
275,"3,600",حَسْم,noun,4,D=,Open,1,1,15,2,48,س,15
275,"3,600",ضَئِيل,adj,3,MSA,Open,2,4,15,2,50,س,15
275,"3,600",مَا,pron_rel,1,D=,Open,1,1,15,2,24,ط,9
275,"3,600",فَلَك,noun,4,MSA,Open,2,4,15,2,61,ع,16
275,"3,600",تَبَرُّع,noun,2,D=,Open,3,1,15,2,34,ل,12
275,"3,600",فَرَّغ,verb,2,MSA,Open,3,4,15,2,40,م,13
275,"3,600",آتَى,verb,3,D=,Open,2,1,15,2,41,م,13
275,"3,600",تَوَهَّم,verb,3,D=,Open,2,1,15,2,41,م,13
275,"3,600",ٱِنْفَرَد,verb,3,D=,Open,3,1,15,2,42,ن,14
275,"3,600",قَاوَم,verb,3,D=,Open,3,1,15,2,42,ن,14
275,"3,600",زُقَاق,noun,3,D~,Open,2,2,15,2,44,ن,14
275,"3,600",أَنْسَى,verb,3,D~XP,Open,2,3,15,2,47,ن,14
274,"3,612",هِبَة,noun,4,D=,Open,2,1,15,2,49,س,15
274,"3,612",مُحَافِظ,noun,4,D=,Open,3,1,15,2,50,س,15
274,"3,612",أَرْأَى,verb,5,MSA,Open,2,4,15,2,72,ص,18
274,"3,612",خَال,verb,5,MSA,Open,3,4,15,2,73,ص,18
274,"3,612",مَشْي,noun,1,D=,Open,1,1,15,2,24,ط,9
274,"3,612",أَلْبُوم,noun,1,D=,Open,2,1,15,2,25,ط,9
274,"3,612",دَمْعَة,noun,1,D=,Open,2,1,15,2,25,ط,9
274,"3,612",مُنْكِر,adj,4,MSA,Open,2,4,15,2,61,ع,16
274,"3,612",أَحْدَث,verb,2,MSA,Open,2,4,15,2,39,م,13
274,"3,612",صَوْب,noun,3,D=,Open,1,1,15,2,40,م,13
274,"3,612",أَتَمّ,adj_comp,3,D=,Open,2,1,15,2,41,م,13
274,"3,612",تَسَاقُط,noun,2,MSA,Open,4,4,15,2,41,م,13
274,"3,612",خَيْبَة,noun,3,D=,Open,2,1,15,2,41,م,13
274,"3,612",وَاجِب,noun,3,D=,Open,2,1,15,2,41,م,13
273,"3,626",مُعْلَن,adj,3,MSA,Open,2,4,16,2,51,س,15
273,"3,626",مَعْنَوِيّ,adj,4,D=,Open,3,1,16,2,51,س,15
273,"3,626",ظافِر,noun,4,D~,Open,2,2,16,2,54,س,15
273,"3,626",مَسْح,noun,1,D=,Open,1,1,16,2,25,ط,9
273,"3,626",أَعال,verb,4,D~XP,Open,3,3,16,2,59,ع,16
273,"3,626",خَطَب,verb,2,D=,Open,3,1,16,2,35,ل,12
273,"3,626",إِلٰهِيّ,adj,3,D=,Open,3,1,16,2,43,ن,14
272,"3,633",ٱِسْتَفَاق,verb,3,D~XP,Open,4,3,16,2,50,س,15
272,"3,633",جَزَع,noun,4,MSA,Open,1,4,16,2,61,ع,16
272,"3,633",فِضَّة,noun,2,D=,Open,2,1,16,2,34,ل,12
272,"3,633",نَفَق,noun,2,D=,Open,2,1,16,2,34,ل,12
272,"3,633",ٱِسْتِمَاع,noun,2,D=,Open,3,1,16,2,35,ل,12
272,"3,633",سَيْل,noun,3,D=,Open,1,1,16,2,41,م,13
272,"3,633",ضَالّ,noun,3,D=,Open,1,1,16,2,41,م,13
272,"3,633",قِيَاس,noun,3,D~,Open,2,2,16,2,45,ن,14
272,"3,633",ضَرّ,verb,1,D=,Open,2,1,16,2,26,ي,10
272,"3,633",مُتْعَة,noun,1,D=,Open,2,1,16,2,26,ي,10
272,"3,633",مَنْظَر,noun,1,D=,Open,2,1,16,2,26,ي,10
271,"3,644",تَجَلَّى,verb,4,D=,Open,2,1,16,2,50,س,15
271,"3,644",تَدَاعِي,noun,5,MSA,Open,3,4,16,2,74,ص,18
271,"3,644",ذَعَر,verb,4,D~,Open,3,2,16,2,55,ع,16
271,"3,644",فَحَسبُ,adv,4,MSA,Closed,3,4,16,1,59,ع,16
271,"3,644",قَدَم,noun,4,MSA,Open,2,4,16,2,62,ع,16
271,"3,644",خُضُوع,noun,4,MSA,Open,2,4,16,2,62,ع,16
271,"3,644",صُدْفَة,noun,2,D=,Open,2,1,16,2,34,ل,12
271,"3,644",إِمَارَة,noun,3,D=,Open,3,1,16,2,43,ن,14
271,"3,644",تَوَاصُل,noun,3,D=,Open,3,1,16,2,43,ن,14
270,"3,653",مَأْسَاة,noun,4,D=,Open,2,1,16,2,50,س,15
270,"3,653",مُؤَلَّف,adj,4,D=,Open,3,1,16,2,51,س,15
270,"3,653",وَرْد,noun,1,D=,Open,1,1,16,2,25,ط,9
270,"3,653",رَأَى,verb,5,CA,Open,1,5,16,2,77,ق,19
270,"3,653",هَزَّة,noun,2,D=,Open,2,1,16,2,34,ل,12
270,"3,653",بَرَّر,verb,2,D=,Open,3,1,16,2,35,ل,12
270,"3,653",تَوَسَّل,verb,2,D=,Open,4,1,16,2,36,ل,12
270,"3,653",مُنْخَفِض,adj,2,MSA,Open,3,4,16,2,41,م,13
270,"3,653",تَحْكِيم,noun,3,D=,Open,2,1,16,2,42,ن,14
270,"3,653",غَامِض,adj,3,D=,Open,2,1,16,2,42,ن,14
270,"3,653",لام,verb,3,D=,Open,2,1,16,2,42,ن,14
270,"3,653",لَعِين,adj,3,D=,Open,2,1,16,2,42,ن,14
270,"3,653",ٱِسْتِجَابَة,noun,3,D=,Open,4,1,16,2,44,ن,14
270,"3,653",ذُهُول,noun,3,D~,Open,2,2,16,2,45,ن,14
270,"3,653",رَصِيف,noun,1,D=,Open,2,1,16,2,26,ي,10
269,"3,668",بَهْو,noun,4,D=,Open,1,1,16,2,49,س,15
269,"3,668",شُبْهَة,noun,4,D=,Open,2,1,16,2,50,س,15
269,"3,668",قِيَادِيّ,noun,5,MSA,Open,3,4,16,2,74,ص,18
269,"3,668",دَهِش,noun,4,D~XP,Open,2,3,16,2,58,ع,16
269,"3,668",سَدَاد,noun,4,MSA,Open,2,4,16,2,62,ع,16
269,"3,668",شَجَن,noun,4,MSA,Open,2,4,16,2,62,ع,16
269,"3,668",هَيَلان,noun,5,CA,Open,3,5,16,2,79,ق,19
269,"3,668",تَسْمِيَة,noun,2,D=,Open,3,1,16,2,35,ل,12
269,"3,668",مِنْظَار,noun,2,D~,Open,2,2,16,2,36,ل,12
269,"3,668",شَابّ,noun,2,D~XP,Open,1,3,16,2,37,م,13
269,"3,668",أَسْقَط,verb,2,MSA,Open,2,4,16,2,40,م,13
269,"3,668",كَذَا,noun,3,D~,Closed,2,2,16,1,42,ن,14
269,"3,668",مُجَدَّد,adj,3,D=,Open,3,1,16,2,43,ن,14
269,"3,668",أَشْرَق,verb,1,D=,Open,2,1,16,2,26,ي,10
268,"3,682",سَلَف,noun,4,D=,Open,1,1,16,2,49,س,15
268,"3,682",أُسْقُف,noun,5,MSA,Open,2,4,16,2,73,ص,18
268,"3,682",عُشْب,noun,1,D=,Open,1,1,16,2,25,ط,9
268,"3,682",ٱِتَّقَد,verb,4,MSA,Open,3,4,16,2,63,ف,17
268,"3,682",ضَوْضَاء,noun,2,MSA,Open,2,4,16,2,40,م,13
268,"3,682",تَمَسَّك,verb,3,D=,Open,2,1,16,2,42,ن,14
268,"3,682",فَاتِح,noun,3,D=,Open,2,1,16,2,42,ن,14
268,"3,682",تَوَرُّط,noun,3,D=,Open,3,1,16,2,43,ن,14
268,"3,682",شَرِيحَة,noun,3,D=,Open,3,1,16,2,43,ن,14
268,"3,682",شَفَقَة,noun,3,D~,Open,3,2,16,2,46,ن,14
268,"3,682",بَيْع,noun,3,D~XP,Open,1,3,16,2,47,ن,14
267,"3,693",تَرَأَّس,verb,4,D=,Open,2,1,16,2,50,س,15
267,"3,693",مَقْصِد,noun,4,D~,Open,2,2,16,2,54,س,15
267,"3,693",أَرْجَع,verb,2,D~XP,Open,2,3,16,2,38,م,13
267,"3,693",أَفْرَغ,verb,2,MSA,Open,2,4,16,2,40,م,13
267,"3,693",طَعَن,verb,3,D=,Open,2,1,16,2,42,ن,14
267,"3,693",فَوْرِيّ,adj,3,D=,Open,2,1,16,2,42,ن,14
267,"3,693",مَأْزِق,noun,3,D=,Open,2,1,16,2,42,ن,14
267,"3,693",أَخْلَاقِيّ,adj,3,D=,Open,3,1,16,2,43,ن,14
266,"3,701",ٱِسْتَعْرَض,verb,4,D=,Open,3,1,16,2,51,س,15
266,"3,701",ثَوْرِيّ,adj,4,D~,Open,2,2,16,2,54,س,15
266,"3,701",طِبْق,noun,4,D~,Open,2,2,16,2,54,س,15
266,"3,701",حُكْم,noun,1,D=,Open,1,1,16,2,25,ط,9
266,"3,701",ٱِنْطَوَى,verb,5,D=,Open,3,1,16,2,59,ع,16
266,"3,701",ٱِخْتَلَط,verb,3,D=,Open,3,1,16,2,43,ن,14
266,"3,701",عَبَر,verb,3,D=,Open,3,1,16,2,43,ن,14
266,"3,701",وَقَف,verb,1,D~,Open,3,2,16,2,28,ي,10
265,"3,709",دَلَالَة,noun,4,D=,Open,3,1,16,2,51,س,15
265,"3,709",مُسَانَدَة,noun,4,D=,Open,4,1,16,2,52,س,15
265,"3,709",رَوْع,noun,5,MSA,Open,1,4,16,2,72,ص,18
265,"3,709",ٱِنْطَبَق,verb,4,D~,Open,3,2,16,2,55,ع,16
265,"3,709",تَصاعُد,noun,4,MSA,Open,3,4,16,2,63,ف,17
265,"3,709",مُقَرَّب,adj,2,D~,Open,3,2,16,2,37,م,13
265,"3,709",تَعَدَّى,verb,3,D=,Open,2,1,16,2,42,ن,14
264,"3,716",مُلِحّ,adj,4,D=,Open,2,1,16,2,50,س,15
264,"3,716",نَدَّد,verb,4,D=,Open,3,1,16,2,51,س,15
264,"3,716",نَفْرَة,noun,4,MSA,Open,2,4,16,2,62,ع,16
264,"3,716",وِفَاق,noun,5,D~,Open,2,2,16,2,63,ف,17
264,"3,716",ٱِقْتِرَاب,noun,2,MSA,Open,3,4,16,2,41,م,13
264,"3,716",أَخْطَر,adj_comp,1,D=,Open,2,1,16,2,26,ي,10
264,"3,716",حَبِيب,adj,1,D=,Open,2,1,16,2,26,ي,10
264,"3,716",ذَيْل,noun,1,D~,Open,1,2,16,2,26,ي,10
263,"3,724",عَقِيد,noun,4,D=,Open,2,1,16,2,50,س,15
263,"3,724",ٱِفْتَكَر,verb,4,D=,Open,3,1,16,2,51,س,15
263,"3,724",جَوْهَرِيّ,adj,4,D=,Open,3,1,16,2,51,س,15
263,"3,724",مَجْزَرَة,noun,4,D=,Open,3,1,16,2,51,س,15
263,"3,724",مُشَاوَرَة,noun,4,D=,Open,4,1,16,2,52,س,15
263,"3,724",نَظَرِيَّة,noun,4,D=,Open,4,1,16,2,52,س,15
263,"3,724",مَأْجُور,adj,5,MSA,Open,2,4,16,2,73,ص,18
263,"3,724",قَهْرَمان,noun,5,MSA,Open,3,4,16,2,74,ص,18
263,"3,724",عَارِض,noun,5,D=,Open,2,1,16,2,58,ع,16
263,"3,724",مَخْزَن,noun,2,D=,Open,2,1,16,2,34,ل,12
263,"3,724",مَخْلُوق,noun,2,D~,Open,2,2,16,2,36,ل,12
263,"3,724",ٱِشْتَهَر,verb,3,D=,Open,3,1,16,2,43,ن,14
263,"3,724",نَجْمَة,noun,1,D=,Open,2,1,16,2,26,ي,10
262,"3,737",أَنَس,noun_prop,4,D=,Open,2,1,16,2,50,س,15
262,"3,737",سَاعَد,verb,3,MSA,Open,2,4,16,2,51,س,15
262,"3,737",آخِذ,noun,4,D~,Open,1,2,16,2,53,س,15
262,"3,737",نَجْل,noun,4,MSA,Open,1,4,16,2,61,ع,16
262,"3,737",يَقَظَة,noun,4,MSA,Open,2,4,16,2,62,ع,16
262,"3,737",جَوَاز,noun,2,D=,Open,2,1,16,2,34,ل,12
262,"3,737",نَجْدَة,noun,2,D=,Open,2,1,16,2,34,ل,12
262,"3,737",إِنْفلُوَنْزَا,noun,2,D=,Open,4,1,16,2,36,ل,12
262,"3,737",لَوْم,noun,3,D=,Open,1,1,16,2,41,م,13
262,"3,737",عَمَلِيّ,adj,3,D=,Open,3,1,16,2,43,ن,14
262,"3,737",سَاكِت,adj,1,D=,Open,2,1,16,2,26,ي,10
262,"3,737",فِيدْيُو,noun,1,D=,Open,2,1,16,2,26,ي,10
261,"3,749",سُخْرِيَّة,noun,4,D=,Open,3,1,16,2,51,س,15
261,"3,749",قَارِب,noun,4,D=,Open,3,1,16,2,51,س,15
261,"3,749",مُدَّعِي,noun,5,MSA,Open,3,4,16,2,74,ص,18
261,"3,749",خَلَق,noun,5,CA,Open,1,5,16,2,77,ق,19
261,"3,749",سِكْرِتِير,noun,2,D=,Open,3,1,16,2,35,ل,12
261,"3,749",أَكْثَر,verb,2,D~,Open,2,2,16,2,36,ل,12
261,"3,749",ٱِبْتِعَاد,noun,2,MSA,Open,3,4,16,2,41,م,13
261,"3,749",بَارّ,adj,3,D=,Open,1,1,16,2,41,م,13
261,"3,749",مَار,noun_prop,3,D=,Open,1,1,16,2,41,م,13
261,"3,749",أَنْجَز,verb,3,D=,Open,2,1,16,2,42,ن,14
261,"3,749",زَوْرَق,noun,1,D=,Open,2,1,16,2,26,ي,10
260,"3,760",عَفِيف,adj,4,D=,Open,2,1,16,2,50,س,15
260,"3,760",رَصَد,verb,4,D=,Open,3,1,16,2,51,س,15
260,"3,760",نَشَد,verb,5,MSA,Open,2,4,16,2,73,ص,18
260,"3,760",حَفَل,verb,5,MSA,Open,3,4,16,2,74,ص,18
260,"3,760",رِيف,noun,2,D=,Open,1,1,16,2,33,ل,12
260,"3,760",سَتَّار,noun_prop,2,D=,Open,2,1,16,2,34,ل,12
260,"3,760",شَرِير,adj,2,D=,Open,2,1,16,2,34,ل,12
260,"3,760",أَمْهَل,verb,3,D=,Open,2,1,16,2,42,ن,14
260,"3,760",تَصَدَّى,verb,3,D=,Open,2,1,16,2,42,ن,14
260,"3,760",ٱِشْتَهَى,verb,3,D=,Open,3,1,16,2,43,ن,14
260,"3,760",مُمْتَاز,adj,1,D=,Open,2,1,16,2,26,ي,10
259,"3,771",جَوْف,noun,4,D=,Open,1,1,16,2,49,س,15
259,"3,771",غُرُور,noun,4,D=,Open,2,1,16,2,50,س,15
259,"3,771",ناسِف,adj,4,D=,Open,2,1,16,2,50,س,15
259,"3,771",كَادِر,noun,5,MSA,Open,2,4,16,2,73,ص,18
259,"3,771",ٱِتَّسَم,verb,4,MSA,Open,3,4,16,2,63,ف,17
259,"3,771",قَابِض,adj,5,D~,Open,2,2,16,2,63,ف,17
259,"3,771",عَسْكَر,noun,2,D=,Open,2,1,16,2,34,ل,12
259,"3,771",حَرَم,noun,2,D=,Open,3,1,16,2,35,ل,12
259,"3,771",مَسْبُوق,adj,2,D~,Open,2,2,16,2,36,ل,12
259,"3,771",بَارِع,adj,3,D=,Open,2,1,16,2,42,ن,14
259,"3,771",ٱِسْتِخْفَاف,noun,3,D=,Open,3,1,16,2,43,ن,14
259,"3,771",قُبَالَة,noun,3,D~,Closed,3,2,16,1,43,ن,14
259,"3,771",وَقْفَة,noun,1,D~,Open,2,2,16,2,27,ي,10
258,"3,784",نَمَط,noun,4,D=,Open,2,1,16,2,50,س,15
258,"3,784",تَشْكِيلَة,noun,4,D=,Open,3,1,16,2,51,س,15
258,"3,784",ٱِنْدَلَع,verb,4,MSA,Open,3,4,16,2,63,ف,17
258,"3,784",قَاتِل,noun,2,D~,Open,2,2,16,2,36,ل,12
257,"3,788",تَبَع,noun,4,D=,Open,2,1,16,2,50,س,15
257,"3,788",تَسْوِيق,noun,4,D~,Open,2,2,16,2,54,س,15
257,"3,788",أُنْمُلَة,noun,5,MSA,Open,3,4,16,2,74,ص,18
257,"3,788",سِلْك,noun,1,D=,Open,1,1,16,2,25,ط,9
257,"3,788",نَخْل,noun,1,D=,Open,1,1,16,2,25,ط,9
257,"3,788",نَاس,noun,5,D=,Open,2,1,16,2,58,ع,16
257,"3,788",أَوْرَد,verb,4,MSA,Open,2,4,16,2,62,ع,16
257,"3,788",تَصْعِيد,noun,4,MSA,Open,2,4,16,2,62,ع,16
257,"3,788",ٱِمْتَلَأ,verb,1,D~XP,Open,3,3,16,2,29,ك,11
257,"3,788",آلِيّ,adj,2,D=,Open,2,1,16,2,34,ل,12
257,"3,788",مجان,noun_prop,2,D=,Open,2,1,16,2,34,ل,12
257,"3,788",طَعْن,noun,3,D=,Open,1,1,16,2,41,م,13
257,"3,788",فَاخِر,adj,3,D=,Open,2,1,16,2,42,ن,14
257,"3,788",ٱِكْتَرَث,verb,3,D~,Open,3,2,16,2,46,ن,14
256,"3,802",تَفَتُّت,noun,3,D~XP,Open,3,3,16,2,49,س,15
256,"3,802",حَرَج,noun,4,D=,Open,2,1,16,2,50,س,15
256,"3,802",ٱِسْتَأْنَس,verb,4,D=,Open,3,1,16,2,51,س,15
256,"3,802",عَمَالَة,noun,4,D=,Open,3,1,16,2,51,س,15
256,"3,802",تَوَالَى,verb,3,MSA,Open,3,4,16,2,52,س,15
256,"3,802",إِبَّان,noun,5,MSA,Open,2,4,16,2,73,ص,18
256,"3,802",عِيَان,noun,4,MSA,Open,2,4,16,2,62,ع,16
256,"3,802",بِلْيُون,noun,2,D=,Open,2,1,16,2,34,ل,12
256,"3,802",مَرَح,noun,2,D=,Open,2,1,16,2,34,ل,12
256,"3,802",ذَكَر,noun,3,D~,Open,1,2,16,2,44,ن,14
256,"3,802",مَمَرّ,noun,1,D=,Open,2,1,16,2,26,ي,10
256,"3,802",نَاتِج,noun,1,D=,Open,2,1,16,2,26,ي,10
255,"3,814",ضَرْب,noun,4,D=,Open,2,1,16,2,50,س,15
255,"3,814",غَيْرِيّ,adj,5,MSA,Open,2,4,16,2,73,ص,18
255,"3,814",تَحْتِيّ,adj,4,MSA,Open,2,4,16,2,62,ع,16
255,"3,814",طَرَأ,verb,4,MSA,Open,2,4,16,2,62,ع,16
255,"3,814",تَحَفُّظ,noun,4,MSA,Open,3,4,16,2,63,ف,17
255,"3,814",سَلَب,verb,4,MSA,Open,3,4,16,2,63,ف,17
255,"3,814",ٱِسْتِيطَان,noun,4,MSA,Open,4,4,16,2,64,ف,17
255,"3,814",جَمْع,noun,3,D=,Open,2,1,16,2,42,ن,14
255,"3,814",إِثْبَات,noun,3,D~,Open,2,2,16,2,45,ن,14
255,"3,814",صُرَاخ,noun,1,D=,Open,2,1,16,2,26,ي,10
255,"3,814",خَاطِئ,adj,1,D~XP,Open,2,3,16,2,28,ي,10
254,"3,825",وَسِيط,noun,4,D=,Open,2,1,16,2,50,س,15
254,"3,825",مَدْعُوّ,adj,2,D=,Open,2,1,16,2,34,ل,12
254,"3,825",حَمِد,verb,2,D=,Open,3,1,16,2,35,ل,12
254,"3,825",طَلَاق,noun,2,D~,Open,2,2,16,2,36,ل,12
254,"3,825",أَسَّس,verb,3,D=,Open,2,1,16,2,42,ن,14
254,"3,825",ٱِخْتِصَار,noun,3,D=,Open,3,1,16,2,43,ن,14
254,"3,825",كَتَم,verb,3,D=,Open,3,1,16,2,43,ن,14
254,"3,825",مُخِيف,adj,1,D=,Open,2,1,16,2,26,ي,10
253,"3,833",بُؤْس,noun,4,D=,Open,1,1,16,2,49,س,15
253,"3,833",إِسْرَاع,noun,3,MSA,Open,2,4,16,2,51,س,15
253,"3,833",خِبَاء,noun,5,MSA,Open,2,4,16,2,73,ص,18
253,"3,833",إِيقَاع,noun,4,MSA,Open,2,4,16,2,62,ع,16
253,"3,833",جُمْهُورِيّ,noun,4,MSA,Open,3,4,16,2,63,ف,17
253,"3,833",سَالِم,noun_prop,2,D=,Open,2,1,16,2,34,ل,12
253,"3,833",جَاه,noun,3,D=,Open,1,1,16,2,41,م,13
253,"3,833",تَرْجَم,verb,3,D=,Open,2,1,16,2,42,ن,14
253,"3,833",وَهَب,verb,3,D=,Open,3,1,16,2,43,ن,14
253,"3,833",دَفْتَر,noun,1,D=,Open,2,1,16,2,26,ي,10
253,"3,833",ضَجَّة,noun,1,D=,Open,2,1,16,2,26,ي,10
253,"3,833",بَوَّابَة,noun,1,D=,Open,3,1,16,2,27,ي,10
253,"3,833",كَمْبِيُوتِر,noun,1,D=,Open,4,1,16,2,28,ي,10
252,"3,846",زَاد,verb,4,D=,Open,1,1,16,2,49,س,15
252,"3,846",وَشَى,verb,5,MSA,Open,2,4,16,2,73,ص,18
252,"3,846",زَرْع,noun,1,D=,Open,1,1,16,2,25,ط,9
252,"3,846",مُكَثَّف,adj,4,D~,Open,3,2,16,2,55,ع,16
252,"3,846",غَيْط,noun,4,MSA,Open,1,4,16,2,61,ع,16
252,"3,846",بُرْج,noun,2,D=,Open,1,1,16,2,33,ل,12
252,"3,846",قَرِيب,noun,2,D~,Open,2,2,16,2,36,ل,12
252,"3,846",مِرْوَحِيَّة,noun,2,MSA,Open,4,4,16,2,42,ن,14
252,"3,846",مُوَفَّق,adj,3,D~,Open,3,2,16,2,46,ن,14
252,"3,846",ٱِبْتِدَائِيّ,adj,1,D=,Open,4,1,16,2,28,ي,10
251,"3,856",شَاغِل,noun,4,D=,Open,2,1,16,2,50,س,15
251,"3,856",ٱِسْتِعْرَاض,noun,4,D=,Open,3,1,16,2,51,س,15
251,"3,856",جُزْئِيّ,adj,3,MSA,Open,2,4,16,2,51,س,15
251,"3,856",مَعُونَة,noun,4,D=,Open,3,1,16,2,51,س,15
251,"3,856",تَرَشُّح,noun,3,MSA,Open,3,4,16,2,52,س,15
251,"3,856",يَاقُوت,noun,4,D~,Open,2,2,16,2,54,س,15
251,"3,856",ٱِسْتِيلَاء,noun,4,MSA,Open,3,4,16,2,63,ف,17
251,"3,856",ذُلّ,noun,2,D~,Open,1,2,16,2,35,ل,12
251,"3,856",عَانَق,verb,2,D~,Open,3,2,16,2,37,م,13
251,"3,856",عَرَف,verb,3,D=,Open,2,1,16,2,42,ن,14
251,"3,856",ٱِشْتَرَط,verb,3,D=,Open,3,1,16,2,43,ن,14
251,"3,856",حَضَارِيّ,adj,3,D=,Open,3,1,16,2,43,ن,14
251,"3,856",آثَر,verb,3,D~,Open,2,2,16,2,45,ن,14
251,"3,856",بَصَل,noun,1,D=,Open,2,1,16,2,26,ي,10
251,"3,856",نَاجِح,adj,1,D=,Open,2,1,16,2,26,ي,10
250,"3,871",عَذْب,adj,4,D~,Open,1,2,16,2,53,س,15
250,"3,871",ثَنَاء,noun,4,D~,Open,2,2,16,2,54,س,15
250,"3,871",بَطْن,noun,1,D=,Open,1,1,16,2,25,ط,9
250,"3,871",عَقِيدَة,noun,4,MSA,Open,3,4,16,2,63,ف,17
250,"3,871",شَاكِر,noun_prop,2,D=,Open,2,1,16,2,34,ل,12
250,"3,871",مُعْتَدِل,adj,2,D=,Open,3,1,16,2,35,ل,12
250,"3,871",ٱِبْتَدَأ,verb,2,D~XP,Open,4,3,16,2,40,م,13
250,"3,871",تَزْوِير,noun,3,D=,Open,2,1,16,2,42,ن,14
250,"3,871",مُرْشِد,noun,3,D=,Open,2,1,16,2,42,ن,14
250,"3,871",عَزَاء,noun,3,D~,Open,2,2,16,2,45,ن,14
250,"3,871",كَثُر,verb,3,D~,Open,3,2,16,2,46,ن,14
250,"3,871",صَالَة,noun,1,D=,Open,2,1,16,2,26,ي,10
250,"3,871",تَعَاوُن,noun,1,D=,Open,3,1,16,2,27,ي,10
249,"3,884",بِيئِيّ,adj,3,MSA,Open,2,4,17,2,52,س,15
249,"3,884",كَلَام,noun,3,MSA,Open,3,4,17,2,53,س,15
249,"3,884",حَلَّق,verb,5,D=,Open,3,1,17,2,60,ع,16
249,"3,884",رِقّ,noun,4,MSA,Open,1,4,17,2,62,ع,16
249,"3,884",جَعَل,verb,5,CA,Open,1,5,17,2,78,ق,19
249,"3,884",أَطْفَأ,verb,1,D~XP,Open,2,3,17,2,29,ك,11
249,"3,884",ضُعْف,noun,2,D=,Open,1,1,17,2,34,ل,12
249,"3,884",مَلِيء,adj,2,D~XP,Open,2,3,17,2,39,م,13
249,"3,884",هَدَم,verb,3,D=,Open,3,1,17,2,44,ن,14
249,"3,884",بَحْر,noun,1,D=,Open,2,1,17,2,27,ي,10
248,"3,894",حَافَة,noun,5,D=,Open,2,1,17,2,59,ع,16
248,"3,894",بَادِرَة,noun,4,MSA,Open,3,4,17,2,64,ف,17
248,"3,894",تَنَبَّه,verb,2,D=,Open,2,1,17,2,35,ل,12
248,"3,894",جَاهِل,adj,2,D=,Open,2,1,17,2,35,ل,12
248,"3,894",نِسْيَان,noun,2,D=,Open,2,1,17,2,35,ل,12
248,"3,894",صَافَح,verb,2,D=,Open,3,1,17,2,36,ل,12
248,"3,894",جَاهِز,adj,1,D=,Open,2,1,17,2,27,ي,10
248,"3,894",هَرَب,noun,1,D=,Open,2,1,17,2,27,ي,10
248,"3,894",تَسَامُح,noun,1,D=,Open,3,1,17,2,28,ي,10
248,"3,894",قَفَا,noun,1,D~,Open,2,2,17,2,28,ي,10
247,"3,904",أَجْدَى,verb,4,D=,Open,2,1,17,2,51,س,15
247,"3,904",إِبْلَاغ,noun,3,MSA,Open,2,4,17,2,52,س,15
247,"3,904",ٱِسْتِيَاء,noun,3,MSA,Open,3,4,17,2,53,س,15
247,"3,904",ظَفَر,noun,4,D~,Open,2,2,17,2,55,ع,16
247,"3,904",مُنَاخ,noun,4,MSA,Open,3,4,17,2,64,ف,17
247,"3,904",أَضَاع,verb,1,D~XP,Open,3,3,17,2,30,ك,11
247,"3,904",لَطِيف,adj,2,D=,Open,2,1,17,2,35,ل,12
247,"3,904",مُتَنَوِّع,adj,2,D=,Open,4,1,17,2,37,م,13
247,"3,904",حَجَب,verb,3,D=,Open,3,1,17,2,44,ن,14
247,"3,904",تَدْخِين,noun,1,D=,Open,2,1,17,2,27,ي,10
247,"3,904",سَقَى,verb,1,D~,Open,2,2,17,2,28,ي,10
246,"3,915",رَهْن,noun,4,D=,Open,1,1,17,2,50,س,15
246,"3,915",مَضْمُون,noun,4,D=,Open,2,1,17,2,51,س,15
246,"3,915",تَعَهُّد,noun,4,D=,Open,3,1,17,2,52,س,15
246,"3,915",عُنْصُرِيّ,adj,4,D=,Open,3,1,17,2,52,س,15
246,"3,915",مُكَوِّن,noun,4,D=,Open,3,1,17,2,52,س,15
246,"3,915",مِنْحَة,noun,5,D=,Open,2,1,17,2,59,ع,16
246,"3,915",ظَالِم,noun,2,D~,Open,2,2,17,2,37,م,13
246,"3,915",ضِفَّة,noun,3,D=,Open,2,1,17,2,43,ن,14
246,"3,915",شَاشَة,noun,1,D=,Open,2,1,17,2,27,ي,10
246,"3,915",تَخَيَّل,verb,1,D=,Open,3,1,17,2,28,ي,10
246,"3,915",تَقْسِيم,noun,1,D~,Open,2,2,17,2,28,ي,10
245,"3,926",نَفَر,verb,4,D=,Open,2,1,17,2,51,س,15
245,"3,926",هُتَاف,noun,4,D=,Open,2,1,17,2,51,س,15
245,"3,926",تَحَسُّب,noun,4,D=,Open,3,1,17,2,52,س,15
245,"3,926",صِيَاغَة,noun,4,D=,Open,3,1,17,2,52,س,15
245,"3,926",أَوْدَى,verb,4,MSA,Open,2,4,17,2,63,ف,17
245,"3,926",ذِمَّة,noun,5,D~,Open,2,2,17,2,64,ف,17
245,"3,926",فَرْدِيّ,adj,3,D=,Open,2,1,17,2,43,ن,14
245,"3,926",مُضْطَرّ,adj,3,D~,Open,2,2,17,2,46,ن,14
245,"3,926",حَادِث,noun,3,D~,Open,3,2,17,2,47,ن,14
245,"3,926",نُزْهَة,noun,1,D=,Open,2,1,17,2,27,ي,10
245,"3,926",ٱِسْتَسْلَم,verb,1,D=,Open,3,1,17,2,28,ي,10
244,"3,937",دُفْعَة,noun,4,D=,Open,2,1,17,2,51,س,15
244,"3,937",بخيت,noun_prop,4,MSA,Open,2,4,17,2,63,ف,17
244,"3,937",فَرَّغ,verb,4,MSA,Open,2,4,17,2,63,ف,17
244,"3,937",حَفِيد,noun,2,D=,Open,2,1,17,2,35,ل,12
244,"3,937",مَصْرُوف,noun,2,D=,Open,2,1,17,2,35,ل,12
244,"3,937",نَقِيّ,adj,2,D~,Open,2,2,17,2,37,م,13
244,"3,937",خِدَاع,noun,3,D=,Open,2,1,17,2,43,ن,14
244,"3,937",ٱِكْتَسَب,verb,3,D=,Open,3,1,17,2,44,ن,14
244,"3,937",مُشْتَبَه,adj,3,D=,Open,3,1,17,2,44,ن,14
244,"3,937",ذَرَّة,noun,3,D~,Open,2,2,17,2,46,ن,14
244,"3,937",رَاجِع,adj,1,D=,Open,2,1,17,2,27,ي,10
244,"3,937",رَصَاصَة,noun,1,D=,Open,3,1,17,2,28,ي,10
243,"3,949",تَزَايُد,noun,3,D~XP,Open,3,3,17,2,50,س,15
243,"3,949",نَهْب,noun,4,D=,Open,1,1,17,2,50,س,15
243,"3,949",مَعْلَم,noun,4,D=,Open,2,1,17,2,51,س,15
243,"3,949",هَاف,verb,5,MSA,Open,2,4,17,2,74,ص,18
243,"3,949",تَرَاءَى,verb,4,MSA,Open,3,4,17,2,64,ف,17
243,"3,949",مُشَدِّد,adj,4,MSA,Open,3,4,17,2,64,ف,17
243,"3,949",مُجَاهِد,noun_prop,3,D=,Open,3,1,17,2,44,ن,14
242,"3,956",كُلْفَة,noun,4,D=,Open,2,1,17,2,51,س,15
242,"3,956",مُجْمَل,noun,4,D=,Open,2,1,17,2,51,س,15
242,"3,956",مُعْتَمَد,adj,4,D=,Open,3,1,17,2,52,س,15
242,"3,956",وَرِث,verb,4,D~,Open,3,2,17,2,56,ع,16
242,"3,956",مَصْرَع,noun,4,MSA,Open,2,4,17,2,63,ف,17
242,"3,956",حَدَاثَة,noun,4,MSA,Open,3,4,17,2,64,ف,17
242,"3,956",دِفَاعِيّ,adj,4,MSA,Open,3,4,17,2,64,ف,17
242,"3,956",أُنْبُوب,noun,2,D=,Open,2,1,17,2,35,ل,12
242,"3,956",تَغَلُّب,noun,2,D=,Open,3,1,17,2,36,ل,12
242,"3,956",جانِي,noun,3,D=,Open,2,1,17,2,43,ن,14
242,"3,956",كَآبَة,noun,3,D=,Open,2,1,17,2,43,ن,14
242,"3,956",قُطْن,noun,1,D~,Open,1,2,17,2,27,ي,10
241,"3,968",سُخْط,noun,5,MSA,Open,1,4,17,2,73,ص,18
241,"3,968",زُجَاج,noun,1,MSA,Open,2,4,17,2,30,ك,11
241,"3,968",نِسَائِيّ,adj,2,D=,Open,3,1,17,2,36,ل,12
241,"3,968",وَجْه,noun,2,MSA,Open,2,4,17,2,41,م,13
241,"3,968",مُعْتَاد,adj,3,D=,Open,2,1,17,2,43,ن,14
241,"3,968",مَفْرُوض,adj,3,D=,Open,2,1,17,2,43,ن,14
241,"3,968",ٱِنْتِحَار,noun,3,D=,Open,3,1,17,2,44,ن,14
241,"3,968",حَيّ,adj,1,D=,Open,2,1,17,2,27,ي,10
241,"3,968",مَطْبَخ,noun,1,D=,Open,2,1,17,2,27,ي,10
241,"3,968",زَيَّن,verb,1,D=,Open,3,1,17,2,28,ي,10
240,"3,978",أَهَان,verb,3,D~XP,Open,3,3,17,2,50,س,15
240,"3,978",صِفَة,noun,5,MSA,Open,2,4,17,2,74,ص,18
240,"3,978",وَثِيق,adj,5,MSA,Open,2,4,17,2,74,ص,18
240,"3,978",رُقْعَة,noun,4,MSA,Open,2,4,17,2,63,ف,17
240,"3,978",تَأَهَّب,verb,4,MSA,Open,4,4,17,2,65,ف,17
240,"3,978",وازَى,verb,2,D=,Open,2,1,17,2,35,ل,12
240,"3,978",ٱِسْتَجَاب,verb,2,D=,Open,4,1,17,2,37,م,13
240,"3,978",طَاقِم,noun,3,D=,Open,2,1,17,2,43,ن,14
240,"3,978",تَدْرِيبِيّ,adj,3,D=,Open,3,1,17,2,44,ن,14
239,"3,987",مَسْمَع,noun,4,D=,Open,2,1,17,2,51,س,15
239,"3,987",أَضْمَر,verb,5,D=,Open,2,1,17,2,59,ع,16
239,"3,987",أَوْجَب,verb,4,MSA,Open,2,4,17,2,63,ف,17
239,"3,987",ٱِلْتِمَاس,noun,4,MSA,Open,3,4,17,2,64,ف,17
239,"3,987",خَلَّف,verb,4,MSA,Open,3,4,17,2,64,ف,17
239,"3,987",تَصْنِيع,noun,2,D=,Open,2,1,17,2,35,ل,12
239,"3,987",رَكُوب,noun,2,D=,Open,2,1,17,2,35,ل,12
239,"3,987",حَلْي,noun,3,D=,Open,1,1,17,2,42,ن,14
239,"3,987",سَلَك,verb,3,D=,Open,3,1,17,2,44,ن,14
238,"3,996",يُمْنَى,adj,3,D~XP,Open,2,3,17,2,49,س,15
238,"3,996",سَتَّار,noun_prop,4,D=,Open,2,1,17,2,51,س,15
238,"3,996",مَعَاش,noun,4,D=,Open,2,1,17,2,51,س,15
238,"3,996",طِيلَة,noun,3,MSA,Open,2,4,17,2,52,س,15
238,"3,996",تَرْبَوِيّ,adj,3,MSA,Open,3,4,17,2,53,س,15
238,"3,996",أَبْرَق,verb,4,D~XP,Open,2,3,17,2,59,ع,16
238,"3,996",مَظْلِمَة,noun,4,MSA,Open,3,4,17,2,64,ف,17
238,"3,996",ٱِخْتِطَاف,noun,2,D=,Open,3,1,17,2,36,ل,12
238,"3,996",أَبْرَز,verb,3,D=,Open,2,1,17,2,43,ن,14
238,"3,996",مَنْجَم,noun,3,D=,Open,2,1,17,2,43,ن,14
238,"3,996",مُهَدَّد,adj,3,D=,Open,3,1,17,2,44,ن,14
238,"3,996",صِغَر,noun,3,D~,Open,2,2,17,2,46,ن,14
237,"4,008",مِزَاج,noun,4,D=,Open,2,1,17,2,51,س,15
237,"4,008",جَثَا,verb,4,MSA,Open,2,4,17,2,63,ف,17
237,"4,008",ٱِنْعِقَاد,noun,4,MSA,Open,3,4,17,2,64,ف,17
237,"4,008",مُعَاصِر,adj,4,MSA,Open,3,4,17,2,64,ف,17
237,"4,008",قَفَز,verb,1,MSA,Open,3,4,17,2,31,ك,11
237,"4,008",ٱِشْتِرَاك,noun,2,D=,Open,3,1,17,2,36,ل,12
237,"4,008",ضِيَافَة,noun,2,D=,Open,3,1,17,2,36,ل,12
237,"4,008",عَاهَد,verb,3,D=,Open,3,1,17,2,44,ن,14
237,"4,008",فَرِيسَة,noun,3,D=,Open,3,1,17,2,44,ن,14
237,"4,008",غَلِيظ,adj,3,D~,Open,2,2,17,2,46,ن,14
237,"4,008",أَطْوَل,adj_comp,1,D=,Open,2,1,17,2,27,ي,10
237,"4,008",عُصْفُور,noun,1,D=,Open,2,1,17,2,27,ي,10
237,"4,008",مَحْفَظَة,noun,1,D=,Open,3,1,17,2,28,ي,10
236,"4,021",حَالِم,noun,4,D=,Open,2,1,17,2,51,س,15
236,"4,021",مُحَاسَبَة,noun,4,D=,Open,4,1,17,2,53,س,15
236,"4,021",شُورَى,noun,4,MSA,Open,2,4,17,2,63,ف,17
236,"4,021",مَرْجِع,noun,4,MSA,Open,2,4,17,2,63,ف,17
236,"4,021",خَيَّل,verb,4,MSA,Open,3,4,17,2,64,ف,17
236,"4,021",شَدّ,noun,2,D=,Open,1,1,17,2,34,ل,12
236,"4,021",مَصْنُوع,adj,2,D=,Open,2,1,17,2,35,ل,12
236,"4,021",بُقْعَة,noun,2,D~,Open,2,2,17,2,37,م,13
236,"4,021",نَغَم,noun,3,D=,Open,1,1,17,2,42,ن,14
236,"4,021",مُلَاحَقَة,noun,2,MSA,Open,4,4,17,2,43,ن,14
236,"4,021",سَاحِلِيّ,adj,3,D=,Open,3,1,17,2,44,ن,14
236,"4,021",بُطْء,noun,1,D=,Open,1,1,17,2,26,ي,10
236,"4,021",أَسْمَر,adj,1,D=,Open,2,1,17,2,27,ي,10
236,"4,021",عَصَبِيّ,adj,1,D=,Open,3,1,17,2,28,ي,10
236,"4,021",مُصَوِّر,noun,1,D=,Open,3,1,17,2,28,ي,10
235,"4,036",عُزْلَة,noun,4,D=,Open,2,1,17,2,51,س,15
235,"4,036",نَدَر,verb,4,D=,Open,2,1,17,2,51,س,15
235,"4,036",وَثْب,noun,3,MSA,Open,1,4,17,2,51,س,15
235,"4,036",أَنَار,verb,2,D~XP,Open,3,3,17,2,40,م,13
235,"4,036",زِفَاف,noun,2,MSA,Open,2,4,17,2,41,م,13
235,"4,036",صَوَّت,verb,3,D=,Open,3,1,17,2,44,ن,14
235,"4,036",ضَاعَف,verb,3,D=,Open,3,1,17,2,44,ن,14
235,"4,036",دَبُّوس,noun,1,D=,Open,2,1,17,2,27,ي,10
235,"4,036",سَحَب,verb,1,D=,Open,3,1,17,2,28,ي,10
235,"4,036",كَبُر,verb,1,D=,Open,3,1,17,2,28,ي,10
234,"4,046",مَحا,verb,4,D=,Open,2,1,17,2,51,س,15
234,"4,046",نَكْبَة,noun,4,D=,Open,2,1,17,2,51,س,15
234,"4,046",مُرَاعَاة,noun,4,D=,Open,3,1,17,2,52,س,15
234,"4,046",إِقَالَة,noun,4,MSA,Open,3,4,17,2,64,ف,17
234,"4,046",سَاخِن,adj,1,D~XP,Open,2,3,17,2,29,ك,11
234,"4,046",خُصُوصِيَّة,noun,2,D=,Open,4,1,17,2,37,م,13
234,"4,046",إِسْقَاط,noun,2,MSA,Open,2,4,17,2,41,م,13
234,"4,046",عَفَا,verb,3,D=,Open,2,1,17,2,43,ن,14
234,"4,046",وَاعِد,adj,3,D=,Open,2,1,17,2,43,ن,14
234,"4,046",ٱِسْتَشَار,verb,3,D=,Open,4,1,17,2,45,ن,14
234,"4,046",نَبَات,noun,1,D=,Open,2,1,17,2,27,ي,10
233,"4,057",فَخْم,noun,4,D=,Open,1,1,17,2,50,س,15
233,"4,057",مُخَاطَبَة,noun,3,MSA,Open,4,4,17,2,54,س,15
233,"4,057",جُبّ,noun,5,D=,Open,1,1,17,2,58,ع,16
233,"4,057",نَبْل,noun,4,MSA,Open,1,4,17,2,62,ع,16
233,"4,057",أَسَر,verb,3,D=,Open,2,1,17,2,43,ن,14
233,"4,057",ٱِنْسَحَب,verb,3,D=,Open,3,1,17,2,44,ن,14
233,"4,057",جَامِد,adj,1,D=,Open,2,1,17,2,27,ي,10
233,"4,057",تِلَاوَة,noun,1,D=,Open,3,1,17,2,28,ي,10
232,"4,065",مُبَالَغَة,noun,4,D=,Open,4,1,17,2,53,س,15
232,"4,065",مَنْكُود,noun,5,MSA,Open,2,4,17,2,74,ص,18
232,"4,065",قَهْقَه,verb,5,MSA,Open,3,4,17,2,75,ص,18
232,"4,065",أَهْدَر,verb,4,D~XP,Open,2,3,17,2,59,ع,16
232,"4,065",حِزْبِيّ,adj,4,MSA,Open,2,4,17,2,63,ف,17
232,"4,065",مُنْتِج,noun,4,MSA,Open,2,4,17,2,63,ف,17
232,"4,065",مُتَمَثِّل,adj,4,MSA,Open,4,4,17,2,65,ف,17
232,"4,065",ٱِسْمِيّ,adj,3,D=,Open,2,1,17,2,43,ن,14
232,"4,065",مُحِبّ,adj,3,D=,Open,2,1,17,2,43,ن,14
232,"4,065",وَاقِع,noun,3,D=,Open,3,1,17,2,44,ن,14
232,"4,065",نَاعِم,adj,1,D=,Open,2,1,17,2,27,ي,10
231,"4,076",فُطْر,noun,4,D=,Open,1,1,17,2,50,س,15
231,"4,076",خَرْق,noun,4,MSA,Open,1,4,17,2,62,ع,16
231,"4,076",صُلْب,noun,4,MSA,Open,1,4,17,2,62,ع,16
231,"4,076",مَلْحُوظ,adj,4,MSA,Open,2,4,17,2,63,ف,17
231,"4,076",خِرِّيج,noun,2,D=,Open,2,1,17,2,35,ل,12
231,"4,076",عِمْلَاق,noun,2,D=,Open,2,1,17,2,35,ل,12
231,"4,076",تَرْكِيب,noun,1,D=,Open,2,1,17,2,27,ي,10
231,"4,076",حَقِير,noun,1,D=,Open,2,1,17,2,27,ي,10
231,"4,076",رَقِيق,adj,1,D~,Open,2,2,17,2,28,ي,10
231,"4,076",غَرَق,noun,1,D~,Open,2,2,17,2,28,ي,10
231,"4,076",مُنَوَّر,adj,1,D=,Open,3,1,17,2,28,ي,10
230,"4,087",بَدِيعَة,noun,5,MSA,Open,3,4,17,2,75,ص,18
230,"4,087",هَيْكَلَة,noun,5,MSA,Open,3,4,17,2,75,ص,18
230,"4,087",غُرَّة,noun,5,D=,Open,2,1,17,2,59,ع,16
230,"4,087",جَأْش,noun,4,MSA,Open,1,4,17,2,62,ع,16
230,"4,087",بُعْد,noun,4,MSA,Open,2,4,17,2,63,ف,17
230,"4,087",ٱِنْبِعَاث,noun,4,MSA,Open,3,4,17,2,64,ف,17
230,"4,087",تَصْدِيق,noun,2,D~,Open,2,2,17,2,37,م,13
230,"4,087",ٱِنْفِعَال,noun,3,D=,Open,3,1,17,2,44,ن,14
230,"4,087",طَارَد,verb,3,D=,Open,3,1,17,2,44,ن,14
230,"4,087",قَرَوِيّ,adj,3,D=,Open,3,1,17,2,44,ن,14
230,"4,087",ثَرِيّ,adj,3,D~,Open,2,2,17,2,46,ن,14
230,"4,087",عُشّ,noun,1,D=,Open,1,1,17,2,26,ي,10
229,"4,099",نَضِر,noun,4,D=,Open,2,1,17,2,51,س,15
229,"4,099",إِبْصَار,noun,3,MSA,Open,2,4,17,2,52,س,15
229,"4,099",بَايَع,verb,4,D=,Open,3,1,17,2,52,س,15
229,"4,099",غَمَر,verb,4,D=,Open,3,1,17,2,52,س,15
229,"4,099",تَسَنَّى,verb,4,MSA,Open,2,4,17,2,63,ف,17
229,"4,099",قَبَلِيّ,adj,4,MSA,Open,2,4,17,2,63,ف,17
229,"4,099",غَرَابَة,noun,2,D=,Open,3,1,17,2,36,ل,12
229,"4,099",تَخَطَّى,verb,3,D=,Open,2,1,17,2,43,ن,14
229,"4,099",تَصْنِيف,noun,3,D=,Open,2,1,17,2,43,ن,14
229,"4,099",نَمّ,verb,3,D=,Open,2,1,17,2,43,ن,14
229,"4,099",وَلَاء,noun,3,D=,Open,2,1,17,2,43,ن,14
229,"4,099",دَعْم,noun,3,D=,Open,3,1,17,2,44,ن,14
229,"4,099",سَجَن,verb,1,D=,Open,3,1,17,2,28,ي,10
228,"4,112",مَزَاد,noun,4,D=,Open,2,1,17,2,51,س,15
228,"4,112",خَلَف,noun_prop,4,D=,Open,3,1,17,2,52,س,15
228,"4,112",خَلْفِيّ,adj,3,MSA,Open,2,4,17,2,52,س,15
228,"4,112",نَاجِي,noun_prop,5,MSA,Open,2,4,17,2,74,ص,18
228,"4,112",مُتَفَرِّق,adj,4,D~,Open,4,2,17,2,57,ع,16
228,"4,112",بلاط,noun_prop,4,MSA,Open,2,4,17,2,63,ف,17
228,"4,112",ٱِنْدِلَاع,noun,4,MSA,Open,3,4,17,2,64,ف,17
228,"4,112",تَحَكُّم,noun,2,D=,Open,3,1,17,2,36,ل,12
228,"4,112",إِعَاقَة,noun,2,MSA,Open,3,4,17,2,42,ن,14
228,"4,112",تَكَوَّن,verb,2,MSA,Open,3,4,17,2,42,ن,14
228,"4,112",كَيْل,noun,3,D=,Open,1,1,17,2,42,ن,14
228,"4,112",بَالِي,noun_prop,3,D=,Open,2,1,17,2,43,ن,14
228,"4,112",حَصَد,verb,3,D=,Open,3,1,17,2,44,ن,14
228,"4,112",دِيَانَة,noun,3,D=,Open,3,1,17,2,44,ن,14
228,"4,112",مُنْتَظِر,noun,3,D~,Open,3,2,17,2,47,ن,14
228,"4,112",أَجَّل,verb,1,D=,Open,2,1,17,2,27,ي,10
228,"4,112",بَدِين,noun,1,D=,Open,2,1,17,2,27,ي,10
227,"4,129",تَعْطِيل,noun,4,D=,Open,2,1,18,2,52,س,15
227,"4,129",بال,noun_prop,3,MSA,Open,2,4,18,2,53,س,15
227,"4,129",عُبُور,noun,3,MSA,Open,2,4,18,2,53,س,15
227,"4,129",مَاشِيَة,noun,4,D=,Open,3,1,18,2,53,س,15
227,"4,129",وُجُوب,noun,4,MSA,Open,2,4,18,2,64,ف,17
227,"4,129",تَحَدُّث,noun,1,MSA,Open,3,4,18,2,32,ك,11
227,"4,129",إِهْمَال,noun,2,D=,Open,2,1,18,2,36,ل,12
227,"4,129",مَيَّز,verb,2,D=,Open,3,1,18,2,37,م,13
227,"4,129",أَحْمَق,adj,2,MSA,Open,2,4,18,2,42,ن,14
227,"4,129",تَارِك,adj,3,D=,Open,2,1,18,2,44,ن,14
227,"4,129",هَنْدَسَة,noun,3,D=,Open,3,1,18,2,45,ن,14
226,"4,140",فَرَج,noun,4,D=,Open,1,1,18,2,51,س,15
226,"4,140",حَدّ,verb,4,D=,Open,2,1,18,2,52,س,15
226,"4,140",وَقَى,verb,3,MSA,Open,2,4,18,2,53,س,15
226,"4,140",مُتَطَرِّف,noun,4,D=,Open,4,1,18,2,54,س,15
226,"4,140",وَدَّع,verb,4,MSA,Open,1,4,18,2,63,ف,17
226,"4,140",سِمَة,noun,4,MSA,Open,2,4,18,2,64,ف,17
226,"4,140",قَرْصَنَة,noun,4,MSA,Open,3,4,18,2,65,ف,17
226,"4,140",فَاكِهَة,noun,1,D=,Open,3,1,18,2,29,ك,11
226,"4,140",مِيدَالِيَة,noun,1,D=,Open,4,1,18,2,30,ك,11
226,"4,140",مِشْيَة,noun,2,D=,Open,2,1,18,2,36,ل,12
226,"4,140",نَوْعِيَّة,noun,2,D=,Open,3,1,18,2,37,م,13
226,"4,140",جَلَب,verb,2,MSA,Open,3,4,18,2,43,ن,14
226,"4,140",إِلْحَاح,noun,3,D=,Open,2,1,18,2,44,ن,14
226,"4,140",بَدِيل,adj,3,D=,Open,2,1,18,2,44,ن,14
226,"4,140",تَكَلَّف,verb,3,D=,Open,2,1,18,2,44,ن,14
226,"4,140",شَبِيه,adj,3,D=,Open,2,1,18,2,44,ن,14
226,"4,140",تَجَاهَل,verb,3,D=,Open,3,1,18,2,45,ن,14
226,"4,140",صَحَفِيّ,noun,3,D=,Open,3,1,18,2,45,ن,14
226,"4,140",مَحْسَنَة,noun,3,D=,Open,3,1,18,2,45,ن,14
226,"4,140",سَدّ,verb,1,D=,Open,2,1,18,2,28,ي,10
226,"4,140",كَبِير,noun,1,D=,Open,2,1,18,2,28,ي,10
225,"4,161",جُغْرَافِيّ,adj,3,MSA,Open,3,4,18,2,54,س,15
225,"4,161",قَدْح,noun,5,MSA,Open,1,4,18,2,74,ص,18
225,"4,161",ٱِنْقَبَض,verb,4,D~,Open,3,2,18,2,57,ع,16
225,"4,161",إِحْلَال,noun,4,MSA,Open,2,4,18,2,64,ف,17
225,"4,161",قَدَم,noun,4,MSA,Open,2,4,18,2,64,ف,17
225,"4,161",ٱِسْتَوْقَف,verb,4,MSA,Open,3,4,18,2,65,ف,17
225,"4,161",جُمْهُور,noun,4,MSA,Open,4,4,18,2,66,ف,17
225,"4,161",تَفَاؤُل,noun,2,D=,Open,3,1,18,2,37,م,13
225,"4,161",دَقّ,noun,2,D~,Open,1,2,18,2,37,م,13
225,"4,161",عَائِلِيّ,adj,2,D=,Open,3,1,18,2,37,م,13
225,"4,161",خَادِم,noun,3,D=,Open,2,1,18,2,44,ن,14
225,"4,161",رِيفِيّ,adj,3,D=,Open,2,1,18,2,44,ن,14
225,"4,161",لَبَّى,verb,3,D=,Open,2,1,18,2,44,ن,14
224,"4,174",رَاعِي,noun,4,D=,Open,2,1,18,2,52,س,15
224,"4,174",ٱِنْفِتَاح,noun,4,D=,Open,3,1,18,2,53,س,15
224,"4,174",كَفَل,verb,4,D=,Open,3,1,18,2,53,س,15
224,"4,174",عَبَّد,verb,5,D=,Open,3,1,18,2,61,ع,16
224,"4,174",تَقْنِيّ,noun,4,MSA,Open,2,4,18,2,64,ف,17
224,"4,174",راغِب,adj,4,MSA,Open,2,4,18,2,64,ف,17
224,"4,174",مِيثَاق,noun,4,MSA,Open,2,4,18,2,64,ف,17
224,"4,174",مُقْتَرَح,adj,4,MSA,Open,3,4,18,2,65,ف,17
224,"4,174",تَبْرِير,noun,2,D=,Open,2,1,18,2,36,ل,12
224,"4,174",حَرَّض,verb,2,D=,Open,3,1,18,2,37,م,13
224,"4,174",مُطَارَدَة,noun,2,D=,Open,4,1,18,2,38,م,13
224,"4,174",تَغْذِيَة,noun,2,D~,Open,3,2,18,2,39,م,13
224,"4,174",سِيرَة,noun,3,D=,Open,2,1,18,2,44,ن,14
224,"4,174",عِنَاد,noun,3,D=,Open,2,1,18,2,44,ن,14
224,"4,174",مَتْعَبَة,noun,3,D=,Open,3,1,18,2,45,ن,14
224,"4,174",ثَمَر,noun,3,D~,Open,2,2,18,2,47,ن,14
223,"4,190",مُعْجِزَة,noun,4,D=,Open,3,1,18,2,53,س,15
223,"4,190",أَثْقَل,verb,4,D~XP,Open,2,3,18,2,60,ع,16
223,"4,190",مُنْطَلَق,noun,5,MSA,Open,3,4,18,2,76,ق,19
223,"4,190",دَفْن,noun,2,D=,Open,1,1,18,2,35,ل,12
223,"4,190",فَرِيضَة,noun,2,D=,Open,3,1,18,2,37,م,13
223,"4,190",مُمَرِّض,noun,2,D=,Open,3,1,18,2,37,م,13
223,"4,190",خَاطِف,adj,3,D=,Open,2,1,18,2,44,ن,14
223,"4,190",مُخْلِص,adj,3,D=,Open,2,1,18,2,44,ن,14
223,"4,190",دَمَوِيّ,adj,3,D=,Open,3,1,18,2,45,ن,14
223,"4,190",قَوِي,verb,3,D~,Open,2,2,18,2,47,ن,14
223,"4,190",حِسّ,noun,1,D=,Open,1,1,18,2,27,ي,10
222,"4,201",إِذَاً,adv,4,D~,Closed,2,2,18,1,52,س,15
222,"4,201",شَيْخُوخَة,noun,4,D=,Open,3,1,18,2,53,س,15
222,"4,201",صَوْتِيّ,adj,3,MSA,Open,2,4,18,2,53,س,15
222,"4,201",بلي,noun_prop,5,MSA,Open,2,4,18,2,75,ص,18
222,"4,201",تَرَجَّل,verb,4,MSA,Open,2,4,18,2,64,ف,17
222,"4,201",مُحَرِّك,noun,4,MSA,Open,2,4,18,2,64,ف,17
222,"4,201",وَافَى,verb,4,MSA,Open,2,4,18,2,64,ف,17
222,"4,201",مُقْفَل,adj,1,D~XP,Open,2,3,18,2,30,ك,11
222,"4,201",غَيْب,noun,3,D=,Open,1,1,18,2,43,ن,14
222,"4,201",خَطَأ,noun,3,D=,Open,2,1,18,2,44,ن,14
222,"4,201",رَبَّى,verb,1,D=,Open,2,1,18,2,28,ي,10
222,"4,201",صَرْخَة,noun,1,D=,Open,2,1,18,2,28,ي,10
221,"4,213",زَفْرَة,noun,4,D=,Open,2,1,18,2,52,س,15
221,"4,213",ٱِسْتِبْدَاد,noun,3,MSA,Open,3,4,18,2,54,س,15
221,"4,213",سَاذِج,adj,4,D~,Open,2,2,18,2,56,ع,16
221,"4,213",جَلِيّ,adj,4,MSA,Open,2,4,18,2,64,ف,17
221,"4,213",رُكُود,noun,4,MSA,Open,2,4,18,2,64,ف,17
221,"4,213",ٱِسْتِنَاد,noun,4,MSA,Open,3,4,18,2,65,ف,17
221,"4,213",بَسَالَة,noun,4,MSA,Open,3,4,18,2,65,ف,17
221,"4,213",سَرِيَّة,noun,5,MSA,Open,3,4,18,2,76,ق,19
221,"4,213",صُوَّة,noun,5,CA,Open,2,5,18,2,80,ق,19
221,"4,213",خَفَّض,verb,1,D=,Open,3,1,18,2,29,ك,11
221,"4,213",مِظَلَّة,noun,2,D~,Open,3,2,18,2,39,م,13
221,"4,213",وَفَّق,verb,2,D~,Open,3,2,18,2,39,م,13
221,"4,213",رَيّ,noun,3,D=,Open,1,1,18,2,43,ن,14
221,"4,213",طَعْنَة,noun,3,D=,Open,2,1,18,2,44,ن,14
221,"4,213",طَلْعَة,noun,3,D=,Open,2,1,18,2,44,ن,14
220,"4,228",عَرِيق,adj,4,D=,Open,2,1,18,2,52,س,15
220,"4,228",فَطَن,verb,4,D=,Open,3,1,18,2,53,س,15
220,"4,228",ٱِسْتِحْقَاق,noun,3,MSA,Open,3,4,18,2,54,س,15
220,"4,228",مَنَى,verb,5,MSA,Open,2,4,18,2,75,ص,18
220,"4,228",عَزْل,noun,4,MSA,Open,1,4,18,2,63,ف,17
220,"4,228",خَافِت,adj,4,MSA,Open,2,4,18,2,64,ف,17
220,"4,228",سِيجَارَة,noun,1,D=,Open,3,1,18,2,29,ك,11
220,"4,228",ثَمَانُون,noun_num,1,D~,Closed,4,2,18,1,30,ك,11
220,"4,228",ٱِنْشِغَال,noun,2,D=,Open,3,1,18,2,37,م,13
220,"4,228",مَدْعُوم,adj,3,D=,Open,2,1,18,2,44,ن,14
220,"4,228",أُوبِرا,noun,3,D=,Open,3,1,18,2,45,ن,14
220,"4,228",تَفَاعُل,noun,3,D=,Open,3,1,18,2,45,ن,14
220,"4,228",سَمَك,noun,1,D=,Open,1,1,18,2,27,ي,10
220,"4,228",قُفْل,noun,1,D~,Open,1,2,18,2,28,ي,10
220,"4,228",قِنَاع,noun,1,D=,Open,2,1,18,2,28,ي,10
219,"4,243",وَصِيفَة,noun,4,D=,Open,3,1,18,2,53,س,15
219,"4,243",دَاجِن,noun,5,MSA,Open,2,4,18,2,75,ص,18
219,"4,243",ٱِعْتِصَام,noun,4,MSA,Open,3,4,18,2,65,ف,17
219,"4,243",مُجَدِّد,noun,4,MSA,Open,3,4,18,2,65,ف,17
219,"4,243",تَصاعَد,verb,4,MSA,Open,4,4,18,2,66,ف,17
219,"4,243",مُتَوَسِّطِيّ,adj,4,MSA,Open,5,4,18,2,67,ف,17
219,"4,243",قَلِق,verb,1,D~,Open,3,2,18,2,30,ك,11
219,"4,243",مَسْجُون,noun,2,D=,Open,2,1,18,2,36,ل,12
219,"4,243",أُسْطُوَانَة,noun,2,D=,Open,4,1,18,2,38,م,13
219,"4,243",أَغْلَبِيّ,adj,2,D=,Open,4,1,18,2,38,م,13
219,"4,243",تَرَتَّب,verb,3,D=,Open,2,1,18,2,44,ن,14
219,"4,243",ٱِمْتِيَاز,noun,3,D=,Open,3,1,18,2,45,ن,14
219,"4,243",سِكِّين,noun,1,D=,Open,2,1,18,2,28,ي,10
219,"4,243",مُهْتَمّ,adj,1,D=,Open,2,1,18,2,28,ي,10
218,"4,257",إِغْرَاء,noun,4,D=,Open,2,1,18,2,52,س,15
218,"4,257",حَازِم,noun_prop,4,D=,Open,2,1,18,2,52,س,15
218,"4,257",خَاضِع,adj,4,D=,Open,2,1,18,2,52,س,15
218,"4,257",لُغَة,noun,4,MSA,Open,2,4,18,2,64,ف,17
218,"4,257",مَائِت,adj,5,D~,Open,2,2,18,2,65,ف,17
218,"4,257",مُرَحِّب,noun,4,MSA,Open,3,4,18,2,65,ف,17
218,"4,257",مَحَلَّة,noun,5,MSA,Open,3,4,18,2,76,ق,19
218,"4,257",غَضِب,verb,1,D=,Open,3,1,18,2,29,ك,11
218,"4,257",جَبَّار,noun_prop,2,D=,Open,2,1,18,2,36,ل,12
218,"4,257",صَارِم,adj,3,D=,Open,2,1,18,2,44,ن,14
218,"4,257",عَرْضِيّ,adj,3,D=,Open,2,1,18,2,44,ن,14
217,"4,268",شَاقّ,noun,3,MSA,Open,1,4,18,2,52,س,15
217,"4,268",ٱِرْتِقَاء,noun,3,MSA,Open,3,4,18,2,54,س,15
217,"4,268",آخَذ,verb,4,D~,Open,2,2,18,2,56,ع,16
217,"4,268",مَعَادِي,noun_prop,4,MSA,Open,3,4,18,2,65,ف,17
217,"4,268",مُسْتَهْدَف,adj,5,MSA,Open,3,4,18,2,76,ق,19
217,"4,268",دِهْقان,noun,5,CA,Open,2,5,18,2,80,ق,19
217,"4,268",جَمَّد,verb,1,D=,Open,3,1,18,2,29,ك,11
217,"4,268",تَأَخُّر,noun,1,D~XP,Open,3,3,18,2,31,ك,11
217,"4,268",أَعَزّ,adj_comp,2,D=,Open,2,1,18,2,36,ل,12
217,"4,268",خَرَاب,noun,2,D=,Open,2,1,18,2,36,ل,12
217,"4,268",مَمْلُوء,adj,2,D~XP,Open,2,3,18,2,40,م,13
217,"4,268",سَوْط,noun,3,D=,Open,1,1,18,2,43,ن,14
217,"4,268",مَار,noun_prop,3,D=,Open,1,1,18,2,43,ن,14
217,"4,268",مُعَدّ,adj,3,D=,Open,1,1,18,2,43,ن,14
217,"4,268",تَرْخِيص,noun,3,D=,Open,2,1,18,2,44,ن,14
217,"4,268",ٱِحْتَال,verb,3,D=,Open,3,1,18,2,45,ن,14
216,"4,284",دَسّ,verb,4,D=,Open,2,1,18,2,52,س,15
216,"4,284",سُيُولَة,noun,4,D=,Open,3,1,18,2,53,س,15
216,"4,284",أَفَل,verb,5,MSA,Open,2,4,18,2,75,ص,18
216,"4,284",مَأْمُون,noun_prop,5,D=,Open,2,1,18,2,60,ع,16
216,"4,284",مَلْأَك,noun,5,D=,Open,2,1,18,2,60,ع,16
216,"4,284",بَهَت,verb,5,D=,Open,3,1,18,2,61,ع,16
216,"4,284",تَطَلُّع,noun,4,MSA,Open,3,4,18,2,65,ف,17
216,"4,284",قَلَّل,verb,1,D~,Open,3,2,18,2,30,ك,11
216,"4,284",أَلَّف,verb,2,D=,Open,2,1,18,2,36,ل,12
216,"4,284",مَوْلِد,noun,2,D=,Open,2,1,18,2,36,ل,12
216,"4,284",مُتَرَدِّد,adj,2,D=,Open,4,1,18,2,38,م,13
216,"4,284",ٱِنْتِظَام,noun,2,D~,Open,3,2,18,2,39,م,13
216,"4,284",تَنَفَّس,verb,1,D=,Open,2,1,18,2,28,ي,10
216,"4,284",رَوْضَة,noun,1,D=,Open,2,1,18,2,28,ي,10
215,"4,298",غَد,noun,3,MSA,Closed,2,4,18,1,50,س,15
215,"4,298",تَزْوِيد,noun,3,MSA,Open,2,4,18,2,53,س,15
215,"4,298",خَالِي,adj,5,D=,Open,2,1,18,2,60,ع,16
215,"4,298",تَشْدِيد,noun,4,MSA,Open,2,4,18,2,64,ف,17
215,"4,298",مُفَاعِل,noun,5,MSA,Open,3,4,18,2,76,ق,19
215,"4,298",أُضْحِيَّة,noun,2,D=,Open,3,1,18,2,37,م,13
215,"4,298",فَخّ,noun,3,D=,Open,1,1,18,2,43,ن,14
215,"4,298",أُمِّيّ,adj,3,D=,Open,2,1,18,2,44,ن,14
215,"4,298",غَفْلَة,noun,3,D=,Open,2,1,18,2,44,ن,14
215,"4,298",حَارَة,noun,1,D=,Open,2,1,18,2,28,ي,10
215,"4,298",ذَبْح,noun,1,D~,Open,1,2,18,2,28,ي,10
214,"4,309",مَتِين,adj,4,D=,Open,2,1,18,2,52,س,15
214,"4,309",إِرْضَاء,noun,3,MSA,Open,2,4,18,2,53,س,15
214,"4,309",ثُلاثِيّ,adj,3,MSA,Open,3,4,18,2,54,س,15
214,"4,309",جَلّ,noun,5,MSA,Open,1,4,18,2,74,ص,18
214,"4,309",دُفْعَة,noun,5,D=,Open,2,1,18,2,60,ع,16
214,"4,309",مَانِح,noun,4,MSA,Open,2,4,18,2,64,ف,17
214,"4,309",ٱِنْدِمَاج,noun,4,MSA,Open,3,4,18,2,65,ف,17
214,"4,309",تَعَاقُد,noun,4,MSA,Open,3,4,18,2,65,ف,17
214,"4,309",مُقَيَّد,adj,4,MSA,Open,3,4,18,2,65,ف,17
214,"4,309",رُخْصَة,noun,3,D=,Open,2,1,18,2,44,ن,14
214,"4,309",أَقَلِّيَّة,noun,3,D=,Open,4,1,18,2,46,ن,14
214,"4,309",صُبْح,noun,1,D=,Open,1,1,18,2,27,ي,10
214,"4,309",تَجْمِيد,noun,1,D=,Open,2,1,18,2,28,ي,10
213,"4,322",عَقْلِيّ,adj,3,MSA,Open,2,4,18,2,53,س,15
213,"4,322",مُجَامَلَة,noun,4,D=,Open,4,1,18,2,54,س,15
213,"4,322",هَرَمِيّ,adj,3,MSA,Open,3,4,18,2,54,س,15
213,"4,322",طَائِل,adj,5,MSA,Open,2,4,18,2,75,ص,18
213,"4,322",أَمَة,noun,4,MSA,Open,2,4,18,2,64,ف,17
213,"4,322",زِمَام,noun,4,MSA,Open,2,4,18,2,64,ف,17
213,"4,322",تِلِفُون,noun,1,D=,Open,3,1,18,2,29,ك,11
213,"4,322",مَزْح,noun,2,D=,Open,1,1,18,2,35,ل,12
213,"4,322",جِذْر,noun,2,D~,Open,1,2,18,2,37,م,13
213,"4,322",تَنَقُّل,noun,2,D~,Open,3,2,18,2,39,م,13
213,"4,322",هَدْم,noun,3,D=,Open,1,1,18,2,43,ن,14
213,"4,322",بَلْهَ,noun,3,D=,Open,2,1,18,2,44,ن,14
213,"4,322",أَجْمَع,verb,3,D=,Open,2,1,18,2,44,ن,14
213,"4,322",تَعْقِيد,noun,3,D=,Open,2,1,18,2,44,ن,14
213,"4,322",فَاسِد,adj,3,D=,Open,2,1,18,2,44,ن,14
213,"4,322",أَعْمَى,adj,1,D=,Open,2,1,18,2,28,ي,10
213,"4,322",غَالِيّ,noun,1,D=,Open,2,1,18,2,28,ي,10
213,"4,322",مَعِدَة,noun,1,D=,Open,2,1,18,2,28,ي,10
212,"4,340",قُدَّاس,noun,5,D=,Open,2,1,18,2,60,ع,16
212,"4,340",مُصْغِي,adj,4,MSA,Open,2,4,18,2,64,ف,17
212,"4,340",ٱِئْتِلَاف,noun,4,MSA,Open,3,4,18,2,65,ف,17
212,"4,340",تَوْسِعَة,noun,4,MSA,Open,3,4,18,2,65,ف,17
212,"4,340",حَلُو,verb,4,MSA,Open,3,4,18,2,65,ف,17
212,"4,340",عَالِق,adj,5,D~,Open,2,2,18,2,65,ف,17
212,"4,340",مِصْدَاقِيَّة,noun,4,MSA,Open,4,4,18,2,66,ف,17
212,"4,340",مُسْتَخْدَم,adj,1,D=,Open,3,1,18,2,29,ك,11
212,"4,340",أَرَاح,verb,2,D~XP,Open,3,3,18,2,41,م,13
212,"4,340",تَيَسَّر,verb,3,D=,Open,2,1,18,2,44,ن,14
212,"4,340",مَجْهُول,noun,3,D=,Open,2,1,18,2,44,ن,14
212,"4,340",صَمَّم,verb,3,D=,Open,3,1,18,2,45,ن,14
212,"4,340",مُساعِد,adj,3,D=,Open,3,1,18,2,45,ن,14
212,"4,340",حَيَوَان,noun,3,D=,Open,4,1,18,2,46,ن,14
212,"4,340",رُزّ,noun,1,D=,Open,1,1,18,2,27,ي,10
212,"4,340",مِيم,noun,1,D=,Open,1,1,18,2,27,ي,10
212,"4,340",تَأَلَّم,verb,1,D=,Open,2,1,18,2,28,ي,10
211,"4,357",بولي,noun_prop,3,MSA,Open,2,4,18,2,53,س,15
211,"4,357",عِلَاوَة,noun,4,D=,Open,3,1,18,2,53,س,15
211,"4,357",مَأْرِب,noun_prop,5,MSA,Open,2,4,18,2,75,ص,18
211,"4,357",ٱِسْتَقْدَم,verb,4,MSA,Open,3,4,18,2,65,ف,17
211,"4,357",كِيمِيَائِيّ,adj,4,MSA,Open,4,4,18,2,66,ف,17
211,"4,357",اللَّٰهُمَّ,interj,1,D=,Open,4,1,18,2,30,ك,11
211,"4,357",رَزَق,verb,2,D~,Open,3,2,18,2,39,م,13
211,"4,357",أَجَنْدَة,noun,2,MSA,Open,3,4,18,2,43,ن,14
211,"4,357",رِهَان,noun,3,D=,Open,2,1,18,2,44,ن,14
211,"4,357",ثَقْب,noun,3,D~,Open,1,2,18,2,46,ن,14
210,"4,367",مُقَابِل,noun,3,D~,Open,3,2,18,2,48,س,15
210,"4,367",قَلَق,noun,3,D~XP,Open,2,3,18,2,50,س,15
210,"4,367",لُبّ,noun,4,D=,Open,1,1,18,2,51,س,15
210,"4,367",مَشْرُوع,adj,4,D=,Open,2,1,18,2,52,س,15
210,"4,367",تَشَاوُر,noun,4,D=,Open,3,1,18,2,53,س,15
210,"4,367",تَعَثَّر,verb,3,MSA,Open,2,4,18,2,53,س,15
210,"4,367",مُنَظِّم,noun,4,D=,Open,3,1,18,2,53,س,15
210,"4,367",رَدّ,noun,5,MSA,Open,2,4,18,2,75,ص,18
210,"4,367",نَشِط,adj,4,D~XP,Open,2,3,18,2,60,ع,16
210,"4,367",شَدّ,verb,4,MSA,Open,2,4,18,2,64,ف,17
210,"4,367",نِضَال,noun_prop,4,MSA,Open,2,4,18,2,64,ف,17
210,"4,367",أَغْمَض,verb,1,D~XP,Open,2,3,18,2,30,ك,11
210,"4,367",حُرْمَة,noun,2,D=,Open,2,1,18,2,36,ل,12
210,"4,367",إِحْضَار,noun,2,MSA,Open,2,4,18,2,42,ن,14
210,"4,367",غِنَاء,noun,2,MSA,Open,3,4,18,2,43,ن,14
210,"4,367",حَافِز,noun,3,D=,Open,2,1,18,2,44,ن,14
210,"4,367",فِيل,noun,1,D=,Open,1,1,18,2,27,ي,10
210,"4,367",حَسَّاس,adj,1,D=,Open,2,1,18,2,28,ي,10
209,"4,385",نَبِيذ,noun,3,D~,Open,2,2,19,2,48,س,15
209,"4,385",حَسْرَة,noun,4,D=,Open,2,1,19,2,53,س,15
209,"4,385",دَوَام,noun,4,D=,Open,2,1,19,2,53,س,15
209,"4,385",ٱِنْفَتَح,verb,4,D=,Open,3,1,19,2,54,س,15
209,"4,385",قَمْع,noun,5,MSA,Open,1,4,19,2,75,ص,18
209,"4,385",خَارِطَة,noun,3,MSA,Open,3,4,19,2,55,ع,16
209,"4,385",ٱِسْتِيرَاد,noun,4,MSA,Open,3,4,19,2,66,ف,17
209,"4,385",حَزَن,verb,1,D~XP,Open,2,3,19,2,31,ك,11
209,"4,385",مُكَالَمَة,noun,1,D=,Open,4,1,19,2,31,ك,11
209,"4,385",تَسْدِيدَة,noun,2,D=,Open,3,1,19,2,38,م,13
209,"4,385",نَفِد,verb,3,D=,Open,2,1,19,2,45,ن,14
209,"4,385",طُمْأَنِينَة,noun,3,D=,Open,4,1,19,2,47,ن,14
209,"4,385",عَدّ,noun,1,D=,Open,1,1,19,2,28,ي,10
208,"4,398",رَقِيب,noun,4,D=,Open,2,1,19,2,53,س,15
208,"4,398",رُبَاعِيّ,adj,3,MSA,Open,3,4,19,2,55,ع,16
208,"4,398",أُسْطُول,noun,4,MSA,Open,2,4,19,2,65,ف,17
208,"4,398",تَأَهُّب,noun,4,MSA,Open,3,4,19,2,66,ف,17
208,"4,398",سَهْرَة,noun,1,D=,Open,2,1,19,2,29,ك,11
208,"4,398",فَظِيع,adj,1,D~,Open,2,2,19,2,30,ك,11
208,"4,398",لُؤْلُؤ,noun,2,D~,Open,2,2,19,2,39,م,13
208,"4,398",أَسْمَنْت,noun,3,D=,Open,2,1,19,2,45,ن,14
208,"4,398",إِحْبَاط,noun,3,D=,Open,2,1,19,2,45,ن,14
207,"4,407",تَرَقَّب,verb,3,D~,Open,2,2,19,2,48,س,15
207,"4,407",ٱِسْتَغَاث,verb,3,D~,Open,4,2,19,2,50,س,15
207,"4,407",يَدَوِيّ,adj,4,D=,Open,3,1,19,2,54,س,15
207,"4,407",جَسِيم,adj,4,MSA,Open,2,4,19,2,65,ف,17
207,"4,407",كَوْنِيّ,adj,4,MSA,Open,2,4,19,2,65,ف,17
207,"4,407",ٱِمْتِثَال,noun,4,MSA,Open,3,4,19,2,66,ف,17
207,"4,407",تَوَغُّل,noun,4,MSA,Open,3,4,19,2,66,ف,17
207,"4,407",تَصَرَّف,verb,1,D=,Open,2,1,19,2,29,ك,11
207,"4,407",مُتَكَرِّر,adj,2,D=,Open,4,1,19,2,39,م,13
207,"4,407",صِهْر,noun,3,D=,Open,1,1,19,2,44,ن,14
207,"4,407",تَظَاهَر,verb,3,D=,Open,3,1,19,2,46,ن,14
207,"4,407",حَسِب,verb,3,D=,Open,3,1,19,2,46,ن,14
207,"4,407",مُرَاهِق,noun,3,D=,Open,3,1,19,2,46,ن,14
207,"4,407",زِرّ,noun,1,D=,Open,1,1,19,2,28,ي,10
206,"4,421",فَائِت,adj,3,D~,Open,2,2,19,2,48,س,15
206,"4,421",مِقْيَاس,noun,3,D~,Open,2,2,19,2,48,س,15
206,"4,421",حَاصِل,adj,4,D=,Open,2,1,19,2,53,س,15
206,"4,421",مَلْمُوس,adj,4,D=,Open,2,1,19,2,53,س,15
206,"4,421",أَمْلَى,verb,3,MSA,Open,2,4,19,2,54,س,15
206,"4,421",غُلّ,noun,5,MSA,Open,1,4,19,2,75,ص,18
206,"4,421",ٱِشْتِغَال,noun,3,MSA,Open,3,4,19,2,55,ع,16
206,"4,421",رُوَيْد,noun,4,MSA,Open,2,4,19,2,65,ف,17
206,"4,421",مُصْطَلَح,noun,4,MSA,Open,3,4,19,2,66,ف,17
206,"4,421",إِكْلِيل,noun,5,MSA,Open,2,4,19,2,76,ق,19
206,"4,421",زَائِد,noun,1,D~,Open,2,2,19,2,30,ك,11
206,"4,421",وِسَادَة,noun,1,MSA,Open,3,4,19,2,33,ل,12
206,"4,421",هُنَّ,pron,2,D=,Closed,2,1,19,1,35,ل,12
206,"4,421",كَهْف,noun,2,D=,Open,1,1,19,2,36,ل,12
206,"4,421",قَاطِع,adj,2,D~,Open,2,2,19,2,39,م,13
206,"4,421",تَأَلَّف,verb,3,D=,Open,2,1,19,2,45,ن,14
206,"4,421",تَمْتَم,verb,3,D=,Open,2,1,19,2,45,ن,14
206,"4,421",جَلّ,verb,3,D=,Open,2,1,19,2,45,ن,14
206,"4,421",طَالِع,adj,3,D=,Open,2,1,19,2,45,ن,14
206,"4,421",رِجْل,noun,1,D=,Open,1,1,19,2,28,ي,10
205,"4,441",أَنِين,noun,4,D=,Open,2,1,19,2,53,س,15
205,"4,441",وَارِد,noun,4,D=,Open,2,1,19,2,53,س,15
205,"4,441",وَشْك,noun,3,MSA,Open,1,4,19,2,53,س,15
205,"4,441",ٱِمْتِنَاع,noun,4,D=,Open,3,1,19,2,54,س,15
205,"4,441",مَشُورَة,noun,4,D=,Open,3,1,19,2,54,س,15
205,"4,441",ٱِسْتِدْعَاء,noun,3,MSA,Open,3,4,19,2,55,ع,16
205,"4,441",تَعَلُّق,noun,3,MSA,Open,3,4,19,2,55,ع,16
205,"4,441",نُصْب,noun,4,MSA,Open,1,4,19,2,64,ف,17
205,"4,441",مُعْطَى,noun,4,MSA,Open,2,4,19,2,65,ف,17
205,"4,441",ٱِتِّفَاق,noun,4,MSA,Open,4,4,19,2,67,ف,17
205,"4,441",خَرِيف,noun,1,D=,Open,2,1,19,2,29,ك,11
205,"4,441",وَاجِهَة,noun,3,D=,Open,3,1,19,2,46,ن,14
205,"4,441",مُغَامَرَة,noun,3,D=,Open,4,1,19,2,47,ن,14
204,"4,454",غُسْل,noun,4,D=,Open,1,1,19,2,52,س,15
204,"4,454",سَحْنَة,noun,4,D=,Open,2,1,19,2,53,س,15
204,"4,454",غُرْبَة,noun,4,D=,Open,2,1,19,2,53,س,15
204,"4,454",ٱِخْتِصَاص,noun,4,D=,Open,3,1,19,2,54,س,15
204,"4,454",مَزَّق,verb,3,MSA,Open,3,4,19,2,55,ع,16
204,"4,454",ذُرْوَة,noun,4,D~,Open,2,2,19,2,57,ع,16
204,"4,454",سَذَاجَة,noun,4,D~,Open,3,2,19,2,58,ع,16
204,"4,454",حَرَاك,noun,4,MSA,Open,2,4,19,2,65,ف,17
204,"4,454",آنِسَة,noun,1,D=,Open,3,1,19,2,30,ك,11
204,"4,454",خَنَق,verb,1,D~,Open,3,2,19,2,31,ك,11
204,"4,454",الساوية,noun_prop,2,D=,Open,2,1,19,2,37,م,13
204,"4,454",نَتَج,verb,2,D=,Open,3,1,19,2,38,م,13
204,"4,454",ظَلَم,verb,2,D~,Open,3,2,19,2,40,م,13
204,"4,454",ٱِسْتِعَانَة,noun,3,D=,Open,4,1,19,2,47,ن,14
203,"4,468",طَفِيف,adj,4,MSA,Open,2,4,19,2,65,ف,17
203,"4,468",حَنَق,noun,5,MSA,Open,2,4,19,2,76,ق,19
203,"4,468",حَوْزَة,noun,5,MSA,Open,2,4,19,2,76,ق,19
203,"4,468",بَرْق,noun,1,D~,Open,1,2,19,2,29,ك,11
203,"4,468",جَهْد,noun,2,D=,Open,1,1,19,2,36,ل,12
203,"4,468",مَهْل,noun,2,D=,Open,1,1,19,2,36,ل,12
203,"4,468",طَاب,verb,2,D=,Open,2,1,19,2,37,م,13
203,"4,468",طَالِع,adj,2,D=,Open,2,1,19,2,37,م,13
203,"4,468",فَخْر,noun,3,D=,Open,1,1,19,2,44,ن,14
203,"4,468",تَوْضِيح,noun,3,D=,Open,2,1,19,2,45,ن,14
203,"4,468",تَدْرِيجِيّ,adj,3,D=,Open,3,1,19,2,46,ن,14
203,"4,468",ٱِحْتِيَاط,noun,3,D=,Open,4,1,19,2,47,ن,14
202,"4,480",مَذْعُور,adj,3,D~,Open,2,2,19,2,48,س,15
202,"4,480",ٱِفْتَقَد,verb,3,D~,Open,3,2,19,2,49,س,15
202,"4,480",حَصْر,noun,4,D=,Open,1,1,19,2,52,س,15
202,"4,480",ٱِتِّحَادِيّ,adj,4,MSA,Open,4,4,19,2,67,ف,17
202,"4,480",خَمَّار,noun,5,MSA,Open,2,4,19,2,76,ق,19
202,"4,480",هَيام,noun,5,MSA,Open,2,4,19,2,76,ق,19
202,"4,480",عَلَى,noun,1,D=,Open,2,1,19,2,29,ك,11
202,"4,480",مَكْر,noun,2,D=,Open,1,1,19,2,36,ل,12
202,"4,480",مَجْهُود,noun,2,D=,Open,2,1,19,2,37,م,13
202,"4,480",حَذِر,adj,2,D~,Open,2,2,19,2,39,م,13
202,"4,480",كَابِل,noun,2,MSA,Open,2,4,19,2,43,ن,14
202,"4,480",أَمَام,noun,2,MSA,Open,3,4,19,2,44,ن,14
202,"4,480",صَارُوخِيّ,adj,2,MSA,Open,3,4,19,2,44,ن,14
202,"4,480",لَعْنَة,noun,3,D=,Open,2,1,19,2,45,ن,14
202,"4,480",ٱِنْفِصَال,noun,3,D=,Open,3,1,19,2,46,ن,14
202,"4,480",مُحَقِّق,noun,3,D=,Open,3,1,19,2,46,ن,14
202,"4,480",طَعْم,noun,1,D=,Open,1,1,19,2,28,ي,10
201,"4,497",تَقَلُّب,noun,4,D=,Open,3,1,19,2,54,س,15
201,"4,497",تَرِكَة,noun,5,D=,Open,2,1,19,2,61,ع,16
201,"4,497",إِرْسَاء,noun,4,MSA,Open,2,4,19,2,65,ف,17
201,"4,497",حَنَّة,noun,5,MSA,Open,2,4,19,2,76,ق,19
201,"4,497",برُوتُوكُول,noun,5,MSA,Open,3,4,19,2,77,ق,19
201,"4,497",مُنَاهِض,noun,5,MSA,Open,3,4,19,2,77,ق,19
201,"4,497",تَقْلِيل,noun,1,D~,Open,2,2,19,2,30,ك,11
201,"4,497",قَلَّد,verb,1,D~,Open,3,2,19,2,31,ك,11
201,"4,497",قَرَع,verb,2,MSA,Open,3,4,19,2,44,ن,14
201,"4,497",تَرَكَّز,verb,3,D=,Open,2,1,19,2,45,ن,14
201,"4,497",عَشْوَائِيّ,adj,3,D=,Open,3,1,19,2,46,ن,14
201,"4,497",مُصَادَفَة,noun,3,D=,Open,4,1,19,2,47,ن,14
201,"4,497",بَغْل,noun,1,D=,Open,1,1,19,2,28,ي,10
200,"4,510",قَطُّ,adv,3,MSA,Closed,1,4,19,1,50,س,15
200,"4,510",قُبْح,noun,3,MSA,Open,1,4,19,2,53,س,15
200,"4,510",الزاهرة,noun_prop,4,MSA,Open,2,4,19,2,65,ف,17
200,"4,510",سَلّ,verb,4,MSA,Open,2,4,19,2,65,ف,17
200,"4,510",وَثِيق,adj,4,MSA,Open,2,4,19,2,65,ف,17
200,"4,510",تَنَكَّر,verb,1,D=,Open,2,1,19,2,29,ك,11
200,"4,510",لُقْمَة,noun,1,D~,Open,2,2,19,2,30,ك,11
200,"4,510",مَاذَا,pron_rel,1,MSA,Closed,2,4,19,1,31,ك,11
200,"4,510",سِجِلّ,noun,2,D=,Open,2,1,19,2,37,م,13
200,"4,510",مُرَبِّي,noun,2,D=,Open,2,1,19,2,37,م,13
200,"4,510",مُرَتَّب,noun,2,D=,Open,3,1,19,2,38,م,13
200,"4,510",صَفَاء,noun_prop,3,D=,Open,2,1,19,2,45,ن,14
200,"4,510",خَطِيئَة,noun,3,D=,Open,3,1,19,2,46,ن,14
199,"4,523",آمِر,noun,4,D=,Open,1,1,19,2,52,س,15
199,"4,523",حَمِيم,noun,4,D=,Open,2,1,19,2,53,س,15
199,"4,523",جَمْع,noun,3,MSA,Open,2,4,19,2,54,س,15
199,"4,523",عَيْنِيّ,adj,3,MSA,Open,2,4,19,2,54,س,15
199,"4,523",مُفاوِض,noun,4,D=,Open,3,1,19,2,54,س,15
199,"4,523",مُحَاضَرَة,noun,4,D=,Open,4,1,19,2,55,ع,16
199,"4,523",أَعْرَض,verb,4,MSA,Open,2,4,19,2,65,ف,17
199,"4,523",نَاشَد,verb,4,MSA,Open,3,4,19,2,66,ف,17
199,"4,523",حُسَام,noun_prop,5,MSA,Open,2,4,19,2,76,ق,19
199,"4,523",كَلِيم,noun,5,MSA,Open,2,4,19,2,76,ق,19
199,"4,523",أَكَمَة,noun,5,MSA,Open,3,4,19,2,77,ق,19
199,"4,523",قَيْرَوَان,noun_prop,5,MSA,Open,3,4,19,2,77,ق,19
199,"4,523",مُهْلَة,noun,3,D=,Open,2,1,19,2,45,ن,14
199,"4,523",وَحْشَة,noun,3,D=,Open,2,1,19,2,45,ن,14
199,"4,523",ٱِحْتِيَال,noun,3,D=,Open,3,1,19,2,46,ن,14
199,"4,523",ٱِسْتَأْجَر,verb,3,D=,Open,3,1,19,2,46,ن,14
199,"4,523",ٱِقْتِنَاع,noun,3,D=,Open,3,1,19,2,46,ن,14
199,"4,523",إِرْث,noun,3,D~,Open,1,2,19,2,47,ن,14
198,"4,541",بَسْط,noun,4,D=,Open,1,1,19,2,52,س,15
198,"4,541",مُمْتَدّ,adj,4,D=,Open,2,1,19,2,53,س,15
198,"4,541",مَنْفَى,noun,4,D=,Open,2,1,19,2,53,س,15
198,"4,541",وَطْأَة,noun,4,MSA,Open,2,4,19,2,65,ف,17
198,"4,541",كَامِن,adj,5,MSA,Open,2,4,19,2,76,ق,19
198,"4,541",أَغْلَبِيّ,adj,5,MSA,Open,3,4,19,2,77,ق,19
198,"4,541",غِلَاف,noun,1,D=,Open,2,1,19,2,29,ك,11
198,"4,541",كِفَايَة,noun,1,D=,Open,3,1,19,2,30,ك,11
198,"4,541",هَزَم,verb,1,D=,Open,3,1,19,2,30,ك,11
198,"4,541",ٱِخْتِفَاء,noun,2,D=,Open,3,1,19,2,38,م,13
198,"4,541",ٱِسْتِضَافَة,noun,2,D=,Open,4,1,19,2,39,م,13
198,"4,541",جَلِيل,adj,3,D=,Open,2,1,19,2,45,ن,14
198,"4,541",خَلَل,noun,3,D=,Open,2,1,19,2,45,ن,14
198,"4,541",خَلِيج,noun,3,D=,Open,2,1,19,2,45,ن,14
198,"4,541",دِعَايَة,noun,3,D=,Open,3,1,19,2,46,ن,14
198,"4,541",قَوْس,noun,1,D=,Open,1,1,19,2,28,ي,10
197,"4,557",كَرَز,noun,4,D=,Open,1,1,19,2,52,س,15
197,"4,557",تَخَلَّف,verb,4,D=,Open,2,1,19,2,53,س,15
197,"4,557",هَجَر,verb,4,D=,Open,3,1,19,2,54,س,15
197,"4,557",ظُنُون,noun,4,D~,Open,2,2,19,2,57,ع,16
197,"4,557",خُلُوّ,noun,4,MSA,Open,1,4,19,2,64,ف,17
197,"4,557",أَعْقَب,verb,4,MSA,Open,2,4,19,2,65,ف,17
197,"4,557",قَوِيّ,adj,5,MSA,Open,2,4,19,2,76,ق,19
197,"4,557",رَافِع,adj,1,D=,Open,2,1,19,2,29,ك,11
197,"4,557",فَتْحَة,noun,1,D=,Open,2,1,19,2,29,ك,11
197,"4,557",زَوَال,noun,2,D=,Open,2,1,19,2,37,م,13
197,"4,557",خَزَّان,noun,2,D=,Open,3,1,19,2,38,م,13
197,"4,557",مُنْفَصِل,adj,2,D=,Open,3,1,19,2,38,م,13
197,"4,557",عُمْر,noun,3,D=,Open,2,1,19,2,45,ن,14
197,"4,557",ٱِسْتَقَلّ,verb,3,D=,Open,3,1,19,2,46,ن,14
197,"4,557",تَوْعِيَة,noun,3,D=,Open,3,1,19,2,46,ن,14
197,"4,557",عَلَنِيّ,adj,3,D=,Open,3,1,19,2,46,ن,14
197,"4,557",مُتَوَاضِع,adj,3,D=,Open,4,1,19,2,47,ن,14
196,"4,574",شُغْل,noun,4,D=,Open,1,1,19,2,52,س,15
196,"4,574",فَضّ,noun,5,MSA,Open,1,4,19,2,75,ص,18
196,"4,574",تَدَفُّق,noun,3,MSA,Open,3,4,19,2,55,ع,16
196,"4,574",مَأْخَذ,noun,4,D~,Open,2,2,19,2,57,ع,16
196,"4,574",مَبْعُوث,noun,4,D~,Open,2,2,19,2,57,ع,16
196,"4,574",كَثَافَة,noun,4,D~,Open,3,2,19,2,58,ع,16
196,"4,574",تَأْشِير,noun,5,D=,Open,2,1,19,2,61,ع,16
196,"4,574",لَقِي,verb,4,MSA,Open,2,4,19,2,65,ف,17
196,"4,574",راق,verb,5,D~,Open,2,2,19,2,66,ف,17
196,"4,574",هِيَاج,noun,5,MSA,Open,2,4,19,2,76,ق,19
196,"4,574",حَسَد,noun,1,D=,Open,2,1,19,2,29,ك,11
196,"4,574",قَمْح,noun,1,D~,Open,1,2,19,2,29,ك,11
196,"4,574",نُعَاس,noun,1,D=,Open,2,1,19,2,29,ك,11
196,"4,574",ٱِخْتَبَأ,verb,1,D~XP,Open,3,3,19,2,32,ك,11
196,"4,574",جَحِيم,noun,2,D=,Open,2,1,19,2,37,م,13
196,"4,574",عَدَل,verb,2,D=,Open,3,1,19,2,38,م,13
196,"4,574",رَفِيقَة,noun,2,D~,Open,3,2,19,2,40,م,13
196,"4,574",أَصْلَح,verb,2,D~XP,Open,2,3,19,2,41,م,13
196,"4,574",زَوْجِيّ,adj,2,MSA,Open,2,4,19,2,43,ن,14
196,"4,574",عَوَّض,verb,3,D=,Open,3,1,19,2,46,ن,14
195,"4,594",عَشِيق,noun,3,D~,Open,2,2,19,2,48,س,15
195,"4,594",مُعَقَّد,adj,3,D~,Open,3,2,19,2,49,س,15
195,"4,594",فَتْك,noun,4,D=,Open,1,1,19,2,52,س,15
195,"4,594",أَمّ,verb,4,D=,Open,2,1,19,2,53,س,15
195,"4,594",شَبّ,verb,4,D=,Open,2,1,19,2,53,س,15
195,"4,594",عَدَّل,verb,4,D=,Open,3,1,19,2,54,س,15
195,"4,594",أَحْسَن,verb,1,D=,Open,2,1,19,2,29,ك,11
195,"4,594",ٱِصْطَدَم,verb,2,D=,Open,3,1,19,2,38,م,13
195,"4,594",مُتَفَجِّر,adj,2,D=,Open,4,1,19,2,39,م,13
195,"4,594",نَفْي,noun,3,D=,Open,1,1,19,2,44,ن,14
195,"4,594",أَبَدِيّ,adj,3,D=,Open,3,1,19,2,46,ن,14
195,"4,594",ٱِنْعِكَاس,noun,3,D=,Open,3,1,19,2,46,ن,14
195,"4,594",صَحْرَاوِيّ,adj,3,D=,Open,3,1,19,2,46,ن,14
195,"4,594",ٱِقْتِصَادِيّ,adj,3,D=,Open,4,1,19,2,47,ن,14
194,"4,608",خَاطَب,verb,4,D=,Open,2,1,19,2,53,س,15
194,"4,608",تِلِغرَاف,noun,5,D=,Open,3,1,19,2,62,ع,16
194,"4,608",أَكْبَر,verb,4,MSA,Open,2,4,19,2,65,ف,17
194,"4,608",حَدَّاد,noun_prop,1,D=,Open,2,1,19,2,29,ك,11
194,"4,608",قَوِيّ,adj,1,D~,Open,2,2,19,2,30,ك,11
194,"4,608",كَسَر,verb,1,D=,Open,3,1,19,2,30,ك,11
194,"4,608",أَهْمَل,verb,2,D=,Open,2,1,19,2,37,م,13
194,"4,608",نَقْش,noun,2,D~,Open,1,2,19,2,38,م,13
194,"4,608",قَبِيح,adj,2,MSA,Open,2,4,19,2,43,ن,14
194,"4,608",ٱِبْتِدَاء,noun,2,MSA,Open,3,4,19,2,44,ن,14
194,"4,608",رَشَّح,verb,3,D=,Open,3,1,19,2,46,ن,14
193,"4,619",مَثِيل,noun,3,D~,Open,2,2,19,2,48,س,15
193,"4,619",إِصْغَاء,noun,3,MSA,Open,2,4,19,2,54,س,15
193,"4,619",بَاشَر,verb,4,D=,Open,3,1,19,2,54,س,15
193,"4,619",جَاوَز,verb,4,D=,Open,3,1,19,2,54,س,15
193,"4,619",مَهَّد,verb,4,D=,Open,3,1,19,2,54,س,15
193,"4,619",ٱِسْتَرَدّ,verb,3,MSA,Open,3,4,19,2,55,ع,16
193,"4,619",عُقْدَة,noun,4,D~,Open,2,2,19,2,57,ع,16
193,"4,619",رالِي,noun,5,MSA,Open,2,4,19,2,76,ق,19
193,"4,619",جَدُر,verb,5,MSA,Open,3,4,19,2,77,ق,19
193,"4,619",حُقُوقِيّ,adj,5,MSA,Open,3,4,19,2,77,ق,19
193,"4,619",بِطْرِيق,noun,1,D=,Open,2,1,19,2,29,ك,11
193,"4,619",تَرْحِيب,noun,1,D=,Open,2,1,19,2,29,ك,11
193,"4,619",حَسَنَة,noun,1,D=,Open,3,1,19,2,30,ك,11
193,"4,619",مُتَزَوِّج,adj,1,D=,Open,4,1,19,2,31,ك,11
193,"4,619",وَحْشِيّ,adj,2,D=,Open,2,1,19,2,37,م,13
193,"4,619",تَحَمُّل,noun,2,D=,Open,3,1,19,2,38,م,13
193,"4,619",مُكَوَّن,adj,2,D=,Open,3,1,19,2,38,م,13
193,"4,619",مِنْ,prep,2,MSA,Closed,1,4,19,1,40,م,13
193,"4,619",ٱِنْكَشَف,verb,3,D=,Open,3,1,19,2,46,ن,14
192,"4,638",جِنَايَة,noun,4,D=,Open,3,1,20,2,55,ع,16
192,"4,638",كَنّ,verb,5,D=,Open,1,1,20,2,61,ع,16
192,"4,638",بُغْيَة,noun,4,MSA,Open,2,4,20,2,66,ف,17
192,"4,638",غِبْطَة,noun,4,MSA,Open,2,4,20,2,66,ف,17
192,"4,638",قَاطِع,adj,4,MSA,Open,2,4,20,2,66,ف,17
192,"4,638",ضَجِيج,noun,2,D=,Open,2,1,20,2,38,م,13
192,"4,638",مُصَلِّي,noun,2,D=,Open,3,1,20,2,39,م,13
192,"4,638",بَهِج,noun,3,D=,Open,2,1,20,2,46,ن,14
191,"4,646",ٱِسْتِطَاعَة,noun,3,D=,Open,4,1,20,2,48,س,15
191,"4,646",ضِيَاء,noun_prop,3,D~XP,Open,2,3,20,2,52,س,15
191,"4,646",تَدَفَّق,verb,3,MSA,Open,2,4,20,2,55,ع,16
191,"4,646",عَادِيّ,adj,5,D=,Open,2,1,20,2,62,ع,16
191,"4,646",بَسَم,verb,4,D~XP,Open,3,3,20,2,63,ف,17
191,"4,646",مَحْظُور,adj,4,MSA,Open,2,4,20,2,66,ف,17
191,"4,646",فَاعِلِيَّة,noun,4,MSA,Open,4,4,20,2,68,ف,17
191,"4,646",طَوْق,noun,1,D~XP,Open,1,3,20,2,31,ك,11
191,"4,646",لَمَع,verb,1,D=,Open,3,1,20,2,31,ك,11
191,"4,646",عُرْس,noun,2,D=,Open,1,1,20,2,37,م,13
191,"4,646",لُغْز,noun,2,D=,Open,1,1,20,2,37,م,13
191,"4,646",سُنَّة,noun,2,D=,Open,2,1,20,2,38,م,13
191,"4,646",فَزَع,noun,2,D=,Open,2,1,20,2,38,م,13
191,"4,646",هَانِم,noun,2,D=,Open,2,1,20,2,38,م,13
191,"4,646",مُتَفَرِّج,noun,2,D=,Open,4,1,20,2,40,م,13
191,"4,646",فَتْوَى,noun,3,D=,Open,2,1,20,2,46,ن,14
191,"4,646",نَاتِج,noun,3,D=,Open,2,1,20,2,46,ن,14
190,"4,663",فِقْدَان,noun,3,MSA,Open,2,4,20,2,55,ع,16
190,"4,663",مُوَقَّت,adj,4,D~,Open,3,2,20,2,59,ع,16
190,"4,663",أَبْرَم,verb,4,MSA,Open,2,4,20,2,66,ف,17
190,"4,663",أَرْجَأ,verb,4,MSA,Open,2,4,20,2,66,ف,17
190,"4,663",مُنْتَهَى,noun,4,MSA,Open,3,4,20,2,67,ف,17
190,"4,663",نَاقِلَة,noun,4,MSA,Open,3,4,20,2,67,ف,17
190,"4,663",ٱِنْفِصالِيّ,adj,4,MSA,Open,4,4,20,2,68,ف,17
190,"4,663",أُسّ,noun,5,MSA,Open,1,4,20,2,76,ق,19
190,"4,663",عَاتِق,noun,5,MSA,Open,2,4,20,2,77,ق,19
190,"4,663",أَرِيكَة,noun,1,D=,Open,3,1,20,2,31,ك,11
190,"4,663",أَحَبّ,adj_comp,1,D~XP,Open,2,3,20,2,32,ك,11
190,"4,663",مُحْزِن,adj,2,D=,Open,2,1,20,2,38,م,13
190,"4,663",آخِرَة,noun,2,D=,Open,3,1,20,2,39,م,13
190,"4,663",حَطَّم,verb,2,D=,Open,3,1,20,2,39,م,13
190,"4,663",أَفْلَت,verb,2,D~XP,Open,2,3,20,2,42,ن,14
190,"4,663",أَخَصّ,adj_comp,3,D=,Open,2,1,20,2,46,ن,14
190,"4,663",غُمُوض,noun,3,D=,Open,2,1,20,2,46,ن,14
190,"4,663",مَنَام,noun,3,D=,Open,2,1,20,2,46,ن,14
190,"4,663",شَبَابِيّ,adj,3,D=,Open,3,1,20,2,47,ن,14
190,"4,663",قَافِل,noun,3,D=,Open,3,1,20,2,47,ن,14
190,"4,663",مُؤَجَّل,adj,3,D=,Open,3,1,20,2,47,ن,14
189,"4,684",حَيْثُمَا,adv_rel,3,MSA,Closed,3,4,20,1,53,س,15
189,"4,684",غَمّ,noun,4,D=,Open,1,1,20,2,53,س,15
189,"4,684",تَعْدَاد,noun,3,MSA,Open,2,4,20,2,55,ع,16
189,"4,684",ٱِبْتَغَى,verb,4,MSA,Open,3,4,20,2,67,ف,17
189,"4,684",تَلَقِّي,noun,4,MSA,Open,3,4,20,2,67,ف,17
189,"4,684",قَرِينَة,noun,4,MSA,Open,3,4,20,2,67,ف,17
189,"4,684",سَراي,noun,5,MSA,Open,2,4,20,2,77,ق,19
189,"4,684",أَضْعَف,adj_comp,1,D=,Open,2,1,20,2,30,ك,11
189,"4,684",مَسَك,verb,1,D=,Open,3,1,20,2,31,ك,11
189,"4,684",صَاعِد,noun,3,D=,Open,2,1,20,2,46,ن,14
189,"4,684",ٱِحْتَجَز,verb,3,D=,Open,3,1,20,2,47,ن,14
189,"4,684",عَجَّل,verb,3,D=,Open,3,1,20,2,47,ن,14
189,"4,684",هَرْوَل,verb,3,D=,Open,3,1,20,2,47,ن,14
188,"4,697",جَفَاء,noun,4,D=,Open,2,1,20,2,54,س,15
188,"4,697",شَعْبِيَّة,noun,4,D=,Open,3,1,20,2,55,ع,16
188,"4,697",بَدَنِيّ,adj,3,MSA,Open,3,4,20,2,56,ع,16
188,"4,697",هَيِّن,noun,5,D=,Open,1,1,20,2,61,ع,16
188,"4,697",أَقْصَى,verb,4,MSA,Open,2,4,20,2,66,ف,17
188,"4,697",أَسَف,noun,4,MSA,Open,3,4,20,2,67,ف,17
188,"4,697",أَطَاح,verb,4,MSA,Open,3,4,20,2,67,ف,17
188,"4,697",نَظَرِيّ,adj,4,MSA,Open,3,4,20,2,67,ف,17
188,"4,697",مُعَادَلَة,noun,4,MSA,Open,4,4,20,2,68,ف,17
188,"4,697",بَيْعَة,noun,5,MSA,Open,2,4,20,2,77,ق,19
188,"4,697",دَجَاج,noun,1,D=,Open,2,1,20,2,30,ك,11
188,"4,697",مُزْعِج,adj,1,D=,Open,2,1,20,2,30,ك,11
188,"4,697",زَوَّد,verb,1,D=,Open,3,1,20,2,31,ك,11
188,"4,697",سَرَح,verb,1,D=,Open,3,1,20,2,31,ك,11
188,"4,697",رِئَة,noun,2,D=,Open,2,1,20,2,38,م,13
187,"4,712",بَرَّأ,verb,4,D=,Open,2,1,20,2,54,س,15
187,"4,712",فَدَّان,noun,4,D=,Open,2,1,20,2,54,س,15
187,"4,712",وَهْلَة,noun,4,D=,Open,2,1,20,2,54,س,15
187,"4,712",ٱِقْشَعَرّ,verb,4,D~XP,Open,3,3,20,2,63,ف,17
187,"4,712",رِيبَة,noun,4,MSA,Open,2,4,20,2,66,ف,17
187,"4,712",أَشَاع,verb,4,MSA,Open,3,4,20,2,67,ف,17
187,"4,712",ٱِلْتَحَق,verb,4,MSA,Open,3,4,20,2,67,ف,17
187,"4,712",إِحَالَة,noun,4,MSA,Open,3,4,20,2,67,ف,17
187,"4,712",تَهْيِئَة,noun,4,MSA,Open,3,4,20,2,67,ف,17
187,"4,712",مُحْدِق,adj,5,MSA,Open,2,4,20,2,77,ق,19
187,"4,712",مُعْتَصِم,noun,5,MSA,Open,3,4,20,2,78,ق,19
187,"4,712",جِنّ,noun,1,D=,Open,1,1,20,2,29,ك,11
187,"4,712",تَصْحِيح,noun,1,D=,Open,2,1,20,2,30,ك,11
187,"4,712",نَمِر,noun,1,D=,Open,2,1,20,2,30,ك,11
187,"4,712",جَرَّب,verb,1,D=,Open,3,1,20,2,31,ك,11
187,"4,712",زَرَع,verb,1,D=,Open,3,1,20,2,31,ك,11
187,"4,712",سِتَارَة,noun,1,MSA,Open,3,4,20,2,34,ل,12
187,"4,712",صَمَت,verb,2,MSA,Open,2,4,20,2,44,ن,14
187,"4,712",كَمّ,noun,3,D=,Open,1,1,20,2,45,ن,14
187,"4,712",بَرَاعَة,noun,3,D=,Open,3,1,20,2,47,ن,14
187,"4,712",فَحَص,verb,3,D=,Open,3,1,20,2,47,ن,14
187,"4,712",مُجْتَمِع,adj,3,D=,Open,3,1,20,2,47,ن,14
186,"4,734",تَبْع,noun,4,D=,Open,2,1,20,2,54,س,15
186,"4,734",مُسْتَقِرّ,adj,4,D=,Open,3,1,20,2,55,ع,16
186,"4,734",مُسْرِع,adj,3,MSA,Open,2,4,20,2,55,ع,16
186,"4,734",جَلَّاد,noun,5,D=,Open,2,1,20,2,62,ع,16
186,"4,734",تَشَاغَل,verb,5,D=,Open,3,1,20,2,63,ف,17
186,"4,734",أَسْنَد,verb,4,MSA,Open,2,4,20,2,66,ف,17
186,"4,734",إِيصَال,noun,4,MSA,Open,2,4,20,2,66,ف,17
186,"4,734",نَاشِئ,noun,4,MSA,Open,2,4,20,2,66,ف,17
186,"4,734",صَادِق,noun_prop,5,D~,Open,3,2,20,2,68,ف,17
186,"4,734",جِدَّة,noun_prop,5,MSA,Open,2,4,20,2,77,ق,19
186,"4,734",ٱِسْتَمْتَع,verb,1,D=,Open,3,1,20,2,31,ك,11
186,"4,734",عَارِف,noun_prop,2,D=,Open,2,1,20,2,38,م,13
186,"4,734",مانع,noun_prop,2,D=,Open,2,1,20,2,38,م,13
186,"4,734",سَرَطَان,noun,2,D=,Open,3,1,20,2,39,م,13
186,"4,734",حَنِين,noun,3,D=,Open,2,1,20,2,46,ن,14
186,"4,734",مُحْتَوَى,noun,3,D=,Open,3,1,20,2,47,ن,14
185,"4,750",ذَخِيرَة,noun,3,D~,Open,3,2,20,2,50,س,15
185,"4,750",كَيْد,noun,4,D=,Open,1,1,20,2,53,س,15
185,"4,750",حَسَم,verb,4,D=,Open,3,1,20,2,55,ع,16
185,"4,750",مُصَدِّر,adj,4,D=,Open,3,1,20,2,55,ع,16
185,"4,750",غَصّ,verb,5,D=,Open,2,1,20,2,62,ع,16
185,"4,750",كَهْل,noun,4,MSA,Open,1,4,20,2,65,ف,17
185,"4,750",مُرْتَقَب,adj,4,MSA,Open,3,4,20,2,67,ف,17
185,"4,750",مُرَصَّع,adj,4,MSA,Open,3,4,20,2,67,ف,17
185,"4,750",فُوه,noun,5,MSA,Open,1,4,20,2,76,ق,19
185,"4,750",شَاخِص,adj,5,MSA,Open,2,4,20,2,77,ق,19
185,"4,750",كَرّ,verb,5,MSA,Open,2,4,20,2,77,ق,19
185,"4,750",تُرْبَة,noun,1,D=,Open,2,1,20,2,30,ك,11
185,"4,750",لَعَن,verb,2,D=,Open,2,1,20,2,38,م,13
185,"4,750",ٱِجْتَهَد,verb,2,D=,Open,3,1,20,2,39,م,13
185,"4,750",أَصْدَق,adj_comp,2,D~,Open,2,2,20,2,40,م,13
185,"4,750",مُتَطَوِّر,adj,2,D=,Open,4,1,20,2,40,م,13
185,"4,750",كِفَاح,noun,3,D=,Open,2,1,20,2,46,ن,14
185,"4,750",مَعْلُوم,adj,3,D=,Open,2,1,20,2,46,ن,14
185,"4,750",سَمَاوِيّ,adj,3,D=,Open,3,1,20,2,47,ن,14
184,"4,769",آنَذَاك,adv,3,MSA,Closed,3,4,20,1,53,س,15
184,"4,769",ضِلْع,noun,4,D=,Open,1,1,20,2,53,س,15
184,"4,769",نَهْض,noun,4,D=,Open,1,1,20,2,53,س,15
184,"4,769",مَرْأَى,noun,4,MSA,Open,2,4,20,2,66,ف,17
184,"4,769",نَاجِم,adj,4,MSA,Open,2,4,20,2,66,ف,17
184,"4,769",ٱِسْتَوْجَب,verb,4,MSA,Open,3,4,20,2,67,ف,17
184,"4,769",مُتَأَثِّر,adj,5,D~,Open,4,2,20,2,69,ف,17
184,"4,769",سَاحِر,noun,1,D=,Open,2,1,20,2,30,ك,11
184,"4,769",فِضِّيّ,adj,1,D=,Open,2,1,20,2,30,ك,11
184,"4,769",وِسَام,noun,2,D=,Open,2,1,20,2,38,م,13
184,"4,769",وِقَايَة,noun,2,D=,Open,3,1,20,2,39,م,13
183,"4,780",جِدَال,noun,4,D=,Open,2,1,20,2,54,س,15
183,"4,780",تَعَذَّر,verb,3,MSA,Open,2,4,20,2,55,ع,16
183,"4,780",جَالِيَة,noun,4,D=,Open,3,1,20,2,55,ع,16
183,"4,780",شَكَّك,verb,4,D=,Open,3,1,20,2,55,ع,16
183,"4,780",مُجَدَّد,adj,3,MSA,Open,3,4,20,2,56,ع,16
183,"4,780",فَائِض,noun,4,D~,Open,2,2,20,2,58,ع,16
183,"4,780",نَزْعَة,noun,5,D=,Open,2,1,20,2,62,ع,16
183,"4,780",إِخْفَاق,noun,4,MSA,Open,2,4,20,2,66,ف,17
183,"4,780",ٱِنْعَقَد,verb,4,MSA,Open,3,4,20,2,67,ف,17
183,"4,780",حقب,noun,5,MSA,Open,1,4,20,2,76,ق,19
183,"4,780",جَنّ,verb,5,MSA,Open,2,4,20,2,77,ق,19
183,"4,780",مُحْدَث,adj,5,MSA,Open,2,4,20,2,77,ق,19
183,"4,780",ٱِمْتَقَع,verb,5,MSA,Open,3,4,20,2,78,ق,19
183,"4,780",رَافِض,adj,1,D=,Open,2,1,20,2,30,ك,11
183,"4,780",أَزْرَق,adj,1,D~,Open,2,2,20,2,31,ك,11
183,"4,780",حَارّ,adj,1,MSA,Open,1,4,20,2,32,ك,11
183,"4,780",تَنَكُّر,noun,2,D=,Open,3,1,20,2,39,م,13
183,"4,780",مُشَارِك,noun,2,D=,Open,3,1,20,2,39,م,13
183,"4,780",باهِر,adj,3,D=,Open,2,1,20,2,46,ن,14
182,"4,799",مَسْلَك,noun,4,D=,Open,2,1,20,2,54,س,15
182,"4,799",نَهَب,verb,4,D=,Open,2,1,20,2,54,س,15
182,"4,799",دَامِي,adj,3,MSA,Open,2,4,20,2,55,ع,16
182,"4,799",مُقَاوِل,noun,4,D~,Open,3,2,20,2,59,ع,16
182,"4,799",يِن,noun,5,D=,Open,1,1,20,2,61,ع,16
182,"4,799",نَذْر,noun,5,D~,Open,1,2,20,2,66,ف,17
182,"4,799",أَنَى,noun,5,MSA,Open,2,4,20,2,77,ق,19
182,"4,799",عَرَّاب,noun,5,MSA,Open,2,4,20,2,77,ق,19
182,"4,799",عِطْر,noun,1,D=,Open,1,1,20,2,29,ك,11
182,"4,799",بَيَاض,noun,1,D=,Open,2,1,20,2,30,ك,11
182,"4,799",أُسْطُورَة,noun,2,D=,Open,3,1,20,2,39,م,13
182,"4,799",مُلْقَى,adj,2,MSA,Open,2,4,20,2,44,ن,14
182,"4,799",حَيْز,noun,3,D=,Open,1,1,20,2,45,ن,14
182,"4,799",بَصِير,noun,3,D=,Open,2,1,20,2,46,ن,14
181,"4,813",عَتِيق,adj,4,D~,Open,2,2,20,2,58,ع,16
181,"4,813",عَنَان,noun_prop,4,MSA,Open,2,4,20,2,66,ف,17
181,"4,813",تَنْمَوِيّ,adj,4,MSA,Open,3,4,20,2,67,ف,17
181,"4,813",تَوَسَّم,verb,4,MSA,Open,3,4,20,2,67,ف,17
181,"4,813",مُتَطَلِّب,noun,4,MSA,Open,4,4,20,2,68,ف,17
181,"4,813",مُضَاعَفَة,noun,4,MSA,Open,4,4,20,2,68,ف,17
181,"4,813",مُصَادَقَة,noun,5,MSA,Open,4,4,20,2,79,ق,19
181,"4,813",تَعَجَّب,verb,1,D=,Open,2,1,20,2,30,ك,11
181,"4,813",أَرْضِيَّة,noun,1,D=,Open,3,1,20,2,31,ك,11
181,"4,813",أَقْصَر,adj_comp,1,D~,Open,2,2,20,2,31,ك,11
181,"4,813",أَنَى,noun,2,MSA,Open,2,4,20,2,44,ن,14
181,"4,813",تَيْسِير,noun,3,D=,Open,2,1,20,2,46,ن,14
181,"4,813",غفران,noun_prop,3,D=,Open,2,1,20,2,46,ن,14
181,"4,813",ٱِسْتِيعَاب,noun,3,D=,Open,3,1,20,2,47,ن,14
180,"4,827",إِنْسَانِيّ,adj,3,D=,Open,4,1,20,2,48,س,15
180,"4,827",فَلَاح,noun,4,D=,Open,2,1,20,2,54,س,15
180,"4,827",ٱِسْتَبْشَر,verb,4,D=,Open,3,1,20,2,55,ع,16
180,"4,827",قَاضِي,noun,4,D~,Open,2,2,20,2,58,ع,16
180,"4,827",أَغَرّ,noun,4,MSA,Open,2,4,20,2,66,ف,17
180,"4,827",عَدَّاء,noun,4,MSA,Open,2,4,20,2,66,ف,17
180,"4,827",إِطَاحَة,noun,4,MSA,Open,3,4,20,2,67,ف,17
180,"4,827",تَعَقُّل,noun,4,MSA,Open,3,4,20,2,67,ف,17
180,"4,827",مُدِيرِيَّة,noun,4,MSA,Open,4,4,20,2,68,ف,17
180,"4,827",مُسْتَحِقّ,adj,5,D~,Open,3,2,20,2,68,ف,17
180,"4,827",دَرَج,noun,1,D=,Open,1,1,20,2,29,ك,11
180,"4,827",حَرَام,noun,2,D=,Open,2,1,20,2,38,م,13
180,"4,827",حَكِيم,adj,2,D=,Open,2,1,20,2,38,م,13
180,"4,827",صَنَم,noun,2,D=,Open,2,1,20,2,38,م,13
180,"4,827",خُلَاصَة,noun,2,D=,Open,3,1,20,2,39,م,13
180,"4,827",وَضَّح,verb,2,D=,Open,3,1,20,2,39,م,13
180,"4,827",مُلَثَّم,adj,2,D~,Open,3,2,20,2,41,م,13
180,"4,827",ٱِحْتَجّ,verb,3,D=,Open,2,1,20,2,46,ن,14
180,"4,827",حَافِل,adj,3,D=,Open,2,1,20,2,46,ن,14
180,"4,827",ٱِقْتَحَم,verb,3,D=,Open,3,1,20,2,47,ن,14
179,"4,847",سَكَت,verb,3,D~XP,Open,2,3,20,2,52,س,15
179,"4,847",شَاع,verb,4,D=,Open,2,1,20,2,54,س,15
179,"4,847",عُلُوّ,noun,4,D=,Open,2,1,20,2,54,س,15
179,"4,847",عَجِيبَة,noun,4,D=,Open,3,1,20,2,55,ع,16
179,"4,847",ٱِدَّخَر,verb,3,MSA,Open,3,4,20,2,56,ع,16
179,"4,847",ٱِسْتَحْسَن,verb,3,MSA,Open,3,4,20,2,56,ع,16
179,"4,847",طَقْس,noun,4,D~,Open,1,2,20,2,57,ع,16
179,"4,847",قَضِيب,noun,4,D~,Open,2,2,20,2,58,ع,16
179,"4,847",صَكّ,noun,4,MSA,Open,1,4,20,2,65,ف,17
179,"4,847",جُمُود,noun,4,MSA,Open,2,4,20,2,66,ف,17
179,"4,847",عَبَأ,verb,4,MSA,Open,2,4,20,2,66,ف,17
179,"4,847",عِرْقِيّ,adj,4,MSA,Open,2,4,20,2,66,ف,17
179,"4,847",سِرّ,noun,5,MSA,Open,1,4,20,2,76,ق,19
179,"4,847",طَيّ,noun,5,MSA,Open,1,4,20,2,76,ق,19
179,"4,847",آفِل,noun,5,MSA,Open,2,4,20,2,77,ق,19
179,"4,847",ٱِنْتِدَاب,noun,5,MSA,Open,3,4,20,2,78,ق,19
179,"4,847",بَطِيء,adj,1,D=,Open,2,1,20,2,30,ك,11
179,"4,847",سَهَر,noun,1,D=,Open,2,1,20,2,30,ك,11
179,"4,847",كَاذِب,adj,1,D~XP,Open,2,3,20,2,32,ك,11
179,"4,847",حَاصَر,verb,3,D=,Open,2,1,20,2,46,ن,14
179,"4,847",فَسِيح,adj,3,D=,Open,2,1,20,2,46,ن,14
174,"4,868",أَرْبَعُون,adj_num,1,D=,Closed,4,1,20,1,31,ك,11
162,"4,869",أَه,interj,1,D=,Closed,1,1,20,1,28,ي,10
154,"4,870",مَا,pron_rel,1,MSA,Closed,1,4,20,1,31,ك,11
145,"4,871",عَوَض,noun_prop,3,D=,Closed,2,1,20,1,43,ن,14
142,"4,872",ٱِنْفَكّ,verb.kAn,4,MSA,Closed,3,4,20,1,63,ف,17
140,"4,873",عَلَّ,verb_pseudo,4,MSA,Closed,2,4,20,1,62,ع,16
130,"4,874",بَتَّة,noun,5,MSA,Closed,2,4,20,1,72,ص,18
127,"4,875",حَسَب,noun,3,MSA,Closed,1,4,21,1,52,س,15
125,"4,876",مِنْ,prep,1,D=,Closed,1,1,21,1,29,ك,11
121,"4,877",أَمْسَى,verb,2,MSA,Closed,2,4,21,1,43,ن,14
119,"4,878",مَا,part_neg,2,MSA,Closed,2,4,21,1,43,ن,14
117,"4,879",خَمْسَمِائَة,noun_num,2,D~,Closed,4,2,21,1,41,م,13
114,"4,880",كَلَّا,interj,3,MSA,Closed,2,4,21,1,53,س,15
114,"4,880",أَنَّى,adv_rel,4,MSA,Closed,2,4,21,1,63,ف,17
113,"4,882",كَ,prep,2,MSA,Closed,1,4,21,1,42,ن,14
112,"4,883",عَدَا,verb,4,D=,Closed,2,1,21,1,51,س,15
111,"4,884",حَالِم,noun,3,MSA,Closed,3,4,21,1,54,س,15
105,"4,885",تِلْو,noun,3,MSA,Closed,1,4,21,1,52,س,15
105,"4,885",أَيْنَمَا,adv_rel,3,MSA,Closed,3,4,21,1,54,س,15
104,"4,887",طَالَمَا,conj_sub,3,MSA,Closed,3,4,21,1,54,س,15
102,"4,888",ضِعْف,noun_quant,2,D=,Closed,1,1,21,1,36,ل,12
101,"4,889",سِتُّون,noun_num,1,D=,Closed,3,1,21,1,31,ك,11
100,"4,890",حِينَذَاكْ,adv,4,MSA,Closed,3,4,21,1,64,ف,17
98,"4,891",بَعْدَئِذٍ,adv,4,MSA,Closed,4,4,21,1,65,ف,17
94,"4,892",كَيْفَمَا,adv_rel,5,MSA,Closed,3,4,21,1,74,ص,18
89,"4,893",ثَلَاثَمِائَة,noun_num,2,D~,Closed,5,2,21,1,42,ن,14
88,"4,894",هَٰذَا,pron_dem,5,MSA,Closed,2,4,21,1,73,ص,18
88,"4,894",خلة,noun_prop,4,MSA,Closed,2,4,21,1,63,ف,17
76,"4,896",عَسَا,verb,3,MSA,Closed,2,4,21,1,53,س,15
70,"4,897",وَقْت,adv,2,D~,Closed,1,2,21,1,38,م,13
69,"4,898",هَهُنَا,adv,4,MSA,Closed,3,4,21,1,64,ف,17
69,"4,898",أَنْتُمَا,pron,2,MSA,Closed,3,4,21,1,44,ن,14
67,"4,900",مَاهُوَ,pron_rel,2,MSA,Closed,3,4,21,1,44,ن,14
66,"4,901",بَلَى,interj,2,D=,Closed,2,1,21,1,37,م,13
59,"4,902",أَ,abbrev,3,MSA,Closed,1,4,21,1,52,س,15
59,"4,902",خَمْسُون,noun_num,1,D=,Closed,3,1,21,1,31,ك,11
58,"4,904",نَعَم,interj,3,MSA,Closed,1,4,21,1,52,س,15
58,"4,904",ذَاكَ,pron_dem,5,MSA,Closed,3,4,21,1,74,ص,18
58,"4,904",تِسْعُون,noun_num,1,D=,Closed,3,1,21,1,31,ك,11
57,"4,907",كَمْ,pron_rel,1,D=,Closed,1,1,21,1,29,ك,11
55,"4,908",حَذْو,noun,5,MSA,Closed,1,4,21,1,72,ص,18
46,"4,909",كم,abbrev,1,D=,Closed,1,1,21,1,29,ك,11
44,"4,910",أُولَاءِ,pron_dem,5,MSA,Closed,3,4,21,1,74,ص,18
44,"4,910",زُهَاء,noun_quant,5,MSA,Closed,3,4,21,1,74,ص,18
44,"4,910",حَتَّى,conj,1,D=,Closed,2,1,21,1,30,ك,11
43,"4,913",سَعَى,verb,1,D=,Closed,3,1,21,1,31,ك,11
42,"4,914",أَرْبَعُمِائَة,noun_num,1,D~,Closed,5,2,21,1,34,ل,12
40,"4,915",حَبَّذ,verb,4,MSA,Closed,3,4,21,1,64,ف,17
37,"4,916",بِلْيُون,noun_num,2,D=,Closed,2,1,21,1,37,م,13
37,"4,916",خَمْسِينِيّ,adj,3,D=,Closed,3,1,21,1,45,ن,14
35,"4,918",بِئْسَ,adj,4,MSA,Closed,1,4,21,1,62,ع,16
34,"4,919",قَاب,noun_quant,5,MSA,Closed,1,4,21,1,72,ص,18
33,"4,920",أَوَّه,interj,1,D=,Closed,2,1,21,1,30,ك,11
31,"4,921",ساعَتَئِذٍ,adv,4,MSA,Closed,5,4,21,1,66,ف,17
31,"4,921",لَمْ,part_neg,1,MSA,Closed,2,4,21,1,33,ل,12
28,"4,923",سَبْعُمِائَة,noun_num,2,D~,Closed,4,2,21,1,41,م,13
28,"4,923",سِتَّمِائَة,noun_num,2,D~,Closed,4,2,21,1,41,م,13
26,"4,925",إِذَاً,adv,3,D~,Closed,2,2,21,1,47,ن,14
24,"4,926",فَ,conj,2,D=,Closed,1,1,21,1,36,ل,12
23,"4,927",قيس,noun_prop,5,MSA,Closed,1,4,21,1,72,ص,18
23,"4,927",ذَا,pron_dem,5,MSA,Closed,2,4,21,1,73,ص,18
21,"4,929",مُذّاكَ,adv,5,MSA,Closed,3,4,21,1,74,ص,18
21,"4,929",هَا,pron_dem,4,MSA,Closed,1,4,21,1,62,ع,16
21,"4,929",خَمْسَمِائَة,noun_num,2,D~,Closed,4,2,21,1,41,م,13
21,"4,929",أَيّ,pron_rel,3,D~,Closed,2,2,21,1,47,ن,14
17,"4,933",ثَلَاثَمِائَة,noun_num,2,D~,Closed,5,2,21,1,42,ن,14
16,"4,934",أَنَّى,adv_rel,5,MSA,Closed,1,4,21,1,72,ص,18
16,"4,934",إِم,abbrev,1,MSA,Closed,1,4,21,1,32,ك,11
15,"4,936",ثَمانِمِائَة,noun_num,2,D~,Closed,5,2,21,1,42,ن,14
14,"4,937",مُذْ,noun,4,MSA,Closed,1,4,21,1,62,ع,16
12,"4,938",ثَمَن,noun,3,D~,Closed,2,2,21,1,47,ن,14
11,"4,939",كَيْما,conj_sub,5,MSA,Closed,2,4,21,1,73,ص,18
11,"4,939",لَيْلَتَئِذٍ,adv,4,MSA,Closed,5,4,21,1,66,ف,17
10,"4,941",ذَاكَ,pron_dem,5,MSA,Closed,3,4,21,1,74,ص,18
8,"4,942",يَوْمَذاك,adv,4,MSA,Closed,3,4,21,1,64,ف,17
8,"4,942",لِمَاذَا,adv_rel,1,MSA,Closed,3,4,21,1,34,ل,12
8,"4,942",كَامِل,noun_prop,2,D=,Closed,2,1,21,1,37,م,13
8,"4,942",سُدُس,noun_quant,3,D=,Closed,2,1,21,1,44,ن,14
7,"4,946",جُلّ,noun_quant,4,MSA,Closed,1,4,21,1,62,ع,16
6,"4,947",آنَئِذٍ,adv,4,MSA,Closed,4,4,21,1,65,ف,17
6,"4,947",تِسْعُمِائَة,noun_num,2,D~,Closed,4,2,21,1,41,م,13
6,"4,947",أَرْبَعَمِائَة,noun_num,2,D~,Closed,5,2,21,1,42,ن,14
5,"4,950",ذَا,pron_dem,4,MSA,Closed,2,4,21,1,63,ف,17
5,"4,950",تِسْع,noun_num,3,D=,Closed,2,1,21,1,44,ن,14
4,"4,952",ذَاكَ,pron_dem,5,MSA,Closed,2,4,21,1,73,ص,18
4,"4,952",قَيْد,noun,4,MSA,Closed,1,4,21,1,62,ع,16
4,"4,952",حَنَان,noun,5,CA,Closed,3,5,21,1,79,ق,19
4,"4,952",تِسْعُمِائَة,adj_num,2,D~,Closed,4,2,21,1,41,م,13
3,"4,956",حاشا,prep,4,D=,Closed,2,1,21,1,51,س,15
3,"4,956",إِذْ,conj_sub,3,MSA,Closed,1,4,21,1,52,س,15
3,"4,956",تُرَى,interj,3,MSA,Closed,1,4,21,1,52,س,15
3,"4,956",بِئْسَ,adj,4,MSA,Closed,2,4,21,1,63,ف,17
3,"4,956",نَعَم,interj,4,MSA,Closed,2,4,21,1,63,ف,17
3,"4,956",مَهْمَا,pron_rel,2,D=,Closed,2,1,21,1,37,م,13
3,"4,956",سِتَّمِائَة,noun_num,2,D~,Closed,4,2,21,1,41,م,13
3,"4,956",لِمَ,adv_rel,2,MSA,Closed,2,4,21,1,43,ن,14
3,"4,956",أُولَاءِ,pron_dem,2,MSA,Closed,4,4,21,1,45,ن,14
2,"4,965",وا,noun_prop,3,MSA,Closed,1,4,21,1,52,س,15
2,"4,965",ذَاكَ,pron_dem,5,MSA,Closed,3,4,21,1,74,ص,18
2,"4,965",أَيّ,pron_rel,4,CA,Closed,2,5,21,1,67,ف,17
2,"4,965",هُوَذَا,interj,4,CA,Closed,3,5,21,1,68,ف,17
2,"4,965",بَخ,interj,5,CA,Closed,1,5,21,1,77,ق,19
2,"4,965",ثَمانِمِائَة,adj_num,2,D~,Closed,5,2,21,1,42,ن,14
1,"4,971",ذَا,pron_dem,5,MSA,Closed,2,4,21,1,73,ص,18
1,"4,971",حَتْم,noun,5,MSA,Closed,3,4,21,1,74,ص,18
1,"4,971",عامَذاك,adv,5,MSA,Closed,3,4,21,1,74,ص,18
1,"4,971",رَبّ,noun,4,MSA,Closed,2,4,21,1,63,ف,17
1,"4,971",خَمْس,noun_num,2,D=,Closed,2,1,21,1,37,م,13
1,"4,971",أَنْتُنَّ,pron,2,D~,Closed,3,2,21,1,40,م,13
1,"4,971",سَبْعُمِائَة,adj_num,2,D~,Closed,4,2,21,1,41,م,13
1,"4,971",أَ,abbrev,2,CA,Closed,1,5,21,1,44,ن,14
0,"4,979",شَطْر,noun,3,MSA,Closed,1,4,21,1,52,س,15
0,"4,979",قَطُّ,adv,3,MSA,Closed,1,4,21,1,52,س,15
0,"4,979",سِوَى,noun,3,MSA,Closed,2,4,21,1,53,س,15
0,"4,979",هَٰكَذَا,adv,3,MSA,Closed,2,4,21,1,53,س,15
0,"4,979",حِينَذَاكْ,adv,3,MSA,Closed,3,4,21,1,54,س,15
0,"4,979",تَتْرَى,adv,5,MSA,Closed,2,4,21,1,73,ص,18
0,"4,979",ذَا,pron_dem,5,MSA,Closed,2,4,21,1,73,ص,18
0,"4,979",إِذّاكَ,adv,5,MSA,Closed,3,4,21,1,74,ص,18
0,"4,979",ذَاكَ,pron_dem,5,MSA,Closed,3,4,21,1,74,ص,18
0,"4,979",عِنْدَذاك,adv,5,MSA,Closed,3,4,21,1,74,ص,18
0,"4,979",سَنَتَذاكَ,adv,5,MSA,Closed,4,4,21,1,75,ص,18
0,"4,979",عامَئِذٍ,adv,5,MSA,Closed,4,4,21,1,75,ص,18
0,"4,979",عَمَّئِذٍ,adv,5,MSA,Closed,4,4,21,1,75,ص,18
0,"4,979",أَي,abbrev,3,CA,Closed,1,5,21,1,55,ع,16
0,"4,979",ر,abbrev,5,D=,Closed,1,1,21,1,57,ع,16
0,"4,979",قَاب,noun_quant,4,MSA,Closed,1,4,21,1,62,ع,16
0,"4,979",أَيَّانَ,adv_rel,4,MSA,Closed,3,4,21,1,64,ف,17
0,"4,979",أَيَّانَ,adv_rel,4,MSA,Closed,3,4,21,1,64,ف,17
0,"4,979",مُدْذاكَ,adv,4,MSA,Closed,3,4,21,1,64,ف,17
0,"4,979",قَبْلَئِذٍ,adv,4,MSA,Closed,4,4,21,1,65,ف,17
0,"4,979",لَحْظَتَئِذٍ,adv,5,MSA,Closed,5,4,21,1,76,ق,19
0,"4,979",أَحَال,verb,5,CA,Closed,3,5,21,1,79,ق,19
0,"4,979",الدارة,noun_prop,5,CA,Closed,3,5,21,1,79,ق,19
0,"4,979",عُمْر,noun,5,CA,Closed,3,5,21,1,79,ق,19
0,"4,979",تُفّ,interj,1,D=,Closed,1,1,21,1,29,ك,11
0,"4,979",أُلُو,noun,1,D=,Closed,2,1,21,1,30,ك,11
0,"4,979",سَوَا,adv,1,D=,Closed,2,1,21,1,30,ك,11
0,"4,979",لَبَّي,noun,1,D=,Closed,2,1,21,1,30,ك,11
0,"4,979",خَلَف,noun_prop,2,D=,Closed,1,1,21,1,36,ل,12
0,"4,979",سَبْع,noun,2,D=,Closed,2,1,21,1,37,م,13
0,"4,979",الشبيكة,noun_prop,2,D=,Closed,2,1,21,1,37,م,13
0,"4,979",عُشُر,noun_quant,2,D=,Closed,2,1,21,1,37,م,13
0,"4,979",أَجَل,interj,2,MSA,Closed,2,4,21,1,43,ن,14
0,"4,979",إِيه,abbrev,2,MSA,Closed,2,4,21,1,43,ن,14
0,"4,979",حَادِي,adj_num,2,MSA,Closed,2,4,21,1,43,ن,14